system,pair_type,score
A,genuine,0.6135
A,genuine,0.8688
A,genuine,0.7817
A,genuine,0.8017
A,genuine,0.7004
A,genuine,0.8562
A,genuine,0.6942
A,genuine,0.8037
A,genuine,0.7381
A,genuine,0.5553
A,genuine,0.6776
A,genuine,0.7489
A,genuine,0.8693
A,genuine,0.7962
A,genuine,0.9145
A,genuine,0.7743
A,genuine,0.6898
A,genuine,0.6151
A,genuine,0.8634
A,genuine,0.5361
A,genuine,0.7985
A,genuine,0.8946
A,genuine,0.8922
A,genuine,0.7696
A,genuine,0.9003
A,genuine,0.5332
A,genuine,0.7368
A,genuine,0.7230
A,genuine,0.8238
A,genuine,0.5497
A,genuine,0.8724
A,genuine,0.7418
A,genuine,0.6853
A,genuine,0.8118
A,genuine,0.7271
A,genuine,0.8396
A,genuine,0.6193
A,genuine,0.7353
A,genuine,0.5757
A,genuine,0.7665
A,genuine,0.8549
A,genuine,0.8939
A,genuine,0.5374
A,genuine,0.5492
A,genuine,0.7679
A,genuine,0.9348
A,genuine,0.8453
A,genuine,0.7885
A,genuine,0.8226
A,genuine,0.8934
A,genuine,0.9570
A,genuine,0.8752
A,genuine,0.7905
A,genuine,0.8426
A,genuine,0.8343
A,genuine,0.8128
A,genuine,0.7708
A,genuine,0.9270
A,genuine,0.5866
A,genuine,0.5783
A,genuine,0.8483
A,genuine,0.7399
A,genuine,0.8558
A,genuine,0.5352
A,genuine,0.7985
A,genuine,0.8986
A,genuine,0.8725
A,genuine,0.7796
A,genuine,0.5896
A,genuine,0.7673
A,genuine,0.7512
A,genuine,0.8477
A,genuine,0.7614
A,genuine,0.7729
A,genuine,0.7222
A,genuine,0.8365
A,genuine,0.5394
A,genuine,0.6248
A,genuine,0.6990
A,genuine,0.8797
A,genuine,0.5880
A,genuine,0.8492
A,genuine,0.6850
A,genuine,0.7899
A,genuine,0.7724
A,genuine,0.7892
A,genuine,0.9040
A,genuine,0.6975
A,genuine,0.8238
A,genuine,0.6796
A,genuine,0.8269
A,genuine,0.7128
A,genuine,0.8796
A,genuine,0.7992
A,genuine,0.7672
A,genuine,0.4768
A,genuine,0.8365
A,genuine,0.7511
A,genuine,0.8782
A,genuine,0.8374
A,genuine,0.6165
A,genuine,0.7586
A,genuine,0.7580
A,genuine,0.7732
A,genuine,0.8300
A,genuine,0.8169
A,genuine,0.9136
A,genuine,0.5727
A,genuine,0.6844
A,genuine,0.6199
A,genuine,0.7345
A,genuine,0.6871
A,genuine,0.8718
A,genuine,0.6969
A,genuine,0.8585
A,genuine,0.8711
A,genuine,0.8950
A,genuine,0.7636
A,genuine,0.7267
A,genuine,0.6248
A,genuine,0.7576
A,genuine,0.8287
A,genuine,0.6976
A,genuine,0.5379
A,genuine,0.6842
A,genuine,0.7270
A,genuine,0.5657
A,genuine,0.8743
A,genuine,0.7997
A,genuine,0.8676
A,genuine,0.7468
A,genuine,0.8232
A,genuine,0.5241
A,genuine,0.8388
A,genuine,0.6126
A,genuine,0.8953
A,genuine,0.5045
A,genuine,0.7026
A,genuine,0.7944
A,genuine,0.8082
A,genuine,0.5797
A,genuine,0.6926
A,genuine,0.6503
A,genuine,0.7239
A,genuine,0.8208
A,genuine,0.8426
A,genuine,0.8120
A,genuine,0.6288
A,genuine,0.7878
A,genuine,0.7740
A,genuine,0.6301
A,genuine,0.4718
A,genuine,0.7270
A,genuine,0.7860
A,genuine,0.6850
A,genuine,0.7311
A,genuine,0.8149
A,genuine,0.6284
A,genuine,0.8078
A,genuine,0.7525
A,genuine,0.8610
A,genuine,0.7050
A,genuine,0.7391
A,genuine,0.7918
A,genuine,0.7487
A,genuine,0.7947
A,genuine,0.8256
A,genuine,0.6793
A,genuine,0.7842
A,genuine,0.9383
A,genuine,0.7999
A,genuine,0.7413
A,genuine,0.7938
A,genuine,0.7981
A,genuine,0.6885
A,genuine,0.7302
A,genuine,0.8048
A,genuine,0.8095
A,genuine,0.6804
A,genuine,0.3187
A,genuine,0.6092
A,genuine,0.9656
A,genuine,0.8622
A,genuine,0.6703
A,genuine,0.7098
A,genuine,0.7546
A,genuine,0.7084
A,genuine,0.7152
A,genuine,0.8308
A,genuine,0.8999
A,genuine,0.5540
A,genuine,0.5542
A,genuine,0.8268
A,genuine,0.7858
A,genuine,0.8324
A,genuine,0.8238
A,genuine,0.7169
A,genuine,0.7837
A,genuine,0.6269
A,genuine,0.8111
A,genuine,0.6862
A,genuine,0.8401
A,genuine,0.8509
A,genuine,0.9116
A,genuine,0.5379
A,genuine,0.7866
A,genuine,0.8141
A,genuine,0.9139
A,genuine,0.8310
A,genuine,0.7951
A,genuine,0.6691
A,genuine,0.9005
A,genuine,0.7220
A,genuine,0.6135
A,genuine,0.8453
A,genuine,0.7975
A,genuine,0.8338
A,genuine,0.7339
A,genuine,0.8492
A,genuine,0.8497
A,genuine,0.7355
A,genuine,0.5700
A,genuine,0.4919
A,genuine,0.7259
A,genuine,0.8926
A,genuine,0.6687
A,genuine,0.7332
A,genuine,0.7931
A,genuine,0.6949
A,genuine,0.8833
A,genuine,0.6318
A,genuine,0.9597
A,genuine,0.8851
A,genuine,0.7293
A,genuine,0.9297
A,genuine,0.8408
A,genuine,0.8708
A,genuine,0.6441
A,genuine,0.7932
A,genuine,0.7682
A,genuine,0.7449
A,genuine,0.7559
A,genuine,0.5949
A,genuine,0.7341
A,genuine,0.8356
A,genuine,0.7199
A,genuine,0.9006
A,genuine,0.7563
A,genuine,0.7540
A,genuine,0.7012
A,genuine,0.9065
A,genuine,0.7017
A,genuine,0.8236
A,genuine,0.7700
A,genuine,0.7180
A,genuine,0.8537
A,genuine,0.7758
A,genuine,0.4091
A,genuine,0.7524
A,genuine,0.6515
A,genuine,0.9293
A,genuine,0.6330
A,genuine,0.7522
A,genuine,0.8986
A,genuine,0.7195
A,genuine,0.7883
A,genuine,0.7305
A,genuine,0.9076
A,genuine,0.7952
A,genuine,0.8114
A,genuine,0.6525
A,genuine,0.8856
A,genuine,0.5738
A,genuine,0.8539
A,genuine,0.6400
A,genuine,0.7528
A,genuine,0.8430
A,genuine,0.8706
A,genuine,0.7373
A,genuine,0.8381
A,genuine,0.7322
A,genuine,0.6326
A,genuine,0.9065
A,genuine,0.9108
A,genuine,0.7831
A,genuine,0.9649
A,genuine,0.7278
A,genuine,0.7029
A,genuine,0.5728
A,genuine,0.9212
A,genuine,0.9581
A,genuine,0.9047
A,genuine,0.8203
A,genuine,0.8260
A,genuine,0.7402
A,genuine,0.8262
A,genuine,0.7938
A,genuine,0.6471
A,genuine,0.7421
A,genuine,0.7010
A,genuine,0.5735
A,genuine,0.5812
A,genuine,0.9089
A,genuine,0.7108
A,genuine,0.6929
A,genuine,0.8502
A,genuine,0.7886
A,genuine,0.8522
A,genuine,0.6466
A,genuine,0.8196
A,genuine,0.8475
A,genuine,0.8282
A,genuine,0.6925
A,genuine,0.6068
A,genuine,0.8082
A,genuine,0.9165
A,genuine,0.7993
A,genuine,0.7459
A,genuine,0.8007
A,genuine,0.7985
A,genuine,0.5631
A,genuine,0.8728
A,genuine,0.7494
A,genuine,0.7822
A,genuine,0.7723
A,genuine,0.8162
A,genuine,0.8925
A,genuine,0.5144
A,genuine,0.7035
A,genuine,0.8186
A,genuine,0.7868
A,genuine,0.8099
A,genuine,0.5419
A,genuine,0.7662
A,genuine,0.9777
A,genuine,0.9473
A,genuine,0.8348
A,genuine,0.7742
A,genuine,0.7100
A,genuine,0.6888
A,genuine,0.7647
A,genuine,0.8516
A,genuine,0.8729
A,genuine,0.5709
A,genuine,0.7901
A,genuine,0.7719
A,genuine,0.8026
A,genuine,0.8194
A,genuine,0.8612
A,genuine,0.6578
A,genuine,0.8862
A,genuine,0.5648
A,genuine,0.7607
A,genuine,0.8425
A,genuine,0.5898
A,genuine,0.6776
A,genuine,0.5300
A,genuine,0.7000
A,genuine,0.7611
A,genuine,0.6028
A,genuine,0.7228
A,genuine,0.7049
A,genuine,0.9689
A,genuine,0.8723
A,genuine,0.5855
A,genuine,0.8061
A,genuine,0.6483
A,genuine,0.7972
A,genuine,0.7742
A,genuine,0.7918
A,genuine,0.9329
A,genuine,0.6400
A,genuine,0.6165
A,genuine,0.4188
A,genuine,0.6381
A,genuine,0.9004
A,genuine,0.8755
A,genuine,0.9191
A,genuine,0.4372
A,genuine,0.5386
A,genuine,0.7199
A,genuine,0.9746
A,genuine,0.7710
A,genuine,0.8495
A,genuine,0.7703
A,genuine,0.7944
A,genuine,0.5724
A,genuine,0.9010
A,genuine,0.8276
A,genuine,0.7796
A,genuine,0.9364
A,genuine,0.6520
A,genuine,0.8884
A,genuine,0.5855
A,genuine,0.6112
A,genuine,0.8190
A,genuine,0.7593
A,genuine,0.7778
A,genuine,0.7133
A,genuine,0.7779
A,genuine,0.9780
A,genuine,0.7215
A,genuine,0.6297
A,genuine,0.7555
A,genuine,0.5815
A,genuine,0.7154
A,genuine,0.6256
A,genuine,0.3514
A,genuine,0.6825
A,genuine,0.9335
A,genuine,0.7805
A,genuine,0.7770
A,genuine,0.6921
A,genuine,0.8394
A,genuine,0.8357
A,genuine,0.8266
A,genuine,0.9247
A,genuine,0.7425
A,genuine,0.4005
A,genuine,0.7593
A,genuine,0.8231
A,genuine,0.7584
A,genuine,0.7777
A,genuine,0.7478
A,genuine,0.6483
A,genuine,0.8717
A,genuine,0.8074
A,genuine,0.5670
A,genuine,0.6771
A,genuine,0.8598
A,genuine,0.8817
A,genuine,0.8756
A,genuine,0.8435
A,genuine,0.8948
A,genuine,0.8332
A,genuine,0.8399
A,genuine,0.7814
A,genuine,0.6373
A,genuine,0.6734
A,genuine,0.7728
A,genuine,0.9053
A,genuine,0.5779
A,genuine,0.8916
A,genuine,0.8839
A,genuine,0.8443
A,genuine,0.7825
A,genuine,0.5181
A,genuine,0.8727
A,genuine,0.6499
A,genuine,0.7624
A,genuine,0.8941
A,genuine,0.6198
A,genuine,0.6852
A,genuine,0.6944
A,genuine,0.7554
A,genuine,0.5461
A,genuine,0.4952
A,genuine,0.7045
A,genuine,0.8005
A,genuine,0.8260
A,genuine,0.8723
A,genuine,0.8333
A,genuine,0.8533
A,genuine,0.4343
A,genuine,0.8199
A,genuine,0.7122
A,genuine,0.8256
A,genuine,0.7885
A,genuine,0.9085
A,genuine,0.7037
A,genuine,0.9249
A,genuine,0.7496
A,genuine,0.8711
A,genuine,0.5684
A,genuine,0.7313
A,genuine,0.9336
A,genuine,0.7078
A,genuine,0.7372
A,genuine,0.4335
A,genuine,0.7412
A,genuine,0.8189
A,genuine,0.9744
A,genuine,0.8757
A,genuine,0.7838
A,genuine,0.8341
A,genuine,0.7727
A,genuine,0.7603
A,genuine,0.7345
A,genuine,0.6019
A,genuine,0.8861
A,genuine,0.7466
A,genuine,0.6266
A,genuine,0.5966
A,genuine,0.7160
A,genuine,0.6264
A,genuine,0.5949
A,genuine,0.7353
A,genuine,0.7315
A,genuine,0.7454
A,genuine,0.6110
A,genuine,0.7492
A,genuine,0.7220
A,genuine,0.7368
A,genuine,0.6130
A,genuine,0.7622
A,genuine,0.7525
A,genuine,0.6797
A,genuine,0.8119
A,genuine,0.6883
A,genuine,0.7415
A,genuine,0.7780
A,genuine,0.7385
A,genuine,0.5618
A,genuine,0.6530
A,genuine,0.8754
A,genuine,0.7403
A,genuine,0.7440
A,genuine,0.9244
A,genuine,0.7494
A,genuine,0.6634
A,genuine,0.7163
A,genuine,0.8364
A,genuine,0.9160
A,genuine,0.8109
A,genuine,0.8009
A,genuine,0.8888
A,genuine,0.6659
A,genuine,0.6520
A,genuine,0.6900
A,genuine,0.7900
A,genuine,0.8193
A,genuine,0.8489
A,genuine,0.7666
A,genuine,0.8835
A,genuine,0.8858
A,genuine,0.8293
A,genuine,0.9088
A,genuine,0.5738
A,genuine,0.9126
A,genuine,0.6582
A,genuine,0.9924
A,genuine,0.8164
A,genuine,0.8899
A,genuine,0.8201
A,genuine,0.7990
A,genuine,0.7487
A,genuine,0.7411
A,genuine,0.6654
A,genuine,0.8151
A,genuine,0.9181
A,genuine,0.7599
A,genuine,0.8719
A,genuine,0.6043
A,genuine,0.8650
A,genuine,0.8689
A,genuine,0.9081
A,genuine,0.7392
A,genuine,0.9125
A,genuine,0.5309
A,genuine,0.8588
A,genuine,0.8419
A,genuine,0.7434
A,genuine,0.8087
A,genuine,0.6859
A,genuine,0.7910
A,genuine,0.7296
A,genuine,0.8624
A,genuine,0.7577
A,genuine,0.6920
A,genuine,0.7189
A,genuine,0.3830
A,genuine,0.5633
A,genuine,0.7411
A,genuine,0.6773
A,genuine,0.6430
A,genuine,0.5939
A,genuine,0.9160
A,genuine,0.7888
A,genuine,0.6816
A,genuine,0.6776
A,genuine,0.5555
A,genuine,0.7955
A,genuine,0.8473
A,genuine,0.6969
A,genuine,0.8796
A,genuine,0.7421
A,genuine,0.9033
A,genuine,0.8503
A,genuine,0.5460
A,genuine,0.9110
A,genuine,0.7035
A,genuine,0.6835
A,genuine,0.9249
A,genuine,0.5720
A,genuine,0.9277
A,genuine,0.8451
A,genuine,0.7104
A,genuine,0.7976
A,genuine,0.8411
A,genuine,0.6583
A,genuine,0.7370
A,genuine,0.5481
A,genuine,0.6820
A,genuine,0.7238
A,genuine,0.7127
A,genuine,0.7730
A,genuine,0.7619
A,genuine,0.8719
A,genuine,0.7703
A,genuine,0.8209
A,genuine,0.5124
A,genuine,0.7616
A,genuine,0.7861
A,genuine,0.8378
A,genuine,0.8215
A,genuine,0.7101
A,genuine,0.8799
A,genuine,0.7801
A,genuine,0.7016
A,genuine,0.5924
A,genuine,0.7592
A,genuine,0.9117
A,genuine,0.5727
A,genuine,0.7654
A,genuine,0.7959
A,genuine,0.7493
A,genuine,0.8783
A,genuine,0.6653
A,genuine,0.7553
A,genuine,0.8141
A,genuine,0.6596
A,genuine,0.7538
A,genuine,0.8374
A,genuine,0.5813
A,genuine,0.5060
A,genuine,0.8032
A,genuine,0.8712
A,genuine,0.9464
A,genuine,0.6983
A,genuine,0.6962
A,genuine,0.6535
A,genuine,0.9387
A,genuine,0.9442
A,genuine,0.7391
A,genuine,0.6920
A,genuine,0.7057
A,genuine,0.7931
A,genuine,0.7109
A,genuine,0.6795
A,genuine,0.9012
A,genuine,0.8409
A,genuine,0.7143
A,genuine,0.8487
A,genuine,0.6528
A,genuine,0.8633
A,genuine,0.5134
A,genuine,0.6952
A,genuine,0.7360
A,genuine,0.8020
A,genuine,0.7783
A,genuine,0.5156
A,genuine,0.8075
A,genuine,0.7756
A,genuine,0.8643
A,genuine,0.8879
A,genuine,0.7879
A,genuine,0.6306
A,genuine,0.7991
A,genuine,0.6781
A,genuine,0.9075
A,genuine,0.5815
A,genuine,0.8534
A,genuine,0.8252
A,genuine,0.8355
A,genuine,0.7861
A,genuine,0.8806
A,genuine,0.6342
A,genuine,0.8270
A,genuine,0.9444
A,genuine,0.7060
A,genuine,0.5450
A,genuine,0.8565
A,genuine,0.8868
A,genuine,0.8170
A,genuine,0.4920
A,genuine,0.8712
A,genuine,0.9165
A,genuine,0.7437
A,genuine,0.6509
A,genuine,0.8125
A,genuine,0.8502
A,genuine,0.7291
A,genuine,0.6254
A,genuine,0.5638
A,genuine,0.8340
A,genuine,0.7756
A,genuine,0.7111
A,genuine,0.7364
A,genuine,0.7452
A,genuine,0.7198
A,genuine,0.8327
A,genuine,0.8163
A,genuine,0.7083
A,genuine,0.8292
A,genuine,0.7865
A,genuine,0.8530
A,genuine,0.7105
A,genuine,0.9118
A,genuine,0.8272
A,genuine,0.7713
A,genuine,0.7319
A,genuine,0.8541
A,genuine,0.7475
A,genuine,0.8077
A,genuine,0.9117
A,genuine,0.7724
A,genuine,0.7160
A,genuine,0.5531
A,genuine,0.8034
A,genuine,0.5632
A,genuine,0.8720
A,genuine,0.7990
A,genuine,0.6331
A,genuine,0.9357
A,genuine,0.8564
A,genuine,0.7734
A,genuine,0.7119
A,genuine,0.6789
A,genuine,0.5943
A,genuine,0.8059
A,genuine,0.8046
A,genuine,0.8917
A,genuine,0.6269
A,genuine,0.8661
A,genuine,0.8594
A,genuine,0.7897
A,genuine,0.8639
A,genuine,0.4176
A,genuine,0.9321
A,genuine,0.8138
A,genuine,0.4422
A,genuine,0.6581
A,genuine,0.9063
A,genuine,0.5944
A,genuine,0.6137
A,genuine,0.7854
A,genuine,0.6936
A,genuine,0.9199
A,genuine,0.7804
A,genuine,0.5307
A,genuine,0.6513
A,genuine,0.7045
A,genuine,0.7450
A,genuine,0.8546
A,genuine,0.6796
A,genuine,0.8737
A,genuine,0.7516
A,genuine,0.6318
A,genuine,0.8306
A,genuine,0.7979
A,genuine,0.8493
A,genuine,0.8089
A,genuine,0.7622
A,genuine,0.5132
A,genuine,0.6759
A,genuine,0.8147
A,genuine,0.6779
A,genuine,0.7828
A,genuine,0.7360
A,genuine,0.8845
A,genuine,0.8441
A,genuine,0.7011
A,genuine,0.5210
A,genuine,0.6257
A,genuine,0.8550
A,genuine,0.6133
A,genuine,0.9496
A,genuine,0.5517
A,genuine,0.4774
A,genuine,0.5138
A,genuine,0.8602
A,genuine,0.7751
A,genuine,0.6213
A,genuine,0.5871
A,genuine,0.8329
A,genuine,0.8126
A,genuine,0.9100
A,genuine,0.8256
A,genuine,0.6990
A,genuine,0.8587
A,genuine,0.7102
A,genuine,0.6905
A,genuine,0.9059
A,genuine,0.6138
A,genuine,0.8560
A,genuine,0.6713
A,genuine,0.7734
A,genuine,0.8457
A,genuine,0.6650
A,genuine,0.7540
A,genuine,0.9343
A,genuine,0.6612
A,genuine,0.8601
A,genuine,0.9017
A,genuine,0.7293
A,genuine,0.7245
A,genuine,0.8103
A,genuine,0.6423
A,genuine,0.8279
A,genuine,0.9317
A,genuine,0.7725
A,genuine,0.3892
A,genuine,0.7978
A,genuine,0.5890
A,genuine,0.7981
A,genuine,0.8203
A,genuine,0.8741
A,genuine,0.7323
A,genuine,0.7924
A,genuine,0.6615
A,genuine,0.6073
A,genuine,0.8495
A,genuine,0.5636
A,genuine,0.7065
A,genuine,0.7585
A,genuine,0.7141
A,genuine,0.7224
A,genuine,0.8854
A,genuine,0.7966
A,genuine,0.8190
A,genuine,0.8331
A,genuine,0.6227
A,genuine,0.6286
A,genuine,0.8708
A,genuine,0.6460
A,genuine,0.7640
A,genuine,0.8285
A,genuine,0.6383
A,genuine,0.7115
A,genuine,0.5008
A,genuine,0.7655
A,genuine,0.7861
A,genuine,0.8616
A,genuine,0.8443
A,genuine,0.7577
A,genuine,0.6395
A,genuine,0.8659
A,genuine,0.9155
A,genuine,0.9323
A,genuine,0.7753
A,genuine,0.5298
A,genuine,0.8090
A,genuine,0.8294
A,genuine,0.6900
A,genuine,0.7551
A,genuine,0.7576
A,genuine,0.6704
A,genuine,0.8331
A,genuine,0.5741
A,genuine,0.5948
A,genuine,0.8742
A,genuine,0.6526
A,genuine,0.7951
A,genuine,0.7523
A,genuine,0.6404
A,genuine,0.7473
A,genuine,0.7718
A,genuine,0.7171
A,genuine,0.7674
A,genuine,0.6529
A,genuine,0.6319
A,genuine,0.8605
A,genuine,0.9339
A,genuine,0.6742
A,genuine,0.8598
A,genuine,0.6994
A,genuine,0.8210
A,genuine,0.6130
A,genuine,0.8882
A,genuine,0.6478
A,genuine,0.9019
A,genuine,0.6958
A,genuine,0.7385
A,genuine,0.7599
A,genuine,0.7376
A,genuine,0.8887
A,genuine,0.9596
A,genuine,0.9082
A,genuine,0.8277
A,genuine,0.6983
A,genuine,0.6780
A,genuine,0.7903
A,genuine,0.4948
A,genuine,0.6744
A,genuine,0.7417
A,genuine,0.6089
A,genuine,0.5332
A,genuine,0.6632
A,genuine,0.4331
A,genuine,0.4969
A,genuine,0.7547
A,genuine,0.8237
A,genuine,0.8025
A,genuine,0.6687
A,genuine,0.6708
A,genuine,0.6288
A,genuine,0.6125
A,genuine,0.7581
A,genuine,0.8628
A,genuine,0.7905
A,genuine,0.6535
A,genuine,0.8414
A,genuine,0.7065
A,genuine,0.6793
A,genuine,0.7744
A,genuine,0.7936
A,genuine,0.9416
A,genuine,0.7910
A,genuine,0.8871
A,genuine,0.8476
A,genuine,0.8832
A,genuine,0.7690
A,genuine,0.9592
A,genuine,0.7348
A,genuine,0.6134
A,genuine,0.7986
A,genuine,0.7334
A,genuine,0.6507
A,genuine,0.8358
A,genuine,0.6291
A,genuine,0.8653
A,genuine,0.7610
A,genuine,0.8345
A,genuine,0.6158
A,genuine,0.9579
A,genuine,0.7460
A,genuine,0.9861
A,genuine,0.8357
A,genuine,0.6829
A,genuine,0.6727
A,genuine,0.8463
A,genuine,0.5722
A,genuine,0.6230
A,genuine,0.8419
A,genuine,0.6727
A,genuine,0.8420
A,genuine,0.8998
A,genuine,0.7089
A,genuine,0.6016
A,genuine,0.9171
A,genuine,0.8409
A,genuine,0.7203
A,genuine,0.7739
A,genuine,0.5907
A,genuine,0.8752
A,genuine,0.7199
A,genuine,0.6908
A,genuine,0.5336
A,genuine,0.6176
A,genuine,0.7745
A,genuine,0.9070
A,genuine,0.6858
A,genuine,0.7976
A,genuine,0.7452
A,genuine,0.7313
A,genuine,0.7437
A,genuine,0.8156
A,genuine,0.8856
A,genuine,0.8925
A,genuine,0.8604
A,genuine,0.8242
A,genuine,0.7334
A,genuine,0.7935
A,genuine,0.8911
A,genuine,0.8185
A,genuine,0.7826
A,genuine,0.9031
A,genuine,0.7601
A,genuine,0.5942
A,genuine,0.7273
A,genuine,0.5405
A,genuine,0.6225
A,genuine,0.8343
A,genuine,0.7055
A,genuine,0.7828
A,genuine,0.7498
A,genuine,0.8712
A,genuine,0.7851
A,genuine,0.5433
A,genuine,0.7620
A,genuine,0.6888
A,genuine,0.5319
A,genuine,0.8768
A,genuine,0.7392
A,genuine,0.5337
A,genuine,0.8006
A,genuine,0.7765
A,genuine,0.9311
A,genuine,0.7953
A,genuine,0.8528
A,impostor,0.0834
A,impostor,0.2702
A,impostor,0.3497
A,impostor,0.2551
A,impostor,0.1904
A,impostor,0.0894
A,impostor,0.1537
A,impostor,0.4355
A,impostor,0.3533
A,impostor,0.3572
A,impostor,0.2288
A,impostor,0.4913
A,impostor,0.2661
A,impostor,0.2770
A,impostor,0.2522
A,impostor,0.1574
A,impostor,0.4431
A,impostor,0.5825
A,impostor,0.2908
A,impostor,0.1756
A,impostor,0.2211
A,impostor,0.1756
A,impostor,0.2298
A,impostor,0.5003
A,impostor,0.4251
A,impostor,0.4883
A,impostor,0.3155
A,impostor,0.2770
A,impostor,0.4103
A,impostor,0.3757
A,impostor,0.3759
A,impostor,0.1864
A,impostor,0.2225
A,impostor,0.1134
A,impostor,0.2702
A,impostor,0.3644
A,impostor,0.1886
A,impostor,0.0489
A,impostor,0.2029
A,impostor,0.3467
A,impostor,0.1691
A,impostor,0.1902
A,impostor,0.3319
A,impostor,0.1224
A,impostor,0.4095
A,impostor,0.3081
A,impostor,0.1536
A,impostor,0.3287
A,impostor,0.3731
A,impostor,0.2024
A,impostor,0.2958
A,impostor,0.2832
A,impostor,0.0594
A,impostor,0.5713
A,impostor,0.2552
A,impostor,0.3320
A,impostor,0.1095
A,impostor,0.4306
A,impostor,0.3029
A,impostor,0.1978
A,impostor,0.2537
A,impostor,0.2324
A,impostor,0.2509
A,impostor,0.1851
A,impostor,0.3324
A,impostor,0.1181
A,impostor,0.3408
A,impostor,0.1944
A,impostor,0.2452
A,impostor,0.2471
A,impostor,0.3448
A,impostor,0.3638
A,impostor,0.3242
A,impostor,0.2381
A,impostor,0.1109
A,impostor,0.0465
A,impostor,0.1655
A,impostor,0.4222
A,impostor,0.2776
A,impostor,0.1209
A,impostor,0.5710
A,impostor,0.2344
A,impostor,0.2300
A,impostor,0.2974
A,impostor,0.0838
A,impostor,0.1422
A,impostor,0.1923
A,impostor,0.3202
A,impostor,0.4072
A,impostor,0.1868
A,impostor,0.1499
A,impostor,0.3618
A,impostor,0.3061
A,impostor,0.1389
A,impostor,0.0883
A,impostor,0.3153
A,impostor,0.2593
A,impostor,0.1136
A,impostor,0.1431
A,impostor,0.3564
A,impostor,0.1134
A,impostor,0.2474
A,impostor,0.2586
A,impostor,0.2018
A,impostor,0.3905
A,impostor,0.2015
A,impostor,0.3691
A,impostor,0.4249
A,impostor,0.1888
A,impostor,0.2761
A,impostor,0.4203
A,impostor,0.4519
A,impostor,0.2349
A,impostor,0.2588
A,impostor,0.0750
A,impostor,0.3095
A,impostor,0.3950
A,impostor,0.2754
A,impostor,0.2215
A,impostor,0.0268
A,impostor,0.2070
A,impostor,0.3272
A,impostor,0.3372
A,impostor,0.1813
A,impostor,0.3522
A,impostor,0.1934
A,impostor,0.1356
A,impostor,0.2135
A,impostor,0.1699
A,impostor,0.2598
A,impostor,0.2950
A,impostor,0.3986
A,impostor,0.2478
A,impostor,0.1863
A,impostor,0.2745
A,impostor,0.3078
A,impostor,0.3157
A,impostor,0.2730
A,impostor,0.1772
A,impostor,0.3330
A,impostor,0.1070
A,impostor,0.4107
A,impostor,0.3711
A,impostor,0.3930
A,impostor,0.5401
A,impostor,0.3042
A,impostor,0.2134
A,impostor,0.1059
A,impostor,0.4375
A,impostor,0.3476
A,impostor,0.1907
A,impostor,0.2640
A,impostor,0.3478
A,impostor,0.3269
A,impostor,0.3004
A,impostor,0.1907
A,impostor,0.3876
A,impostor,0.1147
A,impostor,0.5542
A,impostor,0.3555
A,impostor,0.0878
A,impostor,0.2961
A,impostor,0.2955
A,impostor,0.2055
A,impostor,0.0617
A,impostor,0.5913
A,impostor,0.1770
A,impostor,0.2360
A,impostor,0.3837
A,impostor,0.2874
A,impostor,0.1089
A,impostor,0.2030
A,impostor,0.3454
A,impostor,0.0676
A,impostor,0.1119
A,impostor,0.4188
A,impostor,0.3573
A,impostor,0.2559
A,impostor,0.0927
A,impostor,0.2238
A,impostor,0.2752
A,impostor,0.4789
A,impostor,0.3929
A,impostor,0.1633
A,impostor,0.1761
A,impostor,0.0594
A,impostor,0.2273
A,impostor,0.3801
A,impostor,0.3584
A,impostor,0.4126
A,impostor,0.3448
A,impostor,0.3851
A,impostor,0.1698
A,impostor,0.2628
A,impostor,0.2994
A,impostor,0.1012
A,impostor,0.2173
A,impostor,0.2282
A,impostor,0.0594
A,impostor,0.4119
A,impostor,0.1068
A,impostor,0.1236
A,impostor,0.4773
A,impostor,0.5475
A,impostor,0.2912
A,impostor,0.1293
A,impostor,0.0890
A,impostor,0.4180
A,impostor,0.4507
A,impostor,0.4102
A,impostor,0.3768
A,impostor,0.1762
A,impostor,0.1672
A,impostor,0.4049
A,impostor,0.2090
A,impostor,0.2933
A,impostor,0.0559
A,impostor,0.0868
A,impostor,0.1212
A,impostor,0.2029
A,impostor,0.1598
A,impostor,0.2765
A,impostor,0.3175
A,impostor,0.3187
A,impostor,0.0500
A,impostor,0.1626
A,impostor,0.2434
A,impostor,0.3541
A,impostor,0.4960
A,impostor,0.2653
A,impostor,0.3739
A,impostor,0.2366
A,impostor,0.2090
A,impostor,0.3256
A,impostor,0.1260
A,impostor,0.3239
A,impostor,0.1973
A,impostor,0.1044
A,impostor,0.6529
A,impostor,0.2058
A,impostor,0.3475
A,impostor,0.2823
A,impostor,0.1000
A,impostor,0.1915
A,impostor,0.0929
A,impostor,0.3043
A,impostor,0.1299
A,impostor,0.2496
A,impostor,0.1961
A,impostor,0.1538
A,impostor,0.1858
A,impostor,0.1747
A,impostor,0.4499
A,impostor,0.3817
A,impostor,0.2366
A,impostor,0.2334
A,impostor,0.2875
A,impostor,0.0968
A,impostor,0.3939
A,impostor,0.1879
A,impostor,0.4432
A,impostor,0.1059
A,impostor,0.2414
A,impostor,0.2186
A,impostor,0.1028
A,impostor,0.1517
A,impostor,0.3767
A,impostor,0.1002
A,impostor,0.2826
A,impostor,0.2858
A,impostor,0.1158
A,impostor,0.1186
A,impostor,0.3935
A,impostor,0.1680
A,impostor,0.2217
A,impostor,0.2112
A,impostor,0.4250
A,impostor,0.3151
A,impostor,0.0924
A,impostor,0.3948
A,impostor,0.2721
A,impostor,0.0737
A,impostor,0.0811
A,impostor,0.2015
A,impostor,0.5231
A,impostor,0.3861
A,impostor,0.2269
A,impostor,0.1543
A,impostor,0.1437
A,impostor,0.2582
A,impostor,0.3889
A,impostor,0.3256
A,impostor,0.3403
A,impostor,0.2111
A,impostor,0.2957
A,impostor,0.2172
A,impostor,0.2683
A,impostor,0.0837
A,impostor,0.2660
A,impostor,0.0638
A,impostor,0.2376
A,impostor,0.0417
A,impostor,0.2260
A,impostor,0.1930
A,impostor,0.3764
A,impostor,0.2928
A,impostor,0.0503
A,impostor,0.3226
A,impostor,0.1838
A,impostor,0.2274
A,impostor,0.2431
A,impostor,0.2438
A,impostor,0.2315
A,impostor,0.1386
A,impostor,0.2821
A,impostor,0.0767
A,impostor,0.1772
A,impostor,0.3635
A,impostor,0.1348
A,impostor,0.1757
A,impostor,0.1761
A,impostor,0.0952
A,impostor,0.3785
A,impostor,0.2761
A,impostor,0.1709
A,impostor,0.1851
A,impostor,0.4814
A,impostor,0.2636
A,impostor,0.4665
A,impostor,0.1686
A,impostor,0.2410
A,impostor,0.2742
A,impostor,0.3156
A,impostor,0.0611
A,impostor,0.1843
A,impostor,0.3809
A,impostor,0.3502
A,impostor,0.2453
A,impostor,0.1357
A,impostor,0.0852
A,impostor,0.1727
A,impostor,0.1481
A,impostor,0.5053
A,impostor,0.4499
A,impostor,0.1525
A,impostor,0.1857
A,impostor,0.5214
A,impostor,0.2433
A,impostor,0.1499
A,impostor,0.0615
A,impostor,0.2399
A,impostor,0.6608
A,impostor,0.2948
A,impostor,0.1047
A,impostor,0.1704
A,impostor,0.2675
A,impostor,0.1163
A,impostor,0.0767
A,impostor,0.2645
A,impostor,0.3187
A,impostor,0.1225
A,impostor,0.1876
A,impostor,0.1345
A,impostor,0.5368
A,impostor,0.2980
A,impostor,0.3554
A,impostor,0.1618
A,impostor,0.5010
A,impostor,0.2506
A,impostor,0.2710
A,impostor,0.4478
A,impostor,0.4377
A,impostor,0.3244
A,impostor,0.2200
A,impostor,0.2359
A,impostor,0.1186
A,impostor,0.3428
A,impostor,0.3256
A,impostor,0.3821
A,impostor,0.0827
A,impostor,0.4364
A,impostor,0.5611
A,impostor,0.0539
A,impostor,0.1472
A,impostor,0.4468
A,impostor,0.2428
A,impostor,0.2603
A,impostor,0.2665
A,impostor,0.1207
A,impostor,0.3481
A,impostor,0.2569
A,impostor,0.3160
A,impostor,0.2062
A,impostor,0.2793
A,impostor,0.4143
A,impostor,0.2104
A,impostor,0.3150
A,impostor,0.3746
A,impostor,0.0623
A,impostor,0.2911
A,impostor,0.2051
A,impostor,0.1433
A,impostor,0.0659
A,impostor,0.1569
A,impostor,0.3534
A,impostor,0.1147
A,impostor,0.5481
A,impostor,0.1150
A,impostor,0.3297
A,impostor,0.1516
A,impostor,0.2023
A,impostor,0.2152
A,impostor,0.1761
A,impostor,0.1791
A,impostor,0.1948
A,impostor,0.1754
A,impostor,0.1255
A,impostor,0.1111
A,impostor,0.1574
A,impostor,0.3440
A,impostor,0.0303
A,impostor,0.1363
A,impostor,0.2133
A,impostor,0.2459
A,impostor,0.3603
A,impostor,0.1995
A,impostor,0.1643
A,impostor,0.2305
A,impostor,0.2978
A,impostor,0.0723
A,impostor,0.1544
A,impostor,0.2895
A,impostor,0.2139
A,impostor,0.2585
A,impostor,0.3878
A,impostor,0.3886
A,impostor,0.4095
A,impostor,0.1684
A,impostor,0.3220
A,impostor,0.2666
A,impostor,0.4606
A,impostor,0.3439
A,impostor,0.3912
A,impostor,0.3388
A,impostor,0.2775
A,impostor,0.3335
A,impostor,0.1069
A,impostor,0.4915
A,impostor,0.1328
A,impostor,0.1691
A,impostor,0.4179
A,impostor,0.2689
A,impostor,0.1528
A,impostor,0.1058
A,impostor,0.4017
A,impostor,0.1138
A,impostor,0.1955
A,impostor,0.2572
A,impostor,0.2982
A,impostor,0.2137
A,impostor,0.5665
A,impostor,0.1566
A,impostor,0.3881
A,impostor,0.2062
A,impostor,0.0846
A,impostor,0.2006
A,impostor,0.2437
A,impostor,0.3529
A,impostor,0.3307
A,impostor,0.0661
A,impostor,0.3399
A,impostor,0.2505
A,impostor,0.1914
A,impostor,0.3500
A,impostor,0.2872
A,impostor,0.3846
A,impostor,0.2226
A,impostor,0.1721
A,impostor,0.0889
A,impostor,0.0936
A,impostor,0.3008
A,impostor,0.1456
A,impostor,0.3611
A,impostor,0.3042
A,impostor,0.3728
A,impostor,0.2100
A,impostor,0.2005
A,impostor,0.2282
A,impostor,0.2709
A,impostor,0.2063
A,impostor,0.3216
A,impostor,0.2293
A,impostor,0.1177
A,impostor,0.5264
A,impostor,0.1040
A,impostor,0.2778
A,impostor,0.1838
A,impostor,0.3004
A,impostor,0.2605
A,impostor,0.1438
A,impostor,0.4069
A,impostor,0.2353
A,impostor,0.3944
A,impostor,0.3127
A,impostor,0.2911
A,impostor,0.3289
A,impostor,0.0422
A,impostor,0.1109
A,impostor,0.2055
A,impostor,0.2613
A,impostor,0.2111
A,impostor,0.1508
A,impostor,0.2741
A,impostor,0.2895
A,impostor,0.2909
A,impostor,0.1426
A,impostor,0.1537
A,impostor,0.2515
A,impostor,0.2595
A,impostor,0.2788
A,impostor,0.1557
A,impostor,0.2527
A,impostor,0.1400
A,impostor,0.3278
A,impostor,0.3026
A,impostor,0.1728
A,impostor,0.3660
A,impostor,0.1920
A,impostor,0.4276
A,impostor,0.4034
A,impostor,0.2445
A,impostor,0.2385
A,impostor,0.2333
A,impostor,0.3552
A,impostor,0.6576
A,impostor,0.4565
A,impostor,0.1189
A,impostor,0.3636
A,impostor,0.1198
A,impostor,0.2646
A,impostor,0.1953
A,impostor,0.3073
A,impostor,0.2707
A,impostor,0.3198
A,impostor,0.5037
A,impostor,0.1878
A,impostor,0.1256
A,impostor,0.1488
A,impostor,0.2550
A,impostor,0.2032
A,impostor,0.2213
A,impostor,0.1830
A,impostor,0.0895
A,impostor,0.2380
A,impostor,0.2413
A,impostor,0.1586
A,impostor,0.1736
A,impostor,0.1195
A,impostor,0.4107
A,impostor,0.2913
A,impostor,0.1682
A,impostor,0.4399
A,impostor,0.1575
A,impostor,0.2642
A,impostor,0.2675
A,impostor,0.1877
A,impostor,0.1658
A,impostor,0.1822
A,impostor,0.2676
A,impostor,0.3820
A,impostor,0.5001
A,impostor,0.3127
A,impostor,0.1860
A,impostor,0.1837
A,impostor,0.2407
A,impostor,0.3141
A,impostor,0.1847
A,impostor,0.0403
A,impostor,0.4155
A,impostor,0.1682
A,impostor,0.2690
A,impostor,0.3252
A,impostor,0.1144
A,impostor,0.1690
A,impostor,0.4057
A,impostor,0.2283
A,impostor,0.2642
A,impostor,0.2479
A,impostor,0.4406
A,impostor,0.2904
A,impostor,0.2064
A,impostor,0.3283
A,impostor,0.3997
A,impostor,0.5200
A,impostor,0.1846
A,impostor,0.6345
A,impostor,0.1140
A,impostor,0.6352
A,impostor,0.1840
A,impostor,0.4413
A,impostor,0.4274
A,impostor,0.2500
A,impostor,0.4920
A,impostor,0.1762
A,impostor,0.1966
A,impostor,0.3016
A,impostor,0.2752
A,impostor,0.1866
A,impostor,0.1927
A,impostor,0.0299
A,impostor,0.3279
A,impostor,0.3028
A,impostor,0.1633
A,impostor,0.6145
A,impostor,0.1327
A,impostor,0.1808
A,impostor,0.1303
A,impostor,0.1950
A,impostor,0.2125
A,impostor,0.2006
A,impostor,0.3695
A,impostor,0.2059
A,impostor,0.2146
A,impostor,0.3301
A,impostor,0.1800
A,impostor,0.1893
A,impostor,0.2313
A,impostor,0.5413
A,impostor,0.3918
A,impostor,0.4840
A,impostor,0.2014
A,impostor,0.2430
A,impostor,0.1125
A,impostor,0.0471
A,impostor,0.2466
A,impostor,0.4945
A,impostor,0.0734
A,impostor,0.2844
A,impostor,0.0810
A,impostor,0.2451
A,impostor,0.4424
A,impostor,0.1362
A,impostor,0.1646
A,impostor,0.3123
A,impostor,0.1955
A,impostor,0.1975
A,impostor,0.1965
A,impostor,0.2971
A,impostor,0.4308
A,impostor,0.2191
A,impostor,0.3519
A,impostor,0.2035
A,impostor,0.3440
A,impostor,0.2659
A,impostor,0.0626
A,impostor,0.2147
A,impostor,0.0680
A,impostor,0.1778
A,impostor,0.0541
A,impostor,0.1217
A,impostor,0.4129
A,impostor,0.3129
A,impostor,0.1794
A,impostor,0.0633
A,impostor,0.3185
A,impostor,0.4141
A,impostor,0.1496
A,impostor,0.0934
A,impostor,0.3479
A,impostor,0.1350
A,impostor,0.5930
A,impostor,0.4687
A,impostor,0.3466
A,impostor,0.1449
A,impostor,0.1699
A,impostor,0.1294
A,impostor,0.1505
A,impostor,0.1494
A,impostor,0.1445
A,impostor,0.3415
A,impostor,0.1758
A,impostor,0.2895
A,impostor,0.1335
A,impostor,0.2006
A,impostor,0.1820
A,impostor,0.5452
A,impostor,0.1390
A,impostor,0.0830
A,impostor,0.1789
A,impostor,0.2561
A,impostor,0.0991
A,impostor,0.2616
A,impostor,0.2621
A,impostor,0.2961
A,impostor,0.0910
A,impostor,0.4156
A,impostor,0.1578
A,impostor,0.2323
A,impostor,0.1381
A,impostor,0.2456
A,impostor,0.2357
A,impostor,0.5190
A,impostor,0.2476
A,impostor,0.2119
A,impostor,0.2783
A,impostor,0.1316
A,impostor,0.1761
A,impostor,0.2902
A,impostor,0.1183
A,impostor,0.2720
A,impostor,0.2145
A,impostor,0.3885
A,impostor,0.1639
A,impostor,0.4213
A,impostor,0.2021
A,impostor,0.2100
A,impostor,0.1373
A,impostor,0.2995
A,impostor,0.3714
A,impostor,0.1663
A,impostor,0.5306
A,impostor,0.3374
A,impostor,0.0845
A,impostor,0.3546
A,impostor,0.2719
A,impostor,0.1943
A,impostor,0.2102
A,impostor,0.2631
A,impostor,0.1350
A,impostor,0.3038
A,impostor,0.4375
A,impostor,0.1350
A,impostor,0.2331
A,impostor,0.1612
A,impostor,0.5517
A,impostor,0.2465
A,impostor,0.3006
A,impostor,0.1039
A,impostor,0.3122
A,impostor,0.4292
A,impostor,0.2283
A,impostor,0.2067
A,impostor,0.0940
A,impostor,0.3533
A,impostor,0.2422
A,impostor,0.3289
A,impostor,0.5245
A,impostor,0.1243
A,impostor,0.3189
A,impostor,0.3252
A,impostor,0.2966
A,impostor,0.4440
A,impostor,0.0586
A,impostor,0.1362
A,impostor,0.2324
A,impostor,0.1377
A,impostor,0.2434
A,impostor,0.1355
A,impostor,0.2921
A,impostor,0.0256
A,impostor,0.4792
A,impostor,0.4159
A,impostor,0.1477
A,impostor,0.2687
A,impostor,0.1974
A,impostor,0.0702
A,impostor,0.4662
A,impostor,0.1781
A,impostor,0.1419
A,impostor,0.1628
A,impostor,0.1562
A,impostor,0.5497
A,impostor,0.3018
A,impostor,0.3376
A,impostor,0.1497
A,impostor,0.3808
A,impostor,0.1868
A,impostor,0.2099
A,impostor,0.1899
A,impostor,0.2444
A,impostor,0.6110
A,impostor,0.1289
A,impostor,0.3472
A,impostor,0.1613
A,impostor,0.1096
A,impostor,0.1724
A,impostor,0.5505
A,impostor,0.3270
A,impostor,0.2205
A,impostor,0.2414
A,impostor,0.2386
A,impostor,0.1738
A,impostor,0.1499
A,impostor,0.2060
A,impostor,0.4424
A,impostor,0.1055
A,impostor,0.1566
A,impostor,0.2946
A,impostor,0.0436
A,impostor,0.3196
A,impostor,0.2241
A,impostor,0.3341
A,impostor,0.1629
A,impostor,0.1121
A,impostor,0.5410
A,impostor,0.1062
A,impostor,0.2506
A,impostor,0.2506
A,impostor,0.2769
A,impostor,0.1098
A,impostor,0.2785
A,impostor,0.4484
A,impostor,0.2918
A,impostor,0.4877
A,impostor,0.2785
A,impostor,0.3473
A,impostor,0.2891
A,impostor,0.4679
A,impostor,0.3673
A,impostor,0.2567
A,impostor,0.3046
A,impostor,0.2448
A,impostor,0.1593
A,impostor,0.3941
A,impostor,0.5644
A,impostor,0.2848
A,impostor,0.1101
A,impostor,0.1421
A,impostor,0.0583
A,impostor,0.2139
A,impostor,0.1787
A,impostor,0.2102
A,impostor,0.3054
A,impostor,0.3126
A,impostor,0.1420
A,impostor,0.2868
A,impostor,0.3831
A,impostor,0.1316
A,impostor,0.3110
A,impostor,0.2698
A,impostor,0.1074
A,impostor,0.3688
A,impostor,0.2015
A,impostor,0.3277
A,impostor,0.1135
A,impostor,0.3927
A,impostor,0.1235
A,impostor,0.1351
A,impostor,0.1894
A,impostor,0.1555
A,impostor,0.1761
A,impostor,0.1529
A,impostor,0.2226
A,impostor,0.1625
A,impostor,0.3674
A,impostor,0.1373
A,impostor,0.1676
A,impostor,0.1108
A,impostor,0.3751
A,impostor,0.1648
A,impostor,0.1017
A,impostor,0.2434
A,impostor,0.1600
A,impostor,0.2020
A,impostor,0.2832
A,impostor,0.1596
A,impostor,0.2469
A,impostor,0.4497
A,impostor,0.3092
A,impostor,0.4057
A,impostor,0.2384
A,impostor,0.3517
A,impostor,0.2947
A,impostor,0.2860
A,impostor,0.4216
A,impostor,0.4514
A,impostor,0.2123
A,impostor,0.3393
A,impostor,0.2915
A,impostor,0.3474
A,impostor,0.1937
A,impostor,0.2656
A,impostor,0.1861
A,impostor,0.2974
A,impostor,0.2155
A,impostor,0.2347
A,impostor,0.1515
A,impostor,0.2385
A,impostor,0.1688
A,impostor,0.1367
A,impostor,0.1092
A,impostor,0.1097
A,impostor,0.3604
A,impostor,0.3413
A,impostor,0.0826
A,impostor,0.3752
A,impostor,0.3682
A,impostor,0.2325
A,impostor,0.0921
A,impostor,0.1585
A,impostor,0.3789
A,impostor,0.2333
A,impostor,0.1085
A,impostor,0.6245
A,impostor,0.2851
A,impostor,0.2437
A,impostor,0.3218
A,impostor,0.0925
A,impostor,0.4171
A,impostor,0.3963
A,impostor,0.3160
A,impostor,0.3094
A,impostor,0.1615
A,impostor,0.4589
A,impostor,0.0657
A,impostor,0.2838
A,impostor,0.2893
A,impostor,0.1201
A,impostor,0.2122
A,impostor,0.4848
A,impostor,0.2177
A,impostor,0.3108
A,impostor,0.0932
A,impostor,0.0709
A,impostor,0.2848
A,impostor,0.3001
A,impostor,0.1622
A,impostor,0.1449
A,impostor,0.1236
A,impostor,0.2349
A,impostor,0.0947
A,impostor,0.3061
A,impostor,0.2287
A,impostor,0.2715
A,impostor,0.3845
A,impostor,0.1821
A,impostor,0.3004
A,impostor,0.1643
A,impostor,0.2801
A,impostor,0.3780
A,impostor,0.2625
A,impostor,0.2228
A,impostor,0.3982
A,impostor,0.4066
A,impostor,0.2889
A,impostor,0.3155
A,impostor,0.3873
A,impostor,0.1067
A,impostor,0.2281
A,impostor,0.1917
A,impostor,0.1915
A,impostor,0.2410
A,impostor,0.2932
A,impostor,0.1137
A,impostor,0.2850
A,impostor,0.5435
A,impostor,0.2230
A,impostor,0.2939
A,impostor,0.2786
A,impostor,0.1520
A,impostor,0.3560
A,impostor,0.3534
A,impostor,0.3484
A,impostor,0.3268
A,impostor,0.3444
A,impostor,0.2110
A,impostor,0.2389
A,impostor,0.1356
A,impostor,0.2656
A,impostor,0.4283
A,impostor,0.4871
A,impostor,0.3586
A,impostor,0.2256
A,impostor,0.2195
A,impostor,0.4705
A,impostor,0.2163
A,impostor,0.2238
A,impostor,0.1298
A,impostor,0.4102
A,impostor,0.2077
A,impostor,0.4213
A,impostor,0.2314
A,impostor,0.0845
A,impostor,0.2763
A,impostor,0.2374
A,impostor,0.2371
A,impostor,0.2571
A,impostor,0.1068
A,impostor,0.1015
A,impostor,0.2415
A,impostor,0.1621
A,impostor,0.1227
A,impostor,0.2985
A,impostor,0.5152
A,impostor,0.4937
A,impostor,0.2937
A,impostor,0.0999
A,impostor,0.4474
A,impostor,0.1059
A,impostor,0.2629
A,impostor,0.3235
A,impostor,0.3866
A,impostor,0.3089
A,impostor,0.2389
A,impostor,0.2540
A,impostor,0.2163
A,impostor,0.1685
A,impostor,0.4357
A,impostor,0.1577
A,impostor,0.2234
A,impostor,0.3188
A,impostor,0.0931
A,impostor,0.2530
A,impostor,0.3017
A,impostor,0.2477
A,impostor,0.1791
A,impostor,0.1808
A,impostor,0.4031
A,impostor,0.5573
A,impostor,0.3153
A,impostor,0.2655
A,impostor,0.1861
A,impostor,0.1671
A,impostor,0.3331
A,impostor,0.2745
A,impostor,0.2640
A,impostor,0.1158
A,impostor,0.1922
A,impostor,0.1724
A,impostor,0.3166
A,impostor,0.2779
A,impostor,0.1753
A,impostor,0.1970
A,impostor,0.0535
A,impostor,0.2335
A,impostor,0.3142
A,impostor,0.0849
A,impostor,0.1076
A,impostor,0.1215
A,impostor,0.2672
A,impostor,0.2076
A,impostor,0.3024
A,impostor,0.2041
A,impostor,0.2957
A,impostor,0.2594
A,impostor,0.3632
A,impostor,0.3758
A,impostor,0.2417
A,impostor,0.3367
A,impostor,0.2893
A,impostor,0.3956
A,impostor,0.1911
A,impostor,0.1947
A,impostor,0.3152
A,impostor,0.0804
A,impostor,0.2194
A,impostor,0.2005
A,impostor,0.1207
A,impostor,0.3574
A,impostor,0.1789
A,impostor,0.1956
A,impostor,0.1748
A,impostor,0.3349
A,impostor,0.2977
A,impostor,0.0881
A,impostor,0.3363
A,impostor,0.4867
A,impostor,0.1019
A,impostor,0.1003
A,impostor,0.1853
A,impostor,0.0567
A,impostor,0.3630
A,impostor,0.3594
A,impostor,0.2433
A,impostor,0.3702
A,impostor,0.2330
A,impostor,0.2206
A,impostor,0.3190
A,impostor,0.0064
A,impostor,0.2429
A,impostor,0.2130
A,impostor,0.2883
A,impostor,0.0948
A,impostor,0.3363
A,impostor,0.4253
A,impostor,0.3899
A,impostor,0.1402
A,impostor,0.2966
A,impostor,0.3100
A,impostor,0.2573
A,impostor,0.1188
A,impostor,0.2826
A,impostor,0.3367
A,impostor,0.3941
A,impostor,0.0441
A,impostor,0.2614
A,impostor,0.3515
A,impostor,0.0880
A,impostor,0.0809
A,impostor,0.1689
A,impostor,0.2775
A,impostor,0.2093
A,impostor,0.1800
A,impostor,0.2803
A,impostor,0.2424
A,impostor,0.2865
A,impostor,0.1457
A,impostor,0.3047
A,impostor,0.1072
A,impostor,0.0890
A,impostor,0.4517
A,impostor,0.0885
A,impostor,0.2116
A,impostor,0.1405
A,impostor,0.2709
A,impostor,0.2901
A,impostor,0.5183
A,impostor,0.1382
A,impostor,0.2598
A,impostor,0.1469
A,impostor,0.1123
A,impostor,0.3908
A,impostor,0.1287
A,impostor,0.1456
A,impostor,0.3107
A,impostor,0.3544
A,impostor,0.0606
A,impostor,0.2181
A,impostor,0.0946
A,impostor,0.0570
A,impostor,0.5052
A,impostor,0.5262
A,impostor,0.2723
A,impostor,0.4571
A,impostor,0.2315
A,impostor,0.3853
A,impostor,0.1568
A,impostor,0.6095
A,impostor,0.3392
A,impostor,0.2409
A,impostor,0.1141
A,impostor,0.0949
A,impostor,0.2670
A,impostor,0.2555
A,impostor,0.2680
A,impostor,0.2983
A,impostor,0.1916
A,impostor,0.3332
A,impostor,0.1994
A,impostor,0.3526
A,impostor,0.0816
A,impostor,0.4581
A,impostor,0.1164
A,impostor,0.0521
A,impostor,0.2666
A,impostor,0.2041
A,impostor,0.1229
A,impostor,0.1374
A,impostor,0.1926
A,impostor,0.0955
A,impostor,0.2991
A,impostor,0.2230
A,impostor,0.1852
A,impostor,0.1937
A,impostor,0.2179
A,impostor,0.1889
A,impostor,0.4050
A,impostor,0.1138
A,impostor,0.2069
A,impostor,0.0258
A,impostor,0.4407
A,impostor,0.0552
A,impostor,0.2112
A,impostor,0.2485
A,impostor,0.0743
A,impostor,0.3505
A,impostor,0.4858
A,impostor,0.4250
A,impostor,0.2438
A,impostor,0.2152
A,impostor,0.2435
A,impostor,0.1676
A,impostor,0.2938
A,impostor,0.2332
A,impostor,0.0651
A,impostor,0.3553
A,impostor,0.3776
A,impostor,0.3439
A,impostor,0.4438
A,impostor,0.3371
A,impostor,0.1903
A,impostor,0.1239
A,impostor,0.3352
A,impostor,0.1665
A,impostor,0.1707
A,impostor,0.2353
A,impostor,0.1382
A,impostor,0.2601
A,impostor,0.2636
A,impostor,0.4255
A,impostor,0.2151
A,impostor,0.1409
A,impostor,0.3113
A,impostor,0.4709
A,impostor,0.2612
A,impostor,0.2115
A,impostor,0.4889
A,impostor,0.4736
A,impostor,0.3548
A,impostor,0.4173
A,impostor,0.2992
A,impostor,0.2268
A,impostor,0.4011
A,impostor,0.1381
A,impostor,0.3524
A,impostor,0.2297
A,impostor,0.2376
A,impostor,0.1728
A,impostor,0.2472
A,impostor,0.2351
A,impostor,0.1220
A,impostor,0.2129
A,impostor,0.1955
A,impostor,0.1772
A,impostor,0.2927
A,impostor,0.3428
A,impostor,0.3683
A,impostor,0.2099
A,impostor,0.4650
A,impostor,0.1893
A,impostor,0.2299
A,impostor,0.3995
A,impostor,0.2145
A,impostor,0.2456
A,impostor,0.4777
A,impostor,0.4411
A,impostor,0.0506
A,impostor,0.2161
A,impostor,0.4489
A,impostor,0.1288
A,impostor,0.4353
A,impostor,0.1879
A,impostor,0.1478
A,impostor,0.0721
A,impostor,0.3370
A,impostor,0.2130
A,impostor,0.3851
A,impostor,0.2795
A,impostor,0.3215
A,impostor,0.3653
A,impostor,0.3670
A,impostor,0.3071
A,impostor,0.1524
A,impostor,0.3296
A,impostor,0.1966
A,impostor,0.3848
A,impostor,0.2921
A,impostor,0.2389
A,impostor,0.3651
A,impostor,0.1078
A,impostor,0.2896
A,impostor,0.3745
A,impostor,0.3113
A,impostor,0.2842
A,impostor,0.4669
A,impostor,0.2606
A,impostor,0.3649
A,impostor,0.5896
A,impostor,0.1364
A,impostor,0.4278
A,impostor,0.2374
A,impostor,0.3167
A,impostor,0.3338
A,impostor,0.2484
A,impostor,0.3739
A,impostor,0.4699
A,impostor,0.1342
A,impostor,0.3107
A,impostor,0.2580
A,impostor,0.3362
A,impostor,0.3048
A,impostor,0.1924
A,impostor,0.5178
A,impostor,0.3682
A,impostor,0.2224
A,impostor,0.2708
A,impostor,0.1058
A,impostor,0.3795
A,impostor,0.2794
A,impostor,0.3439
A,impostor,0.1831
A,impostor,0.0913
A,impostor,0.2036
A,impostor,0.3429
A,impostor,0.1752
A,impostor,0.3223
A,impostor,0.2362
A,impostor,0.2090
A,impostor,0.3334
A,impostor,0.3637
A,impostor,0.2652
A,impostor,0.3418
A,impostor,0.0522
A,impostor,0.6861
A,impostor,0.1328
A,impostor,0.1695
A,impostor,0.2149
A,impostor,0.1374
A,impostor,0.3169
A,impostor,0.0676
A,impostor,0.4569
A,impostor,0.2422
A,impostor,0.1584
A,impostor,0.1192
A,impostor,0.1592
A,impostor,0.2572
A,impostor,0.4276
A,impostor,0.0888
A,impostor,0.4273
A,impostor,0.2415
A,impostor,0.2987
A,impostor,0.5752
A,impostor,0.4679
A,impostor,0.0860
A,impostor,0.1680
A,impostor,0.3369
A,impostor,0.0583
A,impostor,0.1330
A,impostor,0.3895
A,impostor,0.2411
A,impostor,0.1463
A,impostor,0.0547
A,impostor,0.5585
A,impostor,0.2134
A,impostor,0.6250
A,impostor,0.4250
A,impostor,0.3731
A,impostor,0.1052
A,impostor,0.1787
A,impostor,0.2066
A,impostor,0.1676
A,impostor,0.0971
A,impostor,0.1014
A,impostor,0.2513
A,impostor,0.3394
A,impostor,0.0979
A,impostor,0.0974
A,impostor,0.2105
A,impostor,0.0909
A,impostor,0.3268
A,impostor,0.2326
A,impostor,0.0763
A,impostor,0.2740
A,impostor,0.2589
A,impostor,0.1307
A,impostor,0.2979
A,impostor,0.5383
A,impostor,0.0813
A,impostor,0.1166
A,impostor,0.3743
A,impostor,0.0996
A,impostor,0.3248
A,impostor,0.0358
A,impostor,0.3454
A,impostor,0.2200
A,impostor,0.1472
A,impostor,0.1198
A,impostor,0.1828
A,impostor,0.3153
A,impostor,0.4068
A,impostor,0.4759
A,impostor,0.3158
A,impostor,0.3139
A,impostor,0.2012
A,impostor,0.0910
A,impostor,0.1899
A,impostor,0.2131
A,impostor,0.1197
A,impostor,0.2791
A,impostor,0.3673
A,impostor,0.4413
A,impostor,0.4130
A,impostor,0.2249
A,impostor,0.3952
A,impostor,0.3267
A,impostor,0.6687
A,impostor,0.1184
A,impostor,0.3011
A,impostor,0.1510
A,impostor,0.1831
A,impostor,0.5135
A,impostor,0.1764
A,impostor,0.2647
A,impostor,0.1934
A,impostor,0.2855
A,impostor,0.2406
A,impostor,0.2532
A,impostor,0.3553
A,impostor,0.1222
A,impostor,0.2305
A,impostor,0.2580
A,impostor,0.1157
A,impostor,0.3045
A,impostor,0.1825
A,impostor,0.2547
A,impostor,0.3770
A,impostor,0.2229
A,impostor,0.2342
A,impostor,0.1486
A,impostor,0.1119
A,impostor,0.1361
A,impostor,0.1931
A,impostor,0.1145
A,impostor,0.2916
A,impostor,0.1639
A,impostor,0.1907
A,impostor,0.4214
A,impostor,0.1122
A,impostor,0.3291
A,impostor,0.3623
A,impostor,0.3057
A,impostor,0.1727
A,impostor,0.1971
A,impostor,0.1258
A,impostor,0.2214
A,impostor,0.3864
A,impostor,0.4949
A,impostor,0.3291
A,impostor,0.2091
A,impostor,0.2205
A,impostor,0.1145
A,impostor,0.2003
A,impostor,0.2499
A,impostor,0.2088
A,impostor,0.4932
A,impostor,0.3615
A,impostor,0.3575
A,impostor,0.1724
A,impostor,0.4468
A,impostor,0.1121
A,impostor,0.2236
A,impostor,0.2693
A,impostor,0.4412
A,impostor,0.2606
A,impostor,0.1501
A,impostor,0.1201
A,impostor,0.3303
A,impostor,0.4945
A,impostor,0.0448
A,impostor,0.3189
A,impostor,0.4318
A,impostor,0.2559
A,impostor,0.1756
A,impostor,0.2921
A,impostor,0.2504
A,impostor,0.0588
A,impostor,0.1056
A,impostor,0.2115
A,impostor,0.0901
A,impostor,0.0640
A,impostor,0.3099
A,impostor,0.3811
A,impostor,0.1728
A,impostor,0.0882
A,impostor,0.1835
A,impostor,0.0928
A,impostor,0.0841
A,impostor,0.1725
A,impostor,0.2098
A,impostor,0.3231
A,impostor,0.2882
A,impostor,0.2676
A,impostor,0.3457
A,impostor,0.1338
A,impostor,0.3735
A,impostor,0.1632
A,impostor,0.2457
A,impostor,0.1163
A,impostor,0.1055
A,impostor,0.2831
A,impostor,0.3895
A,impostor,0.0739
A,impostor,0.4860
A,impostor,0.4812
A,impostor,0.5573
A,impostor,0.4705
A,impostor,0.2905
A,impostor,0.2590
A,impostor,0.2177
A,impostor,0.1451
A,impostor,0.2666
A,impostor,0.1754
A,impostor,0.1127
A,impostor,0.4327
A,impostor,0.0419
A,impostor,0.1856
A,impostor,0.3249
A,impostor,0.2372
A,impostor,0.2250
A,impostor,0.2507
A,impostor,0.1561
A,impostor,0.1586
A,impostor,0.2363
A,impostor,0.3243
A,impostor,0.2669
A,impostor,0.2387
A,impostor,0.2788
A,impostor,0.3583
A,impostor,0.2276
A,impostor,0.1115
A,impostor,0.3111
A,impostor,0.1096
A,impostor,0.3035
A,impostor,0.2133
A,impostor,0.2713
A,impostor,0.2857
A,impostor,0.2919
A,impostor,0.1797
A,impostor,0.2611
A,impostor,0.2701
A,impostor,0.1691
A,impostor,0.0551
A,impostor,0.1148
A,impostor,0.1739
A,impostor,0.1702
A,impostor,0.2412
A,impostor,0.3295
A,impostor,0.1993
A,impostor,0.1715
A,impostor,0.2406
A,impostor,0.2691
A,impostor,0.1856
A,impostor,0.3372
A,impostor,0.4743
A,impostor,0.0590
A,impostor,0.1851
A,impostor,0.2179
A,impostor,0.4078
A,impostor,0.3297
A,impostor,0.3933
A,impostor,0.2732
A,impostor,0.2232
A,impostor,0.1281
A,impostor,0.0828
A,impostor,0.1160
A,impostor,0.0906
A,impostor,0.2779
A,impostor,0.3661
A,impostor,0.2661
A,impostor,0.1317
A,impostor,0.1693
A,impostor,0.2208
A,impostor,0.1524
A,impostor,0.1323
A,impostor,0.1436
A,impostor,0.1693
A,impostor,0.1846
A,impostor,0.5343
A,impostor,0.2534
A,impostor,0.4624
A,impostor,0.2188
A,impostor,0.1648
A,impostor,0.1754
A,impostor,0.3690
A,impostor,0.2324
A,impostor,0.3873
A,impostor,0.1227
A,impostor,0.0685
A,impostor,0.1271
A,impostor,0.1545
A,impostor,0.1311
A,impostor,0.3816
A,impostor,0.1920
A,impostor,0.0876
A,impostor,0.1380
A,impostor,0.1282
A,impostor,0.1845
A,impostor,0.4025
A,impostor,0.2503
A,impostor,0.2815
A,impostor,0.2882
A,impostor,0.4216
A,impostor,0.1027
A,impostor,0.3359
A,impostor,0.3111
A,impostor,0.3437
A,impostor,0.1434
A,impostor,0.3268
A,impostor,0.2063
A,impostor,0.0951
A,impostor,0.1210
A,impostor,0.3902
A,impostor,0.0722
A,impostor,0.1396
A,impostor,0.4624
A,impostor,0.4407
A,impostor,0.2172
A,impostor,0.0717
A,impostor,0.3929
A,impostor,0.2311
A,impostor,0.1756
A,impostor,0.4472
A,impostor,0.1830
A,impostor,0.6103
A,impostor,0.1722
A,impostor,0.0822
A,impostor,0.4290
A,impostor,0.1503
A,impostor,0.1931
A,impostor,0.1730
A,impostor,0.1296
A,impostor,0.3335
A,impostor,0.3721
A,impostor,0.0758
A,impostor,0.1196
A,impostor,0.0666
A,impostor,0.1713
A,impostor,0.2273
A,impostor,0.2201
A,impostor,0.2459
A,impostor,0.3874
A,impostor,0.4008
A,impostor,0.2370
A,impostor,0.2259
A,impostor,0.1507
A,impostor,0.3247
A,impostor,0.5775
A,impostor,0.3295
A,impostor,0.2259
A,impostor,0.4510
A,impostor,0.1687
A,impostor,0.2177
A,impostor,0.3813
A,impostor,0.2603
A,impostor,0.4793
A,impostor,0.1543
A,impostor,0.0936
A,impostor,0.0999
A,impostor,0.2826
A,impostor,0.2840
A,impostor,0.1420
A,impostor,0.1468
A,impostor,0.1434
A,impostor,0.1107
A,impostor,0.1135
A,impostor,0.3253
A,impostor,0.2728
A,impostor,0.1286
A,impostor,0.2769
A,impostor,0.4377
A,impostor,0.3493
A,impostor,0.2336
A,impostor,0.2170
A,impostor,0.1878
A,impostor,0.2753
A,impostor,0.4005
A,impostor,0.3323
A,impostor,0.1066
A,impostor,0.2327
A,impostor,0.2618
A,impostor,0.1026
A,impostor,0.0920
A,impostor,0.3225
A,impostor,0.2645
A,impostor,0.2628
A,impostor,0.2372
A,impostor,0.2286
A,impostor,0.1550
A,impostor,0.2282
A,impostor,0.2836
A,impostor,0.1310
A,impostor,0.2146
A,impostor,0.1864
A,impostor,0.0660
A,impostor,0.2533
A,impostor,0.1824
A,impostor,0.2294
A,impostor,0.1176
A,impostor,0.6097
A,impostor,0.3314
A,impostor,0.0875
A,impostor,0.2859
A,impostor,0.1034
A,impostor,0.4671
A,impostor,0.1116
A,impostor,0.0474
A,impostor,0.2469
A,impostor,0.4778
A,impostor,0.1417
A,impostor,0.3836
A,impostor,0.2461
A,impostor,0.2440
A,impostor,0.2768
A,impostor,0.0748
A,impostor,0.0575
A,impostor,0.0989
A,impostor,0.1173
A,impostor,0.2287
A,impostor,0.1689
A,impostor,0.2026
A,impostor,0.3659
A,impostor,0.6521
A,impostor,0.3129
A,impostor,0.0610
A,impostor,0.5253
A,impostor,0.2162
A,impostor,0.0925
A,impostor,0.1725
A,impostor,0.1330
A,impostor,0.1575
A,impostor,0.1042
A,impostor,0.0825
A,impostor,0.3481
A,impostor,0.2400
A,impostor,0.2419
A,impostor,0.2072
A,impostor,0.4278
A,impostor,0.1282
A,impostor,0.2859
A,impostor,0.2096
A,impostor,0.4165
A,impostor,0.2113
A,impostor,0.1844
A,impostor,0.3466
A,impostor,0.2153
A,impostor,0.2955
A,impostor,0.1466
A,impostor,0.5696
A,impostor,0.1048
A,impostor,0.4118
A,impostor,0.0944
A,impostor,0.4290
A,impostor,0.4163
A,impostor,0.4750
A,impostor,0.0270
A,impostor,0.2734
A,impostor,0.2582
A,impostor,0.3016
A,impostor,0.1787
A,impostor,0.1881
A,impostor,0.1233
A,impostor,0.3838
A,impostor,0.2030
A,impostor,0.1910
A,impostor,0.4067
A,impostor,0.1510
A,impostor,0.0944
A,impostor,0.6673
A,impostor,0.1167
A,impostor,0.3045
A,impostor,0.3181
A,impostor,0.2033
A,impostor,0.2727
A,impostor,0.3827
A,impostor,0.2658
A,impostor,0.1764
A,impostor,0.2030
A,impostor,0.0719
A,impostor,0.0680
A,impostor,0.2888
A,impostor,0.4467
A,impostor,0.3962
A,impostor,0.2139
A,impostor,0.4669
A,impostor,0.3934
A,impostor,0.3757
A,impostor,0.3055
A,impostor,0.4181
A,impostor,0.2648
A,impostor,0.3862
A,impostor,0.4270
A,impostor,0.2944
A,impostor,0.1802
A,impostor,0.2864
A,impostor,0.2450
A,impostor,0.3979
A,impostor,0.2659
A,impostor,0.2350
A,impostor,0.4338
A,impostor,0.2686
A,impostor,0.1518
A,impostor,0.2186
A,impostor,0.4119
A,impostor,0.4662
A,impostor,0.1110
A,impostor,0.2819
A,impostor,0.2191
A,impostor,0.4829
A,impostor,0.1347
A,impostor,0.3478
A,impostor,0.1400
A,impostor,0.2700
A,impostor,0.1269
A,impostor,0.2836
A,impostor,0.0930
A,impostor,0.2339
A,impostor,0.2422
A,impostor,0.0627
A,impostor,0.1917
A,impostor,0.2756
A,impostor,0.4074
A,impostor,0.4268
A,impostor,0.1303
A,impostor,0.1005
A,impostor,0.1812
A,impostor,0.2741
A,impostor,0.3004
A,impostor,0.4213
A,impostor,0.3124
A,impostor,0.3862
A,impostor,0.1146
A,impostor,0.3804
A,impostor,0.2861
A,impostor,0.0743
A,impostor,0.2561
A,impostor,0.1505
A,impostor,0.2796
A,impostor,0.2393
A,impostor,0.2571
A,impostor,0.0780
A,impostor,0.2883
A,impostor,0.2823
A,impostor,0.2704
A,impostor,0.1167
A,impostor,0.2184
A,impostor,0.3416
A,impostor,0.1973
A,impostor,0.2715
A,impostor,0.1873
A,impostor,0.1805
A,impostor,0.5835
A,impostor,0.1106
A,impostor,0.0867
A,impostor,0.2482
A,impostor,0.2148
A,impostor,0.3149
A,impostor,0.3628
A,impostor,0.1665
A,impostor,0.3602
A,impostor,0.4967
A,impostor,0.2205
A,impostor,0.2584
A,impostor,0.2605
A,impostor,0.1621
A,impostor,0.2178
A,impostor,0.2158
A,impostor,0.3770
A,impostor,0.2580
A,impostor,0.0798
A,impostor,0.2074
A,impostor,0.2893
A,impostor,0.2975
A,impostor,0.1976
A,impostor,0.2083
A,impostor,0.1428
A,impostor,0.2256
A,impostor,0.2850
A,impostor,0.1163
A,impostor,0.3075
A,impostor,0.1543
A,impostor,0.3088
A,impostor,0.3256
A,impostor,0.2127
A,impostor,0.2828
A,impostor,0.2403
A,impostor,0.2063
A,impostor,0.1440
A,impostor,0.2556
A,impostor,0.3603
A,impostor,0.4428
A,impostor,0.0967
A,impostor,0.1872
A,impostor,0.1013
A,impostor,0.3389
A,impostor,0.3769
A,impostor,0.4498
A,impostor,0.4762
A,impostor,0.1349
A,impostor,0.4128
A,impostor,0.4968
A,impostor,0.2066
A,impostor,0.2434
A,impostor,0.3025
A,impostor,0.4287
A,impostor,0.2818
A,impostor,0.1749
A,impostor,0.1870
A,impostor,0.0578
A,impostor,0.1957
A,impostor,0.1652
A,impostor,0.1775
A,impostor,0.4643
A,impostor,0.1230
A,impostor,0.1018
A,impostor,0.3242
A,impostor,0.2453
A,impostor,0.1029
A,impostor,0.1780
A,impostor,0.1436
A,impostor,0.5748
A,impostor,0.1256
A,impostor,0.2271
A,impostor,0.1786
A,impostor,0.3444
A,impostor,0.3368
A,impostor,0.2057
A,impostor,0.5398
A,impostor,0.1334
A,impostor,0.1810
A,impostor,0.1887
A,impostor,0.2400
A,impostor,0.1831
A,impostor,0.2492
A,impostor,0.2224
A,impostor,0.4688
A,impostor,0.2794
A,impostor,0.2804
A,impostor,0.2724
A,impostor,0.4569
A,impostor,0.1697
A,impostor,0.6028
A,impostor,0.1275
A,impostor,0.1113
A,impostor,0.2398
A,impostor,0.2321
A,impostor,0.4069
A,impostor,0.2747
A,impostor,0.2093
A,impostor,0.2872
A,impostor,0.4284
A,impostor,0.3454
A,impostor,0.1408
A,impostor,0.1509
A,impostor,0.2659
A,impostor,0.1177
A,impostor,0.4166
A,impostor,0.1687
A,impostor,0.3485
A,impostor,0.2790
A,impostor,0.2971
A,impostor,0.3061
A,impostor,0.2219
A,impostor,0.3121
A,impostor,0.1930
A,impostor,0.6591
A,impostor,0.1816
A,impostor,0.2955
A,impostor,0.0620
A,impostor,0.2258
A,impostor,0.3586
A,impostor,0.4612
A,impostor,0.1515
A,impostor,0.3567
A,impostor,0.3547
A,impostor,0.3571
A,impostor,0.3177
A,impostor,0.1923
A,impostor,0.1301
A,impostor,0.2974
A,impostor,0.2182
A,impostor,0.1473
A,impostor,0.2032
A,impostor,0.4983
A,impostor,0.2844
A,impostor,0.4458
A,impostor,0.2483
A,impostor,0.4347
A,impostor,0.1363
A,impostor,0.5881
A,impostor,0.1356
A,impostor,0.2387
A,impostor,0.1010
A,impostor,0.3176
A,impostor,0.3139
A,impostor,0.4248
A,impostor,0.0766
A,impostor,0.1631
A,impostor,0.2704
A,impostor,0.1909
A,impostor,0.3448
A,impostor,0.2270
A,impostor,0.2787
A,impostor,0.2799
A,impostor,0.5835
A,impostor,0.2368
A,impostor,0.1337
A,impostor,0.1448
A,impostor,0.2147
A,impostor,0.3219
A,impostor,0.0921
A,impostor,0.3328
A,impostor,0.1480
A,impostor,0.0669
A,impostor,0.3638
A,impostor,0.4652
A,impostor,0.1953
A,impostor,0.2016
A,impostor,0.1244
A,impostor,0.1526
A,impostor,0.3726
A,impostor,0.2339
A,impostor,0.1800
A,impostor,0.4680
A,impostor,0.2713
A,impostor,0.2775
A,impostor,0.2622
A,impostor,0.3527
A,impostor,0.1376
A,impostor,0.5324
A,impostor,0.2045
A,impostor,0.1423
A,impostor,0.3865
A,impostor,0.3505
A,impostor,0.3156
A,impostor,0.0976
A,impostor,0.4100
A,impostor,0.0431
A,impostor,0.2175
A,impostor,0.1803
A,impostor,0.1172
A,impostor,0.0678
A,impostor,0.3491
A,impostor,0.3685
A,impostor,0.2228
A,impostor,0.3074
A,impostor,0.0898
A,impostor,0.3291
A,impostor,0.2087
A,impostor,0.1258
A,impostor,0.2103
A,impostor,0.4496
A,impostor,0.1072
A,impostor,0.1186
A,impostor,0.1053
A,impostor,0.0760
A,impostor,0.1873
A,impostor,0.1439
A,impostor,0.3042
A,impostor,0.3512
A,impostor,0.3984
A,impostor,0.2272
A,impostor,0.1003
A,impostor,0.2236
A,impostor,0.2436
A,impostor,0.3130
A,impostor,0.4059
A,impostor,0.1572
A,impostor,0.1677
A,impostor,0.0963
A,impostor,0.1048
A,impostor,0.1556
A,impostor,0.1285
A,impostor,0.1230
A,impostor,0.3785
A,impostor,0.1593
A,impostor,0.3478
A,impostor,0.1224
A,impostor,0.1829
A,impostor,0.2240
A,impostor,0.2453
A,impostor,0.1411
A,impostor,0.2465
A,impostor,0.3233
A,impostor,0.6163
A,impostor,0.0873
A,impostor,0.2518
A,impostor,0.3547
A,impostor,0.3353
A,impostor,0.0979
A,impostor,0.1523
A,impostor,0.2330
A,impostor,0.3703
A,impostor,0.1225
A,impostor,0.4186
A,impostor,0.2949
A,impostor,0.0622
A,impostor,0.4911
A,impostor,0.1371
A,impostor,0.0859
A,impostor,0.4051
A,impostor,0.3308
A,impostor,0.2958
A,impostor,0.2873
A,impostor,0.1961
A,impostor,0.4297
A,impostor,0.3546
A,impostor,0.0527
A,impostor,0.1109
A,impostor,0.1134
A,impostor,0.2108
A,impostor,0.3792
A,impostor,0.3019
A,impostor,0.1825
A,impostor,0.3604
A,impostor,0.5814
A,impostor,0.0437
A,impostor,0.1436
A,impostor,0.1710
A,impostor,0.0902
A,impostor,0.1628
A,impostor,0.1444
A,impostor,0.2485
A,impostor,0.0619
A,impostor,0.1161
A,impostor,0.2416
A,impostor,0.2890
A,impostor,0.1876
A,impostor,0.1036
A,impostor,0.2783
A,impostor,0.4050
A,impostor,0.1746
A,impostor,0.3400
A,impostor,0.3988
A,impostor,0.4325
A,impostor,0.1758
A,impostor,0.1756
A,impostor,0.1598
A,impostor,0.1961
A,impostor,0.2821
A,impostor,0.2846
A,impostor,0.5166
A,impostor,0.1509
A,impostor,0.1006
A,impostor,0.4171
A,impostor,0.3742
A,impostor,0.2267
A,impostor,0.0930
A,impostor,0.3272
A,impostor,0.2889
A,impostor,0.1018
A,impostor,0.1295
A,impostor,0.2360
A,impostor,0.3698
A,impostor,0.4365
A,impostor,0.2789
A,impostor,0.1549
A,impostor,0.2020
A,impostor,0.2504
A,impostor,0.2087
A,impostor,0.3386
A,impostor,0.4536
A,impostor,0.2479
A,impostor,0.1799
A,impostor,0.1770
A,impostor,0.2838
A,impostor,0.2766
A,impostor,0.3397
A,impostor,0.2802
A,impostor,0.2408
A,impostor,0.4887
A,impostor,0.1523
A,impostor,0.0972
A,impostor,0.2648
A,impostor,0.1195
A,impostor,0.1466
A,impostor,0.3442
A,impostor,0.0755
A,impostor,0.3465
A,impostor,0.2667
A,impostor,0.3223
A,impostor,0.3845
A,impostor,0.2144
A,impostor,0.2147
A,impostor,0.5984
A,impostor,0.1749
A,impostor,0.1568
A,impostor,0.3313
A,impostor,0.4368
A,impostor,0.3882
A,impostor,0.0735
A,impostor,0.2575
A,impostor,0.1864
A,impostor,0.3541
A,impostor,0.4455
A,impostor,0.1708
A,impostor,0.0687
A,impostor,0.1083
A,impostor,0.4604
A,impostor,0.2332
A,impostor,0.3724
A,impostor,0.2269
A,impostor,0.3392
A,impostor,0.2055
A,impostor,0.5452
A,impostor,0.1666
A,impostor,0.2053
A,impostor,0.4203
A,impostor,0.2622
A,impostor,0.3983
A,impostor,0.2150
A,impostor,0.1762
A,impostor,0.2451
A,impostor,0.3506
A,impostor,0.2324
A,impostor,0.2254
A,impostor,0.2906
A,impostor,0.4406
A,impostor,0.2591
A,impostor,0.1313
A,impostor,0.0594
A,impostor,0.1706
A,impostor,0.2972
A,impostor,0.3022
A,impostor,0.2668
A,impostor,0.0749
A,impostor,0.4502
A,impostor,0.2685
A,impostor,0.1503
A,impostor,0.3254
A,impostor,0.2029
A,impostor,0.2658
A,impostor,0.3716
A,impostor,0.4854
A,impostor,0.1488
A,impostor,0.1578
A,impostor,0.3178
A,impostor,0.0806
A,impostor,0.3466
A,impostor,0.3559
A,impostor,0.2469
A,impostor,0.3127
A,impostor,0.1083
A,impostor,0.1441
A,impostor,0.1700
A,impostor,0.4220
A,impostor,0.3741
A,impostor,0.1854
A,impostor,0.3584
A,impostor,0.5796
A,impostor,0.1860
A,impostor,0.1679
A,impostor,0.3587
A,impostor,0.1869
A,impostor,0.1947
A,impostor,0.3020
A,impostor,0.2089
A,impostor,0.3057
A,impostor,0.4260
A,impostor,0.1836
A,impostor,0.2555
A,impostor,0.3461
A,impostor,0.0595
A,impostor,0.1555
A,impostor,0.0423
A,impostor,0.4664
A,impostor,0.3535
A,impostor,0.1393
A,impostor,0.1612
A,impostor,0.3185
A,impostor,0.2392
A,impostor,0.0931
A,impostor,0.2497
A,impostor,0.3943
A,impostor,0.0600
A,impostor,0.4536
A,impostor,0.5381
A,impostor,0.2296
A,impostor,0.5310
A,impostor,0.3125
A,impostor,0.2738
A,impostor,0.3192
A,impostor,0.3123
A,impostor,0.3227
A,impostor,0.1076
A,impostor,0.3600
A,impostor,0.1250
A,impostor,0.2745
A,impostor,0.0853
A,impostor,0.2772
A,impostor,0.1811
A,impostor,0.2973
A,impostor,0.2590
A,impostor,0.1073
A,impostor,0.3161
A,impostor,0.3395
A,impostor,0.4546
A,impostor,0.3452
A,impostor,0.0878
A,impostor,0.3279
A,impostor,0.3406
A,impostor,0.2020
A,impostor,0.1968
A,impostor,0.2229
A,impostor,0.4581
A,impostor,0.0935
A,impostor,0.1082
A,impostor,0.2122
A,impostor,0.2916
A,impostor,0.2736
A,impostor,0.2177
A,impostor,0.3261
A,impostor,0.1567
A,impostor,0.1822
A,impostor,0.1187
A,impostor,0.3153
A,impostor,0.3968
A,impostor,0.2264
A,impostor,0.3747
A,impostor,0.1394
A,impostor,0.1544
A,impostor,0.2607
A,impostor,0.2392
A,impostor,0.1968
A,impostor,0.2975
A,impostor,0.4980
A,impostor,0.3469
A,impostor,0.4133
A,impostor,0.3200
A,impostor,0.0912
A,impostor,0.3484
A,impostor,0.2281
A,impostor,0.3044
A,impostor,0.2767
A,impostor,0.1045
A,impostor,0.1813
A,impostor,0.1218
A,impostor,0.2169
A,impostor,0.1013
A,impostor,0.1451
A,impostor,0.2279
A,impostor,0.3201
A,impostor,0.5359
A,impostor,0.1952
A,impostor,0.5075
A,impostor,0.2792
A,impostor,0.2053
A,impostor,0.0806
A,impostor,0.0759
A,impostor,0.2852
A,impostor,0.2162
A,impostor,0.1721
A,impostor,0.2917
A,impostor,0.1816
A,impostor,0.2494
A,impostor,0.1359
A,impostor,0.2024
A,impostor,0.1946
A,impostor,0.1763
A,impostor,0.2379
A,impostor,0.2579
A,impostor,0.4069
A,impostor,0.5814
A,impostor,0.3174
A,impostor,0.1653
A,impostor,0.1272
A,impostor,0.0460
A,impostor,0.0921
A,impostor,0.3391
A,impostor,0.3519
A,impostor,0.2934
A,impostor,0.1548
A,impostor,0.3167
A,impostor,0.2549
A,impostor,0.2901
A,impostor,0.2807
A,impostor,0.2143
A,impostor,0.2032
A,impostor,0.1988
A,impostor,0.4435
A,impostor,0.1662
A,impostor,0.1155
A,impostor,0.3889
A,impostor,0.1311
A,impostor,0.3209
A,impostor,0.4079
A,impostor,0.3620
A,impostor,0.0732
A,impostor,0.3313
A,impostor,0.3505
A,impostor,0.1706
A,impostor,0.2688
A,impostor,0.0901
A,impostor,0.0731
A,impostor,0.0649
A,impostor,0.2673
A,impostor,0.4399
A,impostor,0.2455
A,impostor,0.1446
A,impostor,0.3972
A,impostor,0.1497
A,impostor,0.1263
A,impostor,0.2209
A,impostor,0.4293
A,impostor,0.2546
A,impostor,0.3844
A,impostor,0.1582
A,impostor,0.0885
A,impostor,0.3546
A,impostor,0.3442
A,impostor,0.1206
A,impostor,0.3093
A,impostor,0.2075
A,impostor,0.2586
A,impostor,0.0612
A,impostor,0.1932
A,impostor,0.4413
A,impostor,0.2527
A,impostor,0.1667
A,impostor,0.1741
A,impostor,0.3263
A,impostor,0.0461
A,impostor,0.1971
A,impostor,0.1380
A,impostor,0.2900
A,impostor,0.3254
A,impostor,0.3383
A,impostor,0.0773
A,impostor,0.2915
A,impostor,0.1600
A,impostor,0.1913
A,impostor,0.4451
A,impostor,0.2280
A,impostor,0.3187
A,impostor,0.5357
A,impostor,0.2013
A,impostor,0.3838
A,impostor,0.3397
A,impostor,0.2219
A,impostor,0.1594
A,impostor,0.1721
A,impostor,0.1732
A,impostor,0.0760
A,impostor,0.1155
A,impostor,0.2778
A,impostor,0.2168
A,impostor,0.2014
A,impostor,0.3413
A,impostor,0.1543
A,impostor,0.3635
A,impostor,0.4090
A,impostor,0.4586
A,impostor,0.3647
A,impostor,0.2072
A,impostor,0.1652
A,impostor,0.1783
A,impostor,0.3545
A,impostor,0.0886
A,impostor,0.3371
A,impostor,0.0719
A,impostor,0.5550
A,impostor,0.4114
A,impostor,0.0503
A,impostor,0.3628
A,impostor,0.5400
A,impostor,0.2882
A,impostor,0.4121
A,impostor,0.4185
A,impostor,0.3308
A,impostor,0.2620
A,impostor,0.2927
A,impostor,0.1989
A,impostor,0.1244
A,impostor,0.2300
A,impostor,0.0626
A,impostor,0.2737
A,impostor,0.3889
A,impostor,0.2797
A,impostor,0.5485
A,impostor,0.3838
A,impostor,0.2210
A,impostor,0.1065
A,impostor,0.4418
A,impostor,0.1562
A,impostor,0.1616
A,impostor,0.1184
A,impostor,0.1900
A,impostor,0.3803
A,impostor,0.1314
A,impostor,0.1904
A,impostor,0.1644
A,impostor,0.2080
A,impostor,0.2591
A,impostor,0.1982
A,impostor,0.2298
A,impostor,0.2212
A,impostor,0.2234
A,impostor,0.5139
A,impostor,0.1098
A,impostor,0.1056
A,impostor,0.1866
A,impostor,0.2123
A,impostor,0.1636
A,impostor,0.2137
A,impostor,0.0160
A,impostor,0.2758
A,impostor,0.4046
A,impostor,0.1100
A,impostor,0.1181
A,impostor,0.2773
A,impostor,0.2293
A,impostor,0.3733
A,impostor,0.1908
A,impostor,0.1651
A,impostor,0.4763
A,impostor,0.1047
A,impostor,0.3357
A,impostor,0.0933
A,impostor,0.1877
A,impostor,0.1399
A,impostor,0.2133
A,impostor,0.3881
A,impostor,0.2854
A,impostor,0.1362
A,impostor,0.3429
A,impostor,0.1710
A,impostor,0.3055
A,impostor,0.4352
A,impostor,0.4291
A,impostor,0.1184
A,impostor,0.2383
A,impostor,0.2518
A,impostor,0.0887
A,impostor,0.1491
A,impostor,0.1894
A,impostor,0.2513
A,impostor,0.1111
A,impostor,0.1991
A,impostor,0.2207
A,impostor,0.2101
A,impostor,0.1846
A,impostor,0.2018
A,impostor,0.6263
A,impostor,0.4181
A,impostor,0.1176
A,impostor,0.3831
A,impostor,0.1578
A,impostor,0.2910
A,impostor,0.1487
A,impostor,0.3971
A,impostor,0.3101
A,impostor,0.2280
A,impostor,0.4584
A,impostor,0.2971
A,impostor,0.4017
A,impostor,0.3350
A,impostor,0.1931
A,impostor,0.4015
A,impostor,0.1495
A,impostor,0.2855
A,impostor,0.1520
A,impostor,0.2018
A,impostor,0.2868
A,impostor,0.1287
A,impostor,0.1210
A,impostor,0.5411
A,impostor,0.4240
A,impostor,0.2695
A,impostor,0.3761
A,impostor,0.3023
A,impostor,0.1539
A,impostor,0.3600
A,impostor,0.3122
A,impostor,0.4456
A,impostor,0.1289
A,impostor,0.2970
A,impostor,0.5352
A,impostor,0.5355
A,impostor,0.2341
A,impostor,0.2153
A,impostor,0.2604
A,impostor,0.2062
A,impostor,0.0533
A,impostor,0.2487
A,impostor,0.0456
A,impostor,0.3382
A,impostor,0.4036
A,impostor,0.1531
A,impostor,0.3430
A,impostor,0.1225
A,impostor,0.1779
A,impostor,0.2926
A,impostor,0.3881
A,impostor,0.0992
A,impostor,0.3040
A,impostor,0.1674
A,impostor,0.3597
A,impostor,0.3949
A,impostor,0.3494
A,impostor,0.2566
A,impostor,0.6541
A,impostor,0.1336
A,impostor,0.3140
A,impostor,0.4169
A,impostor,0.3226
A,impostor,0.0506
A,impostor,0.0894
A,impostor,0.0874
A,impostor,0.3421
A,impostor,0.3624
A,impostor,0.0422
A,impostor,0.4075
A,impostor,0.3420
A,impostor,0.1413
A,impostor,0.3674
A,impostor,0.4476
A,impostor,0.4599
A,impostor,0.2701
A,impostor,0.0739
A,impostor,0.2910
A,impostor,0.2150
A,impostor,0.1639
A,impostor,0.3216
A,impostor,0.2175
A,impostor,0.1544
A,impostor,0.2028
A,impostor,0.1397
A,impostor,0.0735
A,impostor,0.5446
A,impostor,0.2298
A,impostor,0.1882
A,impostor,0.2793
A,impostor,0.1710
A,impostor,0.2567
A,impostor,0.1901
A,impostor,0.0902
A,impostor,0.0919
A,impostor,0.0811
A,impostor,0.4906
A,impostor,0.1075
A,impostor,0.3398
A,impostor,0.2428
A,impostor,0.3232
A,impostor,0.3780
A,impostor,0.2206
A,impostor,0.2673
A,impostor,0.3494
A,impostor,0.1410
A,impostor,0.2226
A,impostor,0.0780
A,impostor,0.3897
A,impostor,0.1236
A,impostor,0.1002
A,impostor,0.2670
A,impostor,0.1123
A,impostor,0.2964
A,impostor,0.1668
A,impostor,0.3248
A,impostor,0.3158
A,impostor,0.1198
A,impostor,0.1269
A,impostor,0.3118
A,impostor,0.1875
A,impostor,0.3524
A,impostor,0.3203
A,impostor,0.2942
A,impostor,0.1349
A,impostor,0.1410
A,impostor,0.2043
A,impostor,0.2635
A,impostor,0.1133
A,impostor,0.1852
A,impostor,0.2401
A,impostor,0.1456
A,impostor,0.5212
A,impostor,0.1690
A,impostor,0.2611
A,impostor,0.1618
A,impostor,0.2751
A,impostor,0.1305
A,impostor,0.2008
A,impostor,0.2035
A,impostor,0.2556
A,impostor,0.2240
A,impostor,0.2955
A,impostor,0.3368
A,impostor,0.4189
A,impostor,0.0668
A,impostor,0.2442
A,impostor,0.1905
A,impostor,0.5908
A,impostor,0.2089
A,impostor,0.2586
A,impostor,0.4299
A,impostor,0.2035
A,impostor,0.1801
A,impostor,0.1355
A,impostor,0.1539
A,impostor,0.2380
A,impostor,0.4972
A,impostor,0.2023
A,impostor,0.1411
A,impostor,0.0942
A,impostor,0.1275
A,impostor,0.1675
A,impostor,0.2032
A,impostor,0.2513
A,impostor,0.3393
A,impostor,0.2478
A,impostor,0.2119
A,impostor,0.1178
A,impostor,0.1595
A,impostor,0.2777
A,impostor,0.2310
A,impostor,0.4423
A,impostor,0.2034
A,impostor,0.4396
A,impostor,0.3072
A,impostor,0.3596
A,impostor,0.3126
A,impostor,0.2287
A,impostor,0.2328
A,impostor,0.2341
A,impostor,0.4038
A,impostor,0.2727
A,impostor,0.1269
A,impostor,0.1988
A,impostor,0.3652
A,impostor,0.2538
A,impostor,0.1996
A,impostor,0.1727
A,impostor,0.1580
A,impostor,0.3574
A,impostor,0.1988
A,impostor,0.4111
A,impostor,0.3303
A,impostor,0.1469
A,impostor,0.2911
A,impostor,0.1995
A,impostor,0.4405
A,impostor,0.1967
A,impostor,0.1041
A,impostor,0.2286
A,impostor,0.2482
A,impostor,0.4986
A,impostor,0.2218
A,impostor,0.3542
A,impostor,0.3096
A,impostor,0.3590
A,impostor,0.1466
A,impostor,0.0997
A,impostor,0.2324
A,impostor,0.3620
A,impostor,0.1836
A,impostor,0.2784
A,impostor,0.3977
A,impostor,0.2565
A,impostor,0.0953
A,impostor,0.2008
A,impostor,0.3412
A,impostor,0.3180
A,impostor,0.2352
A,impostor,0.2236
A,impostor,0.1268
A,impostor,0.3859
A,impostor,0.1344
A,impostor,0.1557
A,impostor,0.1636
A,impostor,0.5115
A,impostor,0.1940
A,impostor,0.2016
A,impostor,0.2380
A,impostor,0.1175
A,impostor,0.1913
A,impostor,0.4134
A,impostor,0.2944
A,impostor,0.1208
A,impostor,0.2997
A,impostor,0.4346
A,impostor,0.1542
A,impostor,0.0864
A,impostor,0.1081
A,impostor,0.1168
A,impostor,0.2974
A,impostor,0.4091
A,impostor,0.3125
A,impostor,0.0759
A,impostor,0.1276
A,impostor,0.3210
A,impostor,0.2711
A,impostor,0.1164
A,impostor,0.0957
A,impostor,0.2571
A,impostor,0.3767
A,impostor,0.1448
A,impostor,0.0902
A,impostor,0.1856
A,impostor,0.2451
A,impostor,0.5405
A,impostor,0.2525
A,impostor,0.2704
A,impostor,0.3611
A,impostor,0.1124
A,impostor,0.1929
A,impostor,0.0680
A,impostor,0.4461
A,impostor,0.1354
A,impostor,0.4662
A,impostor,0.1295
A,impostor,0.1858
A,impostor,0.2940
A,impostor,0.3140
A,impostor,0.2040
A,impostor,0.2266
A,impostor,0.2972
A,impostor,0.0800
A,impostor,0.1870
A,impostor,0.2892
A,impostor,0.5087
A,impostor,0.4390
A,impostor,0.1822
A,impostor,0.3456
A,impostor,0.1480
A,impostor,0.2141
A,impostor,0.2311
A,impostor,0.0497
A,impostor,0.1801
A,impostor,0.3949
A,impostor,0.1700
A,impostor,0.0618
A,impostor,0.4068
A,impostor,0.5236
A,impostor,0.2320
A,impostor,0.1202
A,impostor,0.2289
A,impostor,0.2227
A,impostor,0.1794
A,impostor,0.1664
A,impostor,0.2371
A,impostor,0.3542
A,impostor,0.1921
A,impostor,0.0749
A,impostor,0.3932
A,impostor,0.1595
A,impostor,0.2552
A,impostor,0.1627
A,impostor,0.4522
A,impostor,0.1641
A,impostor,0.5331
A,impostor,0.2754
A,impostor,0.1543
A,impostor,0.1232
A,impostor,0.1772
A,impostor,0.0319
A,impostor,0.3150
A,impostor,0.4348
A,impostor,0.1520
A,impostor,0.2994
A,impostor,0.1757
A,impostor,0.1745
A,impostor,0.0999
A,impostor,0.3635
A,impostor,0.3324
A,impostor,0.1796
A,impostor,0.2961
A,impostor,0.4418
A,impostor,0.3312
A,impostor,0.1831
A,impostor,0.3710
A,impostor,0.5785
A,impostor,0.0773
A,impostor,0.1993
A,impostor,0.4150
A,impostor,0.1734
A,impostor,0.3636
A,impostor,0.3605
A,impostor,0.3266
A,impostor,0.5179
A,impostor,0.1144
A,impostor,0.1152
A,impostor,0.1172
A,impostor,0.4035
A,impostor,0.2162
A,impostor,0.2283
A,impostor,0.2369
A,impostor,0.4166
A,impostor,0.2225
A,impostor,0.4993
A,impostor,0.4641
A,impostor,0.1635
A,impostor,0.2073
A,impostor,0.2101
A,impostor,0.1713
A,impostor,0.1304
A,impostor,0.2686
A,impostor,0.6568
A,impostor,0.3295
A,impostor,0.2550
A,impostor,0.4026
A,impostor,0.4261
A,impostor,0.3980
A,impostor,0.2195
A,impostor,0.1302
A,impostor,0.3515
A,impostor,0.1991
A,impostor,0.3866
A,impostor,0.2444
A,impostor,0.4667
A,impostor,0.2831
A,impostor,0.3080
A,impostor,0.4717
A,impostor,0.4983
A,impostor,0.3147
A,impostor,0.3437
A,impostor,0.1567
A,impostor,0.0835
A,impostor,0.4388
A,impostor,0.1007
A,impostor,0.3076
A,impostor,0.0569
A,impostor,0.3584
A,impostor,0.2556
A,impostor,0.1777
A,impostor,0.3066
A,impostor,0.3818
A,impostor,0.1239
A,impostor,0.3678
A,impostor,0.1826
A,impostor,0.6810
A,impostor,0.4601
A,impostor,0.2925
A,impostor,0.1741
A,impostor,0.1499
A,impostor,0.5124
A,impostor,0.1465
A,impostor,0.1518
A,impostor,0.3360
A,impostor,0.2818
A,impostor,0.1021
A,impostor,0.3655
A,impostor,0.3180
A,impostor,0.1020
A,impostor,0.3293
A,impostor,0.2116
A,impostor,0.3458
A,impostor,0.1089
A,impostor,0.2130
A,impostor,0.0808
A,impostor,0.1138
A,impostor,0.0563
A,impostor,0.1602
A,impostor,0.3694
A,impostor,0.1470
A,impostor,0.4646
A,impostor,0.3690
A,impostor,0.3739
A,impostor,0.5208
A,impostor,0.4954
A,impostor,0.2035
A,impostor,0.4074
A,impostor,0.1514
A,impostor,0.2509
A,impostor,0.2904
A,impostor,0.3184
A,impostor,0.0880
A,impostor,0.2031
A,impostor,0.2145
A,impostor,0.3126
A,impostor,0.4509
A,impostor,0.2659
A,impostor,0.6399
A,impostor,0.3444
A,impostor,0.1170
A,impostor,0.4113
A,impostor,0.1873
A,impostor,0.3628
A,impostor,0.1618
A,impostor,0.5211
A,impostor,0.2633
A,impostor,0.4659
A,impostor,0.0969
A,impostor,0.2242
A,impostor,0.2191
A,impostor,0.3430
A,impostor,0.3501
A,impostor,0.1874
A,impostor,0.1475
A,impostor,0.1083
A,impostor,0.1305
A,impostor,0.4032
A,impostor,0.1250
A,impostor,0.1227
A,impostor,0.4598
A,impostor,0.1041
A,impostor,0.1017
A,impostor,0.3616
A,impostor,0.2884
A,impostor,0.2228
A,impostor,0.3212
A,impostor,0.3888
A,impostor,0.0885
A,impostor,0.4188
A,impostor,0.6031
A,impostor,0.2085
A,impostor,0.3077
A,impostor,0.0862
A,impostor,0.2639
A,impostor,0.0999
A,impostor,0.1408
A,impostor,0.2896
A,impostor,0.0876
A,impostor,0.2251
A,impostor,0.1574
A,impostor,0.3680
A,impostor,0.2477
A,impostor,0.3980
A,impostor,0.1948
A,impostor,0.2210
A,impostor,0.1380
A,impostor,0.1511
A,impostor,0.4406
A,impostor,0.0677
A,impostor,0.0328
A,impostor,0.2601
A,impostor,0.1103
A,impostor,0.1245
A,impostor,0.2449
A,impostor,0.1812
A,impostor,0.1505
A,impostor,0.2274
A,impostor,0.3067
A,impostor,0.2869
A,impostor,0.2104
A,impostor,0.3778
A,impostor,0.2544
A,impostor,0.3008
A,impostor,0.2497
A,impostor,0.3722
A,impostor,0.3892
A,impostor,0.2905
A,impostor,0.2648
A,impostor,0.1284
A,impostor,0.2293
A,impostor,0.3526
A,impostor,0.1467
A,impostor,0.2539
A,impostor,0.3929
A,impostor,0.2481
A,impostor,0.2508
A,impostor,0.3270
A,impostor,0.2401
A,impostor,0.3951
A,impostor,0.2170
A,impostor,0.3028
A,impostor,0.1493
A,impostor,0.2609
A,impostor,0.3027
A,impostor,0.1553
A,impostor,0.1740
A,impostor,0.1651
A,impostor,0.4469
A,impostor,0.2185
A,impostor,0.2868
A,impostor,0.0760
A,impostor,0.1859
A,impostor,0.1757
A,impostor,0.4875
A,impostor,0.4548
A,impostor,0.2064
A,impostor,0.1193
A,impostor,0.1868
A,impostor,0.0849
A,impostor,0.1406
A,impostor,0.4340
A,impostor,0.4840
A,impostor,0.0928
A,impostor,0.2820
A,impostor,0.3017
A,impostor,0.2532
A,impostor,0.1982
A,impostor,0.1373
A,impostor,0.3354
A,impostor,0.2386
A,impostor,0.1961
A,impostor,0.4199
A,impostor,0.2107
A,impostor,0.1631
A,impostor,0.5417
A,impostor,0.4409
A,impostor,0.3877
A,impostor,0.3142
A,impostor,0.2725
A,impostor,0.1953
A,impostor,0.2880
A,impostor,0.2284
A,impostor,0.2499
A,impostor,0.2510
A,impostor,0.2829
A,impostor,0.0313
A,impostor,0.1865
A,impostor,0.2644
A,impostor,0.1701
A,impostor,0.3060
A,impostor,0.1692
A,impostor,0.2814
A,impostor,0.1776
A,impostor,0.3494
A,impostor,0.2041
A,impostor,0.1624
A,impostor,0.3583
A,impostor,0.3098
A,impostor,0.3859
A,impostor,0.3851
A,impostor,0.1019
A,impostor,0.2323
A,impostor,0.1800
A,impostor,0.4892
A,impostor,0.2566
A,impostor,0.4038
A,impostor,0.2237
A,impostor,0.3972
A,impostor,0.4800
A,impostor,0.2702
A,impostor,0.1516
A,impostor,0.4170
A,impostor,0.1439
A,impostor,0.1179
A,impostor,0.1494
A,impostor,0.2742
A,impostor,0.1683
A,impostor,0.0646
A,impostor,0.2452
A,impostor,0.1033
A,impostor,0.1233
A,impostor,0.3685
A,impostor,0.3659
A,impostor,0.1766
A,impostor,0.3883
A,impostor,0.2410
A,impostor,0.2455
A,impostor,0.3398
A,impostor,0.2160
A,impostor,0.1548
A,impostor,0.4669
A,impostor,0.2594
A,impostor,0.2633
A,impostor,0.1140
A,impostor,0.0734
A,impostor,0.2793
A,impostor,0.2641
A,impostor,0.1624
A,impostor,0.2613
A,impostor,0.2244
A,impostor,0.3091
A,impostor,0.3785
A,impostor,0.0931
A,impostor,0.1843
A,impostor,0.4370
A,impostor,0.1505
A,impostor,0.1053
A,impostor,0.1252
A,impostor,0.0467
A,impostor,0.0752
A,impostor,0.1715
A,impostor,0.0444
A,impostor,0.2582
A,impostor,0.3571
A,impostor,0.2231
A,impostor,0.3489
A,impostor,0.1565
A,impostor,0.2597
A,impostor,0.2220
A,impostor,0.3205
A,impostor,0.3571
A,impostor,0.2374
A,impostor,0.0233
A,impostor,0.3160
A,impostor,0.0792
A,impostor,0.2943
A,impostor,0.2500
A,impostor,0.1975
A,impostor,0.3246
A,impostor,0.2691
A,impostor,0.4028
A,impostor,0.2069
A,impostor,0.3269
A,impostor,0.2548
A,impostor,0.2626
A,impostor,0.3404
A,impostor,0.2233
A,impostor,0.2060
A,impostor,0.3547
A,impostor,0.1259
A,impostor,0.5382
A,impostor,0.2699
A,impostor,0.2693
A,impostor,0.1390
A,impostor,0.2479
A,impostor,0.4205
A,impostor,0.3570
A,impostor,0.3731
A,impostor,0.4404
A,impostor,0.2230
A,impostor,0.2967
A,impostor,0.0313
A,impostor,0.2928
A,impostor,0.2382
A,impostor,0.4669
A,impostor,0.6213
A,impostor,0.4988
A,impostor,0.4433
A,impostor,0.2318
A,impostor,0.2049
A,impostor,0.3087
A,impostor,0.1902
A,impostor,0.2740
A,impostor,0.2422
A,impostor,0.2050
A,impostor,0.0948
A,impostor,0.3852
A,impostor,0.0834
A,impostor,0.2203
A,impostor,0.2930
A,impostor,0.3590
A,impostor,0.3982
A,impostor,0.3381
A,impostor,0.2811
A,impostor,0.4621
A,impostor,0.2749
A,impostor,0.2108
A,impostor,0.1146
A,impostor,0.1818
A,impostor,0.3890
A,impostor,0.0993
A,impostor,0.2329
A,impostor,0.2058
A,impostor,0.2025
A,impostor,0.4019
A,impostor,0.1206
A,impostor,0.4215
A,impostor,0.1509
A,impostor,0.2558
A,impostor,0.0974
A,impostor,0.1144
A,impostor,0.5488
A,impostor,0.0609
A,impostor,0.4658
A,impostor,0.1871
A,impostor,0.2495
A,impostor,0.2742
A,impostor,0.2295
A,impostor,0.3524
A,impostor,0.2742
A,impostor,0.1953
A,impostor,0.2706
A,impostor,0.1890
A,impostor,0.1576
A,impostor,0.3382
A,impostor,0.3346
A,impostor,0.2397
A,impostor,0.2085
A,impostor,0.1337
A,impostor,0.2536
A,impostor,0.1544
A,impostor,0.2051
A,impostor,0.1607
A,impostor,0.2793
A,impostor,0.3783
A,impostor,0.0535
A,impostor,0.0701
A,impostor,0.4798
A,impostor,0.3058
A,impostor,0.1642
A,impostor,0.2529
A,impostor,0.4018
A,impostor,0.3214
A,impostor,0.2349
A,impostor,0.1172
A,impostor,0.1732
A,impostor,0.1071
A,impostor,0.3540
A,impostor,0.3378
A,impostor,0.1263
A,impostor,0.3581
A,impostor,0.4956
A,impostor,0.2171
A,impostor,0.2621
A,impostor,0.0620
A,impostor,0.1752
A,impostor,0.3074
A,impostor,0.2505
A,impostor,0.2130
A,impostor,0.2690
A,impostor,0.0875
A,impostor,0.2328
A,impostor,0.3786
A,impostor,0.0450
A,impostor,0.1969
A,impostor,0.2547
A,impostor,0.2247
A,impostor,0.2235
A,impostor,0.2768
A,impostor,0.1815
A,impostor,0.1455
A,impostor,0.4918
A,impostor,0.0770
A,impostor,0.0856
A,impostor,0.1782
A,impostor,0.1781
A,impostor,0.3362
A,impostor,0.2719
A,impostor,0.3017
A,impostor,0.3587
A,impostor,0.2776
A,impostor,0.2549
A,impostor,0.1939
A,impostor,0.2884
A,impostor,0.2592
A,impostor,0.2201
A,impostor,0.1766
A,impostor,0.2694
A,impostor,0.2279
A,impostor,0.3215
A,impostor,0.6048
A,impostor,0.1432
A,impostor,0.2414
A,impostor,0.3907
A,impostor,0.2533
A,impostor,0.0700
A,impostor,0.0156
A,impostor,0.1445
A,impostor,0.2176
A,impostor,0.3508
A,impostor,0.1555
A,impostor,0.2919
A,impostor,0.0711
A,impostor,0.1510
A,impostor,0.3076
A,impostor,0.3108
A,impostor,0.1667
A,impostor,0.3314
A,impostor,0.3017
A,impostor,0.3502
A,impostor,0.2659
A,impostor,0.0438
A,impostor,0.2183
A,impostor,0.0903
A,impostor,0.5039
A,impostor,0.0866
A,impostor,0.3371
A,impostor,0.3134
A,impostor,0.1584
A,impostor,0.0379
A,impostor,0.0993
A,impostor,0.1371
A,impostor,0.2782
A,impostor,0.2275
A,impostor,0.4086
A,impostor,0.1843
A,impostor,0.2942
A,impostor,0.2873
A,impostor,0.1192
A,impostor,0.1655
A,impostor,0.2094
A,impostor,0.1495
A,impostor,0.1110
A,impostor,0.3037
A,impostor,0.1460
A,impostor,0.1805
A,impostor,0.2133
A,impostor,0.2827
A,impostor,0.1735
A,impostor,0.1390
A,impostor,0.1876
A,impostor,0.1810
A,impostor,0.3835
A,impostor,0.4956
A,impostor,0.2565
A,impostor,0.2365
A,impostor,0.2807
A,impostor,0.2547
A,impostor,0.2482
A,impostor,0.4624
A,impostor,0.2096
A,impostor,0.2211
A,impostor,0.1608
A,impostor,0.2265
A,impostor,0.2148
A,impostor,0.4551
A,impostor,0.3796
A,impostor,0.1177
A,impostor,0.2834
A,impostor,0.3143
A,impostor,0.0961
A,impostor,0.3663
A,impostor,0.2904
A,impostor,0.0956
A,impostor,0.3232
A,impostor,0.2911
A,impostor,0.1896
A,impostor,0.2471
A,impostor,0.3123
A,impostor,0.3159
A,impostor,0.2543
A,impostor,0.4007
A,impostor,0.3684
A,impostor,0.4022
A,impostor,0.2295
A,impostor,0.0784
A,impostor,0.2211
A,impostor,0.3613
A,impostor,0.3530
A,impostor,0.0581
A,impostor,0.1068
A,impostor,0.3396
A,impostor,0.3669
A,impostor,0.2711
A,impostor,0.1833
A,impostor,0.0707
A,impostor,0.3666
A,impostor,0.0953
A,impostor,0.3573
A,impostor,0.2855
A,impostor,0.2432
A,impostor,0.4077
A,impostor,0.3999
A,impostor,0.2799
A,impostor,0.0777
A,impostor,0.4455
A,impostor,0.1889
A,impostor,0.2553
A,impostor,0.1629
A,impostor,0.0936
A,impostor,0.1507
A,impostor,0.4335
A,impostor,0.2505
A,impostor,0.5882
A,impostor,0.1760
A,impostor,0.1348
A,impostor,0.0741
A,impostor,0.5084
A,impostor,0.3058
A,impostor,0.1034
A,impostor,0.2805
A,impostor,0.1269
A,impostor,0.0862
A,impostor,0.3552
A,impostor,0.1354
A,impostor,0.3397
A,impostor,0.2011
A,impostor,0.5750
A,impostor,0.4681
A,impostor,0.1282
A,impostor,0.3101
A,impostor,0.1378
A,impostor,0.2169
A,impostor,0.5723
A,impostor,0.2172
A,impostor,0.1105
A,impostor,0.1651
A,impostor,0.5053
A,impostor,0.1720
A,impostor,0.2038
A,impostor,0.4985
A,impostor,0.0318
A,impostor,0.2231
A,impostor,0.1563
A,impostor,0.3824
A,impostor,0.2694
A,impostor,0.1476
A,impostor,0.1247
A,impostor,0.3816
A,impostor,0.1593
A,impostor,0.4782
A,impostor,0.2277
A,impostor,0.1673
A,impostor,0.2679
A,impostor,0.1591
A,impostor,0.0901
A,impostor,0.3475
A,impostor,0.1839
A,impostor,0.3256
A,impostor,0.2585
A,impostor,0.1371
A,impostor,0.1756
A,impostor,0.3892
A,impostor,0.1769
A,impostor,0.2199
A,impostor,0.1546
A,impostor,0.1660
A,impostor,0.2612
A,impostor,0.3449
A,impostor,0.0850
A,impostor,0.1179
A,impostor,0.3329
A,impostor,0.2952
A,impostor,0.2837
A,impostor,0.2573
A,impostor,0.3374
A,impostor,0.3203
A,impostor,0.4322
A,impostor,0.3264
A,impostor,0.4210
A,impostor,0.0411
A,impostor,0.4034
A,impostor,0.2669
A,impostor,0.2772
A,impostor,0.1748
A,impostor,0.2096
A,impostor,0.4320
A,impostor,0.1677
A,impostor,0.1380
A,impostor,0.4328
A,impostor,0.2054
A,impostor,0.4828
A,impostor,0.2206
A,impostor,0.3058
A,impostor,0.2365
A,impostor,0.2989
A,impostor,0.1743
A,impostor,0.4105
A,impostor,0.3794
A,impostor,0.3550
A,impostor,0.1472
A,impostor,0.2292
A,impostor,0.2874
A,impostor,0.2294
A,impostor,0.0805
A,impostor,0.4231
A,impostor,0.0871
A,impostor,0.3259
A,impostor,0.4555
A,impostor,0.4743
A,impostor,0.2007
A,impostor,0.2998
A,impostor,0.2152
A,impostor,0.0859
A,impostor,0.4114
A,impostor,0.1567
A,impostor,0.4075
A,impostor,0.2514
A,impostor,0.3977
A,impostor,0.2922
A,impostor,0.3206
A,impostor,0.0391
A,impostor,0.1649
A,impostor,0.6108
A,impostor,0.2374
A,impostor,0.5295
A,impostor,0.2103
A,impostor,0.1967
A,impostor,0.0575
A,impostor,0.2174
A,impostor,0.3069
A,impostor,0.2014
A,impostor,0.2711
A,impostor,0.3125
A,impostor,0.3035
A,impostor,0.3465
A,impostor,0.5026
A,impostor,0.3799
A,impostor,0.1326
A,impostor,0.3490
A,impostor,0.0830
A,impostor,0.2648
A,impostor,0.2220
A,impostor,0.0944
A,impostor,0.1218
A,impostor,0.1556
A,impostor,0.4337
A,impostor,0.1920
A,impostor,0.2332
A,impostor,0.1874
A,impostor,0.3143
A,impostor,0.5060
A,impostor,0.0951
A,impostor,0.5860
A,impostor,0.2105
A,impostor,0.2932
A,impostor,0.2287
A,impostor,0.1989
A,impostor,0.4949
A,impostor,0.0512
A,impostor,0.2104
A,impostor,0.3216
A,impostor,0.2522
A,impostor,0.3153
A,impostor,0.0913
A,impostor,0.3333
A,impostor,0.1119
A,impostor,0.4126
A,impostor,0.1600
A,impostor,0.0646
A,impostor,0.5198
A,impostor,0.1718
A,impostor,0.3226
A,impostor,0.3385
A,impostor,0.1202
A,impostor,0.1609
A,impostor,0.2084
A,impostor,0.3018
A,impostor,0.1379
A,impostor,0.0634
A,impostor,0.0918
A,impostor,0.1290
A,impostor,0.3346
A,impostor,0.2459
A,impostor,0.5782
A,impostor,0.2586
A,impostor,0.1553
A,impostor,0.1338
A,impostor,0.4473
A,impostor,0.2656
A,impostor,0.2993
A,impostor,0.2266
A,impostor,0.3854
A,impostor,0.3011
A,impostor,0.1668
A,impostor,0.2122
A,impostor,0.1189
A,impostor,0.1360
A,impostor,0.1719
A,impostor,0.2996
A,impostor,0.2711
A,impostor,0.2256
A,impostor,0.2758
A,impostor,0.1478
A,impostor,0.0827
A,impostor,0.4560
A,impostor,0.4106
A,impostor,0.1769
A,impostor,0.2177
A,impostor,0.4255
A,impostor,0.2767
A,impostor,0.4014
A,impostor,0.0730
A,impostor,0.1629
A,impostor,0.2647
A,impostor,0.2410
A,impostor,0.0663
A,impostor,0.1920
A,impostor,0.2320
A,impostor,0.2614
A,impostor,0.1971
A,impostor,0.3179
A,impostor,0.1147
A,impostor,0.2703
A,impostor,0.1408
A,impostor,0.1250
A,impostor,0.1845
A,impostor,0.3268
A,impostor,0.3763
A,impostor,0.2674
A,impostor,0.2852
A,impostor,0.1746
A,impostor,0.0322
A,impostor,0.4465
A,impostor,0.0957
A,impostor,0.1406
A,impostor,0.4040
A,impostor,0.0627
A,impostor,0.3522
A,impostor,0.2211
A,impostor,0.1434
A,impostor,0.0883
A,impostor,0.2545
A,impostor,0.1206
A,impostor,0.0518
A,impostor,0.1839
A,impostor,0.2233
A,impostor,0.3129
A,impostor,0.4737
A,impostor,0.0413
A,impostor,0.3229
A,impostor,0.3479
A,impostor,0.3115
A,impostor,0.1230
A,impostor,0.4049
A,impostor,0.1182
A,impostor,0.3528
A,impostor,0.3194
A,impostor,0.4160
A,impostor,0.1789
A,impostor,0.1126
A,impostor,0.2363
A,impostor,0.4485
A,impostor,0.2483
A,impostor,0.3740
A,impostor,0.1287
A,impostor,0.3549
A,impostor,0.3863
A,impostor,0.3627
A,impostor,0.1440
A,impostor,0.2630
A,impostor,0.1493
A,impostor,0.6052
A,impostor,0.1509
A,impostor,0.1537
A,impostor,0.2279
A,impostor,0.2640
A,impostor,0.3599
A,impostor,0.2006
A,impostor,0.0856
A,impostor,0.0865
A,impostor,0.0820
A,impostor,0.1626
A,impostor,0.3047
A,impostor,0.1604
A,impostor,0.1683
A,impostor,0.2615
A,impostor,0.5143
A,impostor,0.3171
A,impostor,0.1403
A,impostor,0.3306
A,impostor,0.2275
A,impostor,0.2484
A,impostor,0.0595
A,impostor,0.3223
A,impostor,0.1658
A,impostor,0.1766
A,impostor,0.2147
A,impostor,0.2063
A,impostor,0.2492
A,impostor,0.2928
A,impostor,0.2090
A,impostor,0.1932
A,impostor,0.1805
A,impostor,0.1408
A,impostor,0.1716
A,impostor,0.1567
A,impostor,0.2686
A,impostor,0.1489
A,impostor,0.3749
A,impostor,0.2622
A,impostor,0.1453
A,impostor,0.2877
A,impostor,0.2036
A,impostor,0.3660
A,impostor,0.3047
A,impostor,0.3512
A,impostor,0.4837
A,impostor,0.3689
A,impostor,0.3046
A,impostor,0.1283
A,impostor,0.1432
A,impostor,0.2168
A,impostor,0.1953
A,impostor,0.3381
A,impostor,0.3878
A,impostor,0.3477
A,impostor,0.1338
A,impostor,0.5267
A,impostor,0.2848
A,impostor,0.2091
A,impostor,0.2410
A,impostor,0.2927
A,impostor,0.1191
A,impostor,0.1632
A,impostor,0.1103
A,impostor,0.2837
A,impostor,0.3351
A,impostor,0.1517
A,impostor,0.3327
A,impostor,0.2423
A,impostor,0.2837
A,impostor,0.2662
A,impostor,0.0811
A,impostor,0.2323
A,impostor,0.5767
A,impostor,0.1109
A,impostor,0.3063
A,impostor,0.1528
A,impostor,0.1315
A,impostor,0.2219
A,impostor,0.2477
A,impostor,0.1222
A,impostor,0.2747
A,impostor,0.3025
A,impostor,0.1271
A,impostor,0.2370
A,impostor,0.2168
A,impostor,0.1645
A,impostor,0.2633
A,impostor,0.2744
A,impostor,0.4326
A,impostor,0.3075
A,impostor,0.0594
A,impostor,0.1786
A,impostor,0.1010
A,impostor,0.3905
A,impostor,0.1743
A,impostor,0.1989
A,impostor,0.2974
A,impostor,0.2900
A,impostor,0.3968
A,impostor,0.3354
A,impostor,0.5717
A,impostor,0.2078
A,impostor,0.4480
A,impostor,0.1293
A,impostor,0.2099
A,impostor,0.4592
A,impostor,0.3382
A,impostor,0.1730
A,impostor,0.2258
A,impostor,0.3394
A,impostor,0.1000
A,impostor,0.2007
A,impostor,0.1924
A,impostor,0.3679
A,impostor,0.4159
A,impostor,0.1380
A,impostor,0.0951
A,impostor,0.1285
A,impostor,0.1009
A,impostor,0.4654
A,impostor,0.2337
A,impostor,0.2703
A,impostor,0.3478
A,impostor,0.2601
A,impostor,0.1968
A,impostor,0.3566
A,impostor,0.2200
A,impostor,0.2827
A,impostor,0.1810
A,impostor,0.1408
A,impostor,0.3381
A,impostor,0.4305
A,impostor,0.1070
A,impostor,0.3147
A,impostor,0.1595
A,impostor,0.2695
A,impostor,0.1032
A,impostor,0.1283
A,impostor,0.3614
A,impostor,0.2828
A,impostor,0.2038
A,impostor,0.2878
A,impostor,0.3847
A,impostor,0.4923
A,impostor,0.1889
A,impostor,0.2779
A,impostor,0.2216
A,impostor,0.3798
A,impostor,0.2460
A,impostor,0.1602
A,impostor,0.2553
A,impostor,0.3634
A,impostor,0.2810
A,impostor,0.0641
A,impostor,0.2468
A,impostor,0.4253
A,impostor,0.1924
A,impostor,0.0574
A,impostor,0.3109
A,impostor,0.1204
A,impostor,0.0455
A,impostor,0.2300
A,impostor,0.1884
A,impostor,0.1233
A,impostor,0.1348
A,impostor,0.0358
A,impostor,0.0822
A,impostor,0.2980
A,impostor,0.3886
A,impostor,0.2754
A,impostor,0.5229
A,impostor,0.4033
A,impostor,0.2011
A,impostor,0.2607
A,impostor,0.1811
A,impostor,0.2591
A,impostor,0.0542
A,impostor,0.1902
A,impostor,0.2331
A,impostor,0.1118
A,impostor,0.1931
A,impostor,0.1852
A,impostor,0.2686
A,impostor,0.3442
A,impostor,0.2701
A,impostor,0.2481
A,impostor,0.1828
A,impostor,0.3499
A,impostor,0.1180
A,impostor,0.2151
A,impostor,0.1825
A,impostor,0.0483
A,impostor,0.1088
A,impostor,0.3278
A,impostor,0.2515
A,impostor,0.1458
A,impostor,0.5409
A,impostor,0.2272
A,impostor,0.2165
A,impostor,0.1475
A,impostor,0.1764
A,impostor,0.3409
A,impostor,0.3196
A,impostor,0.2941
A,impostor,0.2439
A,impostor,0.2258
A,impostor,0.5108
A,impostor,0.3263
A,impostor,0.3554
A,impostor,0.1853
A,impostor,0.2141
A,impostor,0.2447
A,impostor,0.1291
A,impostor,0.3207
A,impostor,0.3003
A,impostor,0.1766
A,impostor,0.0593
A,impostor,0.2138
A,impostor,0.1024
A,impostor,0.3084
A,impostor,0.2445
A,impostor,0.4646
A,impostor,0.2037
A,impostor,0.1711
A,impostor,0.0759
A,impostor,0.3659
A,impostor,0.4255
A,impostor,0.2596
A,impostor,0.2231
A,impostor,0.2164
A,impostor,0.2157
A,impostor,0.3698
A,impostor,0.3220
A,impostor,0.1599
A,impostor,0.1528
A,impostor,0.0638
A,impostor,0.3133
A,impostor,0.2499
A,impostor,0.3183
A,impostor,0.1880
A,impostor,0.2177
A,impostor,0.1123
A,impostor,0.2743
A,impostor,0.1322
A,impostor,0.1593
A,impostor,0.3652
A,impostor,0.1728
A,impostor,0.5190
A,impostor,0.2718
A,impostor,0.0583
A,impostor,0.2685
A,impostor,0.2539
A,impostor,0.2950
A,impostor,0.4177
A,impostor,0.2416
A,impostor,0.1090
A,impostor,0.1785
A,impostor,0.3251
A,impostor,0.1147
A,impostor,0.2856
A,impostor,0.2041
A,impostor,0.1525
A,impostor,0.2540
A,impostor,0.1919
A,impostor,0.3007
A,impostor,0.1256
A,impostor,0.4010
A,impostor,0.3472
A,impostor,0.1724
A,impostor,0.2100
A,impostor,0.0341
A,impostor,0.3238
A,impostor,0.3203
A,impostor,0.2727
A,impostor,0.1630
A,impostor,0.2827
A,impostor,0.2198
A,impostor,0.0664
A,impostor,0.2897
A,impostor,0.1562
A,impostor,0.3679
A,impostor,0.0371
A,impostor,0.4566
A,impostor,0.1280
A,impostor,0.3252
A,impostor,0.2483
A,impostor,0.2940
A,impostor,0.3046
A,impostor,0.2392
A,impostor,0.3686
A,impostor,0.3500
A,impostor,0.1511
A,impostor,0.2429
A,impostor,0.1046
A,impostor,0.2481
A,impostor,0.3596
A,impostor,0.3595
A,impostor,0.0975
A,impostor,0.0546
A,impostor,0.0378
A,impostor,0.2937
A,impostor,0.2827
A,impostor,0.2140
A,impostor,0.2132
A,impostor,0.0998
A,impostor,0.5074
A,impostor,0.1236
A,impostor,0.1149
A,impostor,0.1146
A,impostor,0.1777
A,impostor,0.2632
A,impostor,0.2440
A,impostor,0.0477
A,impostor,0.5307
A,impostor,0.0390
A,impostor,0.1703
A,impostor,0.2165
A,impostor,0.1418
A,impostor,0.5279
A,impostor,0.0805
A,impostor,0.3383
A,impostor,0.4018
A,impostor,0.3776
A,impostor,0.4402
A,impostor,0.2412
A,impostor,0.1332
A,impostor,0.0854
A,impostor,0.3512
A,impostor,0.0735
A,impostor,0.2651
A,impostor,0.6538
A,impostor,0.3067
A,impostor,0.3943
A,impostor,0.2519
A,impostor,0.3428
A,impostor,0.2020
A,impostor,0.4116
A,impostor,0.1622
A,impostor,0.1357
A,impostor,0.2515
A,impostor,0.1866
A,impostor,0.2133
A,impostor,0.3224
A,impostor,0.1009
A,impostor,0.2289
A,impostor,0.0854
A,impostor,0.3620
A,impostor,0.2157
A,impostor,0.3907
A,impostor,0.2344
A,impostor,0.0518
A,impostor,0.0762
A,impostor,0.1975
A,impostor,0.3321
A,impostor,0.0199
A,impostor,0.0863
A,impostor,0.2055
A,impostor,0.4364
A,impostor,0.2648
A,impostor,0.1588
A,impostor,0.1994
A,impostor,0.3916
A,impostor,0.1803
A,impostor,0.1836
A,impostor,0.1561
A,impostor,0.0785
A,impostor,0.3081
A,impostor,0.3600
A,impostor,0.3642
A,impostor,0.2324
A,impostor,0.2419
A,impostor,0.2292
A,impostor,0.1174
A,impostor,0.2515
A,impostor,0.2535
A,impostor,0.4741
A,impostor,0.1746
A,impostor,0.1650
A,impostor,0.0985
A,impostor,0.1590
A,impostor,0.2190
A,impostor,0.4486
A,impostor,0.0492
A,impostor,0.1279
A,impostor,0.2716
A,impostor,0.2888
A,impostor,0.1459
A,impostor,0.1525
A,impostor,0.2439
A,impostor,0.2452
A,impostor,0.2496
A,impostor,0.1809
A,impostor,0.2582
A,impostor,0.0570
A,impostor,0.1387
A,impostor,0.3787
A,impostor,0.2738
A,impostor,0.2361
A,impostor,0.3399
A,impostor,0.2998
A,impostor,0.2481
A,impostor,0.0965
A,impostor,0.1839
A,impostor,0.1997
A,impostor,0.1302
A,impostor,0.1742
A,impostor,0.1541
A,impostor,0.2274
A,impostor,0.4249
A,impostor,0.0869
A,impostor,0.2518
A,impostor,0.2499
A,impostor,0.2563
A,impostor,0.3849
A,impostor,0.3151
A,impostor,0.2284
A,impostor,0.1223
A,impostor,0.2819
A,impostor,0.4368
A,impostor,0.2967
A,impostor,0.3198
A,impostor,0.2840
A,impostor,0.3283
A,impostor,0.0916
A,impostor,0.3831
A,impostor,0.4769
A,impostor,0.3601
A,impostor,0.5604
A,impostor,0.1979
A,impostor,0.2278
A,impostor,0.2211
A,impostor,0.2966
A,impostor,0.2155
A,impostor,0.2034
A,impostor,0.1188
A,impostor,0.1602
A,impostor,0.2907
A,impostor,0.1489
A,impostor,0.2290
A,impostor,0.3028
A,impostor,0.1154
A,impostor,0.3457
A,impostor,0.0613
A,impostor,0.3956
A,impostor,0.2895
A,impostor,0.0655
A,impostor,0.1439
A,impostor,0.3155
A,impostor,0.2305
A,impostor,0.4194
A,impostor,0.2418
A,impostor,0.1867
A,impostor,0.5517
A,impostor,0.2006
A,impostor,0.2761
A,impostor,0.1880
A,impostor,0.3130
A,impostor,0.2285
A,impostor,0.3113
A,impostor,0.1921
A,impostor,0.1205
A,impostor,0.2036
A,impostor,0.2944
A,impostor,0.1386
A,impostor,0.3250
A,impostor,0.4557
A,impostor,0.1378
A,impostor,0.2246
A,impostor,0.5424
A,impostor,0.1989
A,impostor,0.0961
A,impostor,0.0925
A,impostor,0.2661
A,impostor,0.2585
A,impostor,0.0703
A,impostor,0.3620
A,impostor,0.2757
A,impostor,0.0934
A,impostor,0.0748
A,impostor,0.1967
A,impostor,0.1237
A,impostor,0.3247
A,impostor,0.2736
A,impostor,0.3196
A,impostor,0.3672
A,impostor,0.1637
A,impostor,0.1737
A,impostor,0.4072
A,impostor,0.2975
A,impostor,0.2672
A,impostor,0.3551
A,impostor,0.1686
A,impostor,0.1926
A,impostor,0.3314
A,impostor,0.1478
A,impostor,0.1469
A,impostor,0.1812
A,impostor,0.2500
A,impostor,0.3201
A,impostor,0.3526
A,impostor,0.3059
A,impostor,0.2831
A,impostor,0.1296
A,impostor,0.1146
A,impostor,0.2158
A,impostor,0.1997
A,impostor,0.1742
A,impostor,0.4076
A,impostor,0.3642
A,impostor,0.0994
A,impostor,0.3798
A,impostor,0.4083
A,impostor,0.2965
A,impostor,0.1657
A,impostor,0.2094
A,impostor,0.3667
A,impostor,0.3092
A,impostor,0.2262
A,impostor,0.2203
A,impostor,0.2986
A,impostor,0.4273
A,impostor,0.3885
A,impostor,0.1952
A,impostor,0.2171
A,impostor,0.5081
A,impostor,0.5157
A,impostor,0.1143
A,impostor,0.2245
A,impostor,0.1778
A,impostor,0.2988
A,impostor,0.1379
A,impostor,0.1553
A,impostor,0.2492
A,impostor,0.1280
A,impostor,0.2211
A,impostor,0.2373
A,impostor,0.0871
A,impostor,0.2939
A,impostor,0.2431
A,impostor,0.3092
A,impostor,0.3622
A,impostor,0.1225
A,impostor,0.0850
A,impostor,0.0982
A,impostor,0.4294
A,impostor,0.0946
A,impostor,0.2040
A,impostor,0.3063
A,impostor,0.2515
A,impostor,0.2977
A,impostor,0.1726
A,impostor,0.0787
A,impostor,0.0869
A,impostor,0.4711
A,impostor,0.2047
A,impostor,0.2613
A,impostor,0.2242
A,impostor,0.1781
A,impostor,0.4060
A,impostor,0.1506
A,impostor,0.2307
A,impostor,0.1242
A,impostor,0.2516
A,impostor,0.1856
A,impostor,0.2828
A,impostor,0.1647
A,impostor,0.1552
A,impostor,0.0747
A,impostor,0.1071
A,impostor,0.1188
A,impostor,0.2141
A,impostor,0.4087
A,impostor,0.1758
A,impostor,0.3962
A,impostor,0.4641
A,impostor,0.2142
A,impostor,0.2288
A,impostor,0.0885
A,impostor,0.3076
A,impostor,0.4768
A,impostor,0.3053
A,impostor,0.1132
A,impostor,0.2146
A,impostor,0.2972
A,impostor,0.2886
A,impostor,0.1636
A,impostor,0.0955
A,impostor,0.3279
A,impostor,0.1536
A,impostor,0.1804
A,impostor,0.2967
A,impostor,0.4121
A,impostor,0.1920
A,impostor,0.1801
A,impostor,0.1878
A,impostor,0.1711
A,impostor,0.5329
A,impostor,0.2969
A,impostor,0.3068
A,impostor,0.3853
A,impostor,0.0325
A,impostor,0.2959
A,impostor,0.4602
A,impostor,0.1781
A,impostor,0.1928
A,impostor,0.0621
A,impostor,0.2469
A,impostor,0.4198
A,impostor,0.0885
A,impostor,0.1125
A,impostor,0.4281
A,impostor,0.2828
A,impostor,0.1887
A,impostor,0.0706
A,impostor,0.0909
A,impostor,0.0723
A,impostor,0.1469
A,impostor,0.2810
A,impostor,0.4807
A,impostor,0.4066
A,impostor,0.2266
A,impostor,0.3959
A,impostor,0.2297
A,impostor,0.1797
A,impostor,0.2235
A,impostor,0.0397
A,impostor,0.3313
A,impostor,0.1905
A,impostor,0.1090
A,impostor,0.1512
A,impostor,0.2258
A,impostor,0.2935
A,impostor,0.2248
A,impostor,0.3103
A,impostor,0.3993
A,impostor,0.4461
A,impostor,0.1745
A,impostor,0.5066
A,impostor,0.3217
A,impostor,0.2225
A,impostor,0.1364
A,impostor,0.0289
A,impostor,0.3106
A,impostor,0.2983
A,impostor,0.2755
A,impostor,0.3031
A,impostor,0.2394
A,impostor,0.1908
A,impostor,0.2529
A,impostor,0.2348
A,impostor,0.0963
A,impostor,0.5484
A,impostor,0.4263
A,impostor,0.3011
A,impostor,0.1231
A,impostor,0.3460
A,impostor,0.3141
A,impostor,0.2229
A,impostor,0.1170
A,impostor,0.1944
A,impostor,0.2290
A,impostor,0.1709
A,impostor,0.1418
A,impostor,0.2277
A,impostor,0.3336
A,impostor,0.2263
A,impostor,0.2736
A,impostor,0.1886
A,impostor,0.3865
A,impostor,0.3594
A,impostor,0.0707
A,impostor,0.3035
A,impostor,0.2415
A,impostor,0.3249
A,impostor,0.1781
A,impostor,0.0708
A,impostor,0.2432
A,impostor,0.0902
A,impostor,0.3995
A,impostor,0.3338
A,impostor,0.1037
A,impostor,0.2177
A,impostor,0.2685
A,impostor,0.3922
A,impostor,0.1877
A,impostor,0.2323
A,impostor,0.2488
A,impostor,0.2543
A,impostor,0.2249
A,impostor,0.5356
A,impostor,0.3487
A,impostor,0.2029
A,impostor,0.2981
A,impostor,0.3003
A,impostor,0.0920
A,impostor,0.3447
A,impostor,0.3236
A,impostor,0.3220
A,impostor,0.2466
A,impostor,0.1878
A,impostor,0.1273
A,impostor,0.2487
A,impostor,0.3329
A,impostor,0.3353
A,impostor,0.1385
A,impostor,0.4784
A,impostor,0.2623
A,impostor,0.1662
A,impostor,0.3184
A,impostor,0.3651
A,impostor,0.3575
A,impostor,0.0434
A,impostor,0.0906
A,impostor,0.1637
A,impostor,0.2006
A,impostor,0.2312
A,impostor,0.5567
A,impostor,0.1264
A,impostor,0.1373
A,impostor,0.3408
A,impostor,0.1984
A,impostor,0.1689
A,impostor,0.2068
A,impostor,0.2157
A,impostor,0.1635
A,impostor,0.2699
A,impostor,0.3986
A,impostor,0.1611
A,impostor,0.2097
A,impostor,0.5191
A,impostor,0.2356
A,impostor,0.2648
A,impostor,0.3037
A,impostor,0.0892
A,impostor,0.0932
A,impostor,0.2377
A,impostor,0.1804
A,impostor,0.3074
A,impostor,0.2517
A,impostor,0.4709
A,impostor,0.1538
A,impostor,0.1921
A,impostor,0.3554
A,impostor,0.1066
A,impostor,0.2435
A,impostor,0.2673
A,impostor,0.2713
A,impostor,0.1891
A,impostor,0.3308
A,impostor,0.1658
A,impostor,0.2004
A,impostor,0.3011
A,impostor,0.4846
A,impostor,0.0756
A,impostor,0.1846
A,impostor,0.2466
A,impostor,0.3337
A,impostor,0.4046
A,impostor,0.1868
A,impostor,0.3692
A,impostor,0.0337
A,impostor,0.1002
A,impostor,0.1439
A,impostor,0.2595
A,impostor,0.1213
A,impostor,0.2274
A,impostor,0.2372
A,impostor,0.0717
A,impostor,0.2943
A,impostor,0.3270
A,impostor,0.3580
A,impostor,0.4006
A,impostor,0.4208
A,impostor,0.2258
A,impostor,0.2293
A,impostor,0.1287
A,impostor,0.2373
A,impostor,0.1810
A,impostor,0.1778
A,impostor,0.2901
A,impostor,0.2919
A,impostor,0.2805
A,impostor,0.2910
A,impostor,0.1401
A,impostor,0.1271
A,impostor,0.5612
A,impostor,0.2536
A,impostor,0.1626
A,impostor,0.3869
A,impostor,0.0869
A,impostor,0.2264
A,impostor,0.1882
A,impostor,0.1646
A,impostor,0.2198
A,impostor,0.1308
A,impostor,0.4095
A,impostor,0.3083
A,impostor,0.0964
A,impostor,0.1902
A,impostor,0.5481
A,impostor,0.1685
A,impostor,0.1186
A,impostor,0.4429
A,impostor,0.2144
A,impostor,0.3200
A,impostor,0.2439
A,impostor,0.0554
A,impostor,0.1954
A,impostor,0.2904
A,impostor,0.1950
A,impostor,0.3654
A,impostor,0.1702
A,impostor,0.1625
A,impostor,0.3474
A,impostor,0.4200
A,impostor,0.3105
A,impostor,0.1879
A,impostor,0.1151
A,impostor,0.3743
A,impostor,0.0946
A,impostor,0.1879
A,impostor,0.4942
A,impostor,0.2357
A,impostor,0.2455
A,impostor,0.2300
A,impostor,0.3472
A,impostor,0.3043
A,impostor,0.3589
A,impostor,0.3052
A,impostor,0.1483
A,impostor,0.1256
A,impostor,0.2647
A,impostor,0.0644
A,impostor,0.3469
A,impostor,0.2165
A,impostor,0.4200
A,impostor,0.0978
A,impostor,0.2229
A,impostor,0.0938
A,impostor,0.2126
A,impostor,0.1863
A,impostor,0.3196
A,impostor,0.0823
A,impostor,0.3301
A,impostor,0.2389
A,impostor,0.4853
A,impostor,0.1742
A,impostor,0.5574
A,impostor,0.4330
A,impostor,0.3697
A,impostor,0.0392
A,impostor,0.2575
A,impostor,0.5671
A,impostor,0.3166
A,impostor,0.1428
A,impostor,0.1087
A,impostor,0.3263
A,impostor,0.2407
A,impostor,0.3805
A,impostor,0.2528
A,impostor,0.4850
A,impostor,0.5440
A,impostor,0.1344
A,impostor,0.2644
A,impostor,0.0813
A,impostor,0.2024
A,impostor,0.2397
A,impostor,0.0968
A,impostor,0.3572
A,impostor,0.2065
A,impostor,0.0692
A,impostor,0.1069
A,impostor,0.6117
A,impostor,0.3539
A,impostor,0.1791
A,impostor,0.5333
A,impostor,0.2572
A,impostor,0.2761
A,impostor,0.1666
A,impostor,0.0174
A,impostor,0.3152
A,impostor,0.0762
A,impostor,0.2993
A,impostor,0.2060
A,impostor,0.3927
A,impostor,0.4497
A,impostor,0.4247
A,impostor,0.2292
A,impostor,0.2898
A,impostor,0.3254
A,impostor,0.2711
A,impostor,0.2573
A,impostor,0.3105
A,impostor,0.2220
A,impostor,0.2786
A,impostor,0.1555
A,impostor,0.2839
A,impostor,0.2060
A,impostor,0.2053
A,impostor,0.2132
A,impostor,0.1792
A,impostor,0.1155
A,impostor,0.1744
A,impostor,0.4907
A,impostor,0.2588
A,impostor,0.1881
A,impostor,0.0428
A,impostor,0.3386
A,impostor,0.4584
A,impostor,0.1802
A,impostor,0.0764
A,impostor,0.3080
A,impostor,0.1900
A,impostor,0.3711
A,impostor,0.4757
A,impostor,0.3425
A,impostor,0.3288
A,impostor,0.0718
A,impostor,0.4160
A,impostor,0.2358
A,impostor,0.0454
A,impostor,0.4185
A,impostor,0.3646
A,impostor,0.5025
A,impostor,0.1931
A,impostor,0.2062
A,impostor,0.2795
A,impostor,0.1601
A,impostor,0.2523
A,impostor,0.1883
A,impostor,0.3203
A,impostor,0.2446
A,impostor,0.3116
A,impostor,0.3813
A,impostor,0.0494
A,impostor,0.0437
A,impostor,0.3717
A,impostor,0.2082
A,impostor,0.2669
A,impostor,0.3496
A,impostor,0.3264
A,impostor,0.0764
A,impostor,0.2298
A,impostor,0.4698
A,impostor,0.3645
A,impostor,0.0721
A,impostor,0.4849
A,impostor,0.2825
A,impostor,0.3216
A,impostor,0.2471
A,impostor,0.0999
A,impostor,0.0762
A,impostor,0.3013
A,impostor,0.2617
A,impostor,0.2846
A,impostor,0.1859
A,impostor,0.3273
A,impostor,0.0509
A,impostor,0.4225
A,impostor,0.2131
A,impostor,0.0925
A,impostor,0.0648
A,impostor,0.0639
A,impostor,0.2513
A,impostor,0.0505
A,impostor,0.1484
A,impostor,0.3194
A,impostor,0.1353
A,impostor,0.3572
A,impostor,0.1056
A,impostor,0.3018
A,impostor,0.2264
A,impostor,0.1314
A,impostor,0.1484
A,impostor,0.2491
A,impostor,0.1899
A,impostor,0.2731
A,impostor,0.2541
A,impostor,0.2106
A,impostor,0.0774
A,impostor,0.5755
A,impostor,0.1858
A,impostor,0.0739
A,impostor,0.5330
A,impostor,0.0822
A,impostor,0.4581
A,impostor,0.2117
A,impostor,0.3709
A,impostor,0.1665
A,impostor,0.3380
A,impostor,0.2663
A,impostor,0.2473
A,impostor,0.2434
A,impostor,0.2959
A,impostor,0.1168
A,impostor,0.2149
A,impostor,0.0779
A,impostor,0.3312
A,impostor,0.1591
A,impostor,0.3131
A,impostor,0.1985
A,impostor,0.1617
A,impostor,0.2851
A,impostor,0.3912
A,impostor,0.2176
A,impostor,0.5044
A,impostor,0.4378
A,impostor,0.1277
A,impostor,0.2400
A,impostor,0.1577
A,impostor,0.0783
A,impostor,0.2737
A,impostor,0.2775
A,impostor,0.1488
A,impostor,0.2258
A,impostor,0.0379
A,impostor,0.2889
A,impostor,0.2885
A,impostor,0.0964
A,impostor,0.3701
A,impostor,0.4744
A,impostor,0.3501
A,impostor,0.3553
A,impostor,0.1948
A,impostor,0.3489
A,impostor,0.0738
A,impostor,0.2103
A,impostor,0.1401
A,impostor,0.2030
A,impostor,0.1514
A,impostor,0.1863
A,impostor,0.1123
A,impostor,0.2330
A,impostor,0.1354
A,impostor,0.4061
A,impostor,0.2259
A,impostor,0.1355
A,impostor,0.1593
A,impostor,0.3349
A,impostor,0.1139
A,impostor,0.1340
A,impostor,0.2276
A,impostor,0.3372
A,impostor,0.1557
A,impostor,0.0974
A,impostor,0.2939
A,impostor,0.2516
A,impostor,0.1439
A,impostor,0.1130
A,impostor,0.1457
A,impostor,0.1601
A,impostor,0.3219
A,impostor,0.1744
A,impostor,0.2353
A,impostor,0.3225
A,impostor,0.0870
A,impostor,0.2679
A,impostor,0.2901
A,impostor,0.3492
A,impostor,0.1708
A,impostor,0.2675
A,impostor,0.2395
A,impostor,0.1821
A,impostor,0.1137
A,impostor,0.0806
A,impostor,0.2989
A,impostor,0.1197
A,impostor,0.1878
A,impostor,0.3690
A,impostor,0.2388
A,impostor,0.0944
A,impostor,0.4302
A,impostor,0.2696
A,impostor,0.4522
A,impostor,0.2595
A,impostor,0.3114
A,impostor,0.4011
A,impostor,0.2767
A,impostor,0.2274
A,impostor,0.3165
A,impostor,0.1136
A,impostor,0.3213
A,impostor,0.0450
A,impostor,0.5800
A,impostor,0.2448
A,impostor,0.3263
A,impostor,0.1758
A,impostor,0.1386
A,impostor,0.3060
A,impostor,0.1585
A,impostor,0.0651
A,impostor,0.3623
A,impostor,0.1447
A,impostor,0.1925
A,impostor,0.2327
A,impostor,0.1277
A,impostor,0.2504
A,impostor,0.2501
A,impostor,0.1824
A,impostor,0.1953
A,impostor,0.1442
A,impostor,0.2901
A,impostor,0.2599
A,impostor,0.2819
A,impostor,0.2082
A,impostor,0.3387
A,impostor,0.2220
A,impostor,0.4569
A,impostor,0.3458
A,impostor,0.1738
A,impostor,0.4607
A,impostor,0.4848
A,impostor,0.4855
A,impostor,0.3414
A,impostor,0.1576
A,impostor,0.2487
A,impostor,0.3566
A,impostor,0.3074
A,impostor,0.2566
A,impostor,0.4197
A,impostor,0.2968
A,impostor,0.2544
A,impostor,0.2573
A,impostor,0.1538
A,impostor,0.3234
A,impostor,0.3998
A,impostor,0.2111
A,impostor,0.0795
A,impostor,0.4517
A,impostor,0.2431
A,impostor,0.1671
A,impostor,0.3227
A,impostor,0.3106
A,impostor,0.2085
A,impostor,0.2599
A,impostor,0.3655
A,impostor,0.3625
A,impostor,0.2573
A,impostor,0.1398
A,impostor,0.1698
A,impostor,0.2293
A,impostor,0.2620
A,impostor,0.1473
A,impostor,0.2428
A,impostor,0.1754
A,impostor,0.4410
A,impostor,0.1495
A,impostor,0.3628
A,impostor,0.1956
A,impostor,0.2559
A,impostor,0.1241
A,impostor,0.2992
A,impostor,0.2230
A,impostor,0.1510
A,impostor,0.1334
A,impostor,0.1838
A,impostor,0.2411
A,impostor,0.4826
A,impostor,0.2956
A,impostor,0.1654
A,impostor,0.2060
A,impostor,0.1241
A,impostor,0.2025
A,impostor,0.2325
A,impostor,0.6365
A,impostor,0.3146
A,impostor,0.3657
A,impostor,0.3551
A,impostor,0.2757
A,impostor,0.2413
A,impostor,0.1004
A,impostor,0.1867
A,impostor,0.2255
A,impostor,0.3225
A,impostor,0.1725
A,impostor,0.4800
A,impostor,0.2146
A,impostor,0.0580
A,impostor,0.2090
A,impostor,0.2465
A,impostor,0.0515
A,impostor,0.3174
A,impostor,0.1071
A,impostor,0.2243
A,impostor,0.1585
A,impostor,0.1107
A,impostor,0.2769
A,impostor,0.0720
A,impostor,0.1821
A,impostor,0.6419
A,impostor,0.3215
A,impostor,0.0756
A,impostor,0.4245
A,impostor,0.4385
A,impostor,0.1664
A,impostor,0.5194
A,impostor,0.2924
A,impostor,0.1853
A,impostor,0.2447
A,impostor,0.1566
A,impostor,0.2554
A,impostor,0.1322
A,impostor,0.2547
A,impostor,0.0772
A,impostor,0.2363
A,impostor,0.2732
A,impostor,0.2352
A,impostor,0.2427
A,impostor,0.2524
A,impostor,0.3858
A,impostor,0.0829
A,impostor,0.4675
A,impostor,0.1244
A,impostor,0.2644
A,impostor,0.2015
A,impostor,0.1388
A,impostor,0.2575
A,impostor,0.0713
A,impostor,0.3008
A,impostor,0.1199
A,impostor,0.1559
A,impostor,0.5034
A,impostor,0.2776
A,impostor,0.4748
A,impostor,0.2210
A,impostor,0.3174
A,impostor,0.3534
A,impostor,0.1461
A,impostor,0.0874
A,impostor,0.2192
A,impostor,0.2803
A,impostor,0.1096
A,impostor,0.1796
A,impostor,0.2854
A,impostor,0.2683
A,impostor,0.2966
A,impostor,0.3912
A,impostor,0.1077
A,impostor,0.1214
A,impostor,0.2035
A,impostor,0.4135
A,impostor,0.2269
A,impostor,0.0940
A,impostor,0.2130
A,impostor,0.2493
A,impostor,0.3242
A,impostor,0.0897
A,impostor,0.1945
A,impostor,0.4033
A,impostor,0.2588
A,impostor,0.3846
A,impostor,0.2810
A,impostor,0.1730
A,impostor,0.3184
A,impostor,0.4372
A,impostor,0.2691
A,impostor,0.0337
A,impostor,0.1502
A,impostor,0.4482
A,impostor,0.2944
A,impostor,0.2812
A,impostor,0.1884
A,impostor,0.0799
A,impostor,0.2776
A,impostor,0.2309
A,impostor,0.2474
A,impostor,0.0632
A,impostor,0.2966
A,impostor,0.1320
A,impostor,0.4033
A,impostor,0.3179
A,impostor,0.2325
A,impostor,0.1089
A,impostor,0.1620
A,impostor,0.4590
A,impostor,0.1842
A,impostor,0.1376
A,impostor,0.3252
A,impostor,0.1118
A,impostor,0.0987
A,impostor,0.1396
A,impostor,0.1974
A,impostor,0.1557
A,impostor,0.1013
A,impostor,0.3662
A,impostor,0.2376
A,impostor,0.3588
A,impostor,0.0946
A,impostor,0.1635
A,impostor,0.4019
A,impostor,0.1947
A,impostor,0.4442
A,impostor,0.2052
A,impostor,0.2905
A,impostor,0.2271
A,impostor,0.1090
A,impostor,0.2627
A,impostor,0.4929
A,impostor,0.1684
A,impostor,0.2139
A,impostor,0.4762
A,impostor,0.5163
A,impostor,0.2189
A,impostor,0.2326
A,impostor,0.1728
A,impostor,0.2232
A,impostor,0.2825
A,impostor,0.1542
A,impostor,0.3995
A,impostor,0.3831
A,impostor,0.1681
A,impostor,0.1427
A,impostor,0.4893
A,impostor,0.1764
A,impostor,0.1545
A,impostor,0.0690
A,impostor,0.1253
A,impostor,0.3229
A,impostor,0.2047
A,impostor,0.1592
A,impostor,0.3685
A,impostor,0.1874
A,impostor,0.1554
A,impostor,0.5800
A,impostor,0.2757
A,impostor,0.3236
A,impostor,0.3583
A,impostor,0.1345
A,impostor,0.2083
A,impostor,0.3497
A,impostor,0.4788
A,impostor,0.2969
A,impostor,0.4935
A,impostor,0.0808
A,impostor,0.3167
A,impostor,0.1276
A,impostor,0.0885
A,impostor,0.3232
A,impostor,0.1196
A,impostor,0.3641
A,impostor,0.4864
A,impostor,0.0683
A,impostor,0.2507
A,impostor,0.1605
A,impostor,0.0472
A,impostor,0.2285
A,impostor,0.4151
A,impostor,0.3116
A,impostor,0.2399
A,impostor,0.3961
A,impostor,0.3649
A,impostor,0.2361
A,impostor,0.0688
A,impostor,0.3043
A,impostor,0.2896
A,impostor,0.3041
A,impostor,0.1344
A,impostor,0.2126
A,impostor,0.0372
A,impostor,0.2118
A,impostor,0.2940
A,impostor,0.2809
A,impostor,0.6793
A,impostor,0.1378
A,impostor,0.4766
A,impostor,0.3459
A,impostor,0.3246
A,impostor,0.2696
A,impostor,0.1444
A,impostor,0.1783
A,impostor,0.4348
A,impostor,0.2973
A,impostor,0.3874
A,impostor,0.2142
A,impostor,0.3024
A,impostor,0.1197
A,impostor,0.4873
A,impostor,0.0645
A,impostor,0.3749
A,impostor,0.1503
A,impostor,0.1226
A,impostor,0.1615
A,impostor,0.1762
A,impostor,0.1906
A,impostor,0.2935
A,impostor,0.3115
A,impostor,0.0879
A,impostor,0.2172
A,impostor,0.1666
A,impostor,0.1380
A,impostor,0.1559
A,impostor,0.0711
A,impostor,0.2031
A,impostor,0.0780
A,impostor,0.4629
A,impostor,0.1345
A,impostor,0.5162
A,impostor,0.2757
A,impostor,0.3119
A,impostor,0.0976
A,impostor,0.3276
A,impostor,0.2138
A,impostor,0.1941
A,impostor,0.1728
A,impostor,0.2930
A,impostor,0.3731
A,impostor,0.2331
A,impostor,0.0820
A,impostor,0.1653
A,impostor,0.2627
A,impostor,0.1861
A,impostor,0.1347
A,impostor,0.1504
A,impostor,0.2795
A,impostor,0.3939
A,impostor,0.3241
A,impostor,0.1442
A,impostor,0.2684
A,impostor,0.1216
A,impostor,0.2362
A,impostor,0.2128
A,impostor,0.1518
A,impostor,0.2834
A,impostor,0.1187
A,impostor,0.4506
A,impostor,0.2260
A,impostor,0.1865
A,impostor,0.2224
A,impostor,0.2298
A,impostor,0.1253
A,impostor,0.1725
A,impostor,0.1393
A,impostor,0.2802
A,impostor,0.3921
A,impostor,0.2204
A,impostor,0.6101
A,impostor,0.0542
A,impostor,0.2850
A,impostor,0.2695
A,impostor,0.6693
A,impostor,0.2998
A,impostor,0.1223
A,impostor,0.3472
A,impostor,0.2667
A,impostor,0.0612
A,impostor,0.2570
A,impostor,0.1959
A,impostor,0.0564
A,impostor,0.1686
A,impostor,0.4236
A,impostor,0.1512
A,impostor,0.2673
A,impostor,0.1636
A,impostor,0.1460
A,impostor,0.3325
A,impostor,0.1752
A,impostor,0.0653
A,impostor,0.3362
A,impostor,0.4162
A,impostor,0.3390
A,impostor,0.1879
A,impostor,0.3257
A,impostor,0.1524
A,impostor,0.2566
A,impostor,0.2687
A,impostor,0.1336
A,impostor,0.2684
A,impostor,0.3610
A,impostor,0.0961
A,impostor,0.2063
A,impostor,0.1273
A,impostor,0.2806
A,impostor,0.3945
A,impostor,0.1068
A,impostor,0.2632
A,impostor,0.1296
A,impostor,0.1695
A,impostor,0.1117
A,impostor,0.2609
A,impostor,0.2881
A,impostor,0.2555
A,impostor,0.0827
A,impostor,0.0956
A,impostor,0.1237
A,impostor,0.1375
A,impostor,0.3645
A,impostor,0.1941
A,impostor,0.3445
A,impostor,0.3926
A,impostor,0.3121
A,impostor,0.2142
A,impostor,0.2365
A,impostor,0.4557
A,impostor,0.1130
A,impostor,0.3827
A,impostor,0.1279
A,impostor,0.1724
A,impostor,0.2522
A,impostor,0.3450
A,impostor,0.2499
A,impostor,0.1590
A,impostor,0.3397
A,impostor,0.3413
A,impostor,0.4510
A,impostor,0.3104
A,impostor,0.2660
A,impostor,0.3145
A,impostor,0.1434
A,impostor,0.4003
A,impostor,0.1372
A,impostor,0.1175
A,impostor,0.2339
A,impostor,0.2310
A,impostor,0.4178
A,impostor,0.0527
A,impostor,0.5287
A,impostor,0.2321
A,impostor,0.4097
A,impostor,0.2692
A,impostor,0.2755
A,impostor,0.2394
A,impostor,0.2099
A,impostor,0.2029
A,impostor,0.2373
A,impostor,0.0805
A,impostor,0.3410
A,impostor,0.1462
A,impostor,0.4381
A,impostor,0.2685
A,impostor,0.5253
A,impostor,0.4120
A,impostor,0.2402
A,impostor,0.2310
A,impostor,0.1214
A,impostor,0.1624
A,impostor,0.1046
A,impostor,0.1905
A,impostor,0.1480
A,impostor,0.2878
A,impostor,0.2863
A,impostor,0.1421
A,impostor,0.2794
A,impostor,0.5288
A,impostor,0.3610
A,impostor,0.2017
A,impostor,0.1236
A,impostor,0.1602
A,impostor,0.3954
A,impostor,0.3902
A,impostor,0.2324
A,impostor,0.1253
A,impostor,0.1873
A,impostor,0.1734
A,impostor,0.4075
A,impostor,0.4005
A,impostor,0.0953
A,impostor,0.1085
A,impostor,0.0356
A,impostor,0.1257
A,impostor,0.1431
A,impostor,0.1736
A,impostor,0.0882
A,impostor,0.1718
A,impostor,0.2019
A,impostor,0.1325
A,impostor,0.1927
A,impostor,0.1191
A,impostor,0.0485
A,impostor,0.3110
A,impostor,0.3366
A,impostor,0.1279
A,impostor,0.0977
A,impostor,0.5018
A,impostor,0.2551
A,impostor,0.1163
A,impostor,0.2255
A,impostor,0.1343
A,impostor,0.1026
A,impostor,0.0927
A,impostor,0.3244
A,impostor,0.1502
A,impostor,0.3556
A,impostor,0.2465
A,impostor,0.2900
A,impostor,0.2436
A,impostor,0.3561
A,impostor,0.2742
A,impostor,0.1665
A,impostor,0.4558
A,impostor,0.4549
A,impostor,0.1915
A,impostor,0.4273
A,impostor,0.2253
A,impostor,0.2180
A,impostor,0.1887
A,impostor,0.0740
A,impostor,0.4301
A,impostor,0.1907
A,impostor,0.1220
A,impostor,0.3961
A,impostor,0.6518
A,impostor,0.2666
A,impostor,0.4597
A,impostor,0.1629
A,impostor,0.2230
A,impostor,0.3957
A,impostor,0.3382
A,impostor,0.2402
A,impostor,0.1568
A,impostor,0.1113
A,impostor,0.1441
A,impostor,0.4082
A,impostor,0.2852
A,impostor,0.1282
A,impostor,0.4837
A,impostor,0.1986
A,impostor,0.1470
A,impostor,0.4184
A,impostor,0.3811
A,impostor,0.5079
A,impostor,0.1931
A,impostor,0.5147
A,impostor,0.0994
A,impostor,0.2685
A,impostor,0.3194
A,impostor,0.4915
A,impostor,0.2475
A,impostor,0.2902
A,impostor,0.0615
A,impostor,0.2019
A,impostor,0.1131
A,impostor,0.4265
A,impostor,0.3786
A,impostor,0.1538
A,impostor,0.3761
A,impostor,0.3439
A,impostor,0.1396
A,impostor,0.1609
A,impostor,0.2283
A,impostor,0.3625
A,impostor,0.4306
A,impostor,0.1517
A,impostor,0.5262
A,impostor,0.1541
A,impostor,0.3632
A,impostor,0.1943
A,impostor,0.3871
A,impostor,0.1585
A,impostor,0.1751
A,impostor,0.0614
A,impostor,0.1355
A,impostor,0.3274
A,impostor,0.4044
A,impostor,0.2731
A,impostor,0.3136
A,impostor,0.3137
A,impostor,0.5702
A,impostor,0.1346
A,impostor,0.3781
A,impostor,0.4895
A,impostor,0.1424
A,impostor,0.0626
A,impostor,0.4823
A,impostor,0.2453
A,impostor,0.2101
A,impostor,0.2541
A,impostor,0.4730
A,impostor,0.1662
A,impostor,0.1989
A,impostor,0.4123
A,impostor,0.0778
A,impostor,0.2249
A,impostor,0.4313
A,impostor,0.2256
A,impostor,0.1543
A,impostor,0.2739
A,impostor,0.3659
A,impostor,0.1710
A,impostor,0.2004
A,impostor,0.2257
A,impostor,0.1106
A,impostor,0.2104
A,impostor,0.3254
A,impostor,0.2424
A,impostor,0.2685
A,impostor,0.3163
A,impostor,0.4824
A,impostor,0.0768
A,impostor,0.1925
A,impostor,0.3586
A,impostor,0.1251
A,impostor,0.1343
A,impostor,0.2982
A,impostor,0.1283
A,impostor,0.4713
A,impostor,0.3332
A,impostor,0.3249
A,impostor,0.2920
A,impostor,0.0965
A,impostor,0.1416
A,impostor,0.1712
A,impostor,0.2218
A,impostor,0.3101
A,impostor,0.1819
A,impostor,0.2292
A,impostor,0.3987
A,impostor,0.1958
A,impostor,0.2109
A,impostor,0.1795
A,impostor,0.2070
A,impostor,0.1838
A,impostor,0.4926
A,impostor,0.5831
A,impostor,0.1556
A,impostor,0.4640
A,impostor,0.4573
A,impostor,0.3977
A,impostor,0.4306
A,impostor,0.4045
A,impostor,0.4343
A,impostor,0.1943
A,impostor,0.4230
A,impostor,0.3143
A,impostor,0.4531
A,impostor,0.1201
A,impostor,0.2724
A,impostor,0.1283
A,impostor,0.1733
A,impostor,0.2452
A,impostor,0.4868
A,impostor,0.1168
A,impostor,0.3252
A,impostor,0.1798
A,impostor,0.2180
A,impostor,0.1645
A,impostor,0.2585
A,impostor,0.4041
A,impostor,0.2258
A,impostor,0.3585
A,impostor,0.1420
A,impostor,0.1616
A,impostor,0.1426
A,impostor,0.2543
A,impostor,0.4410
A,impostor,0.1965
A,impostor,0.4455
A,impostor,0.1336
A,impostor,0.3180
A,impostor,0.3173
A,impostor,0.2409
A,impostor,0.2658
A,impostor,0.1447
A,impostor,0.4260
A,impostor,0.3870
A,impostor,0.0788
A,impostor,0.0757
A,impostor,0.3808
A,impostor,0.2671
A,impostor,0.2956
A,impostor,0.1871
A,impostor,0.2851
A,impostor,0.3697
A,impostor,0.1093
A,impostor,0.2367
A,impostor,0.2206
A,impostor,0.1369
A,impostor,0.4795
A,impostor,0.4587
A,impostor,0.3768
A,impostor,0.2381
A,impostor,0.1382
A,impostor,0.1640
A,impostor,0.3510
A,impostor,0.1585
A,impostor,0.4230
A,impostor,0.5480
A,impostor,0.1174
A,impostor,0.3064
A,impostor,0.1128
A,impostor,0.1610
A,impostor,0.1601
A,impostor,0.3171
A,impostor,0.3390
A,impostor,0.2596
A,impostor,0.3492
A,impostor,0.1795
A,impostor,0.2198
A,impostor,0.3031
A,impostor,0.0988
A,impostor,0.1814
A,impostor,0.2230
A,impostor,0.2210
A,impostor,0.2826
A,impostor,0.4031
A,impostor,0.1386
A,impostor,0.5059
A,impostor,0.1392
A,impostor,0.1423
A,impostor,0.1985
A,impostor,0.3584
A,impostor,0.2848
A,impostor,0.1879
A,impostor,0.5539
A,impostor,0.2320
A,impostor,0.2962
A,impostor,0.3983
A,impostor,0.3069
A,impostor,0.0794
A,impostor,0.1492
A,impostor,0.4422
A,impostor,0.4157
A,impostor,0.4440
A,impostor,0.1983
A,impostor,0.2437
A,impostor,0.2358
A,impostor,0.1840
A,impostor,0.2691
A,impostor,0.2683
A,impostor,0.1243
A,impostor,0.3087
A,impostor,0.1253
A,impostor,0.0959
A,impostor,0.4731
A,impostor,0.1891
A,impostor,0.3282
A,impostor,0.1071
A,impostor,0.2592
A,impostor,0.3802
A,impostor,0.3930
A,impostor,0.4241
A,impostor,0.3296
A,impostor,0.1594
A,impostor,0.2648
A,impostor,0.3591
A,impostor,0.3856
A,impostor,0.2198
A,impostor,0.3109
A,impostor,0.1129
A,impostor,0.3361
A,impostor,0.3885
A,impostor,0.2576
A,impostor,0.2745
A,impostor,0.1576
A,impostor,0.2171
A,impostor,0.3301
A,impostor,0.5096
A,impostor,0.0838
A,impostor,0.1914
A,impostor,0.2691
A,impostor,0.3431
A,impostor,0.1436
A,impostor,0.4855
A,impostor,0.2942
A,impostor,0.3030
A,impostor,0.5281
A,impostor,0.2115
A,impostor,0.2421
A,impostor,0.1541
A,impostor,0.1056
A,impostor,0.1438
A,impostor,0.3667
A,impostor,0.3660
A,impostor,0.2140
A,impostor,0.1247
A,impostor,0.1407
A,impostor,0.2465
A,impostor,0.3405
A,impostor,0.1091
A,impostor,0.4408
A,impostor,0.4684
A,impostor,0.0794
A,impostor,0.0819
A,impostor,0.3262
A,impostor,0.4660
A,impostor,0.2434
A,impostor,0.1906
A,impostor,0.1671
A,impostor,0.1920
A,impostor,0.1836
A,impostor,0.1071
A,impostor,0.4591
A,impostor,0.0940
A,impostor,0.3125
A,impostor,0.1336
A,impostor,0.2041
A,impostor,0.1754
A,impostor,0.1026
A,impostor,0.4922
A,impostor,0.3088
A,impostor,0.2199
A,impostor,0.4939
A,impostor,0.1397
A,impostor,0.2600
A,impostor,0.1757
A,impostor,0.4032
A,impostor,0.1060
A,impostor,0.2589
A,impostor,0.1162
A,impostor,0.2335
A,impostor,0.2798
A,impostor,0.3473
A,impostor,0.3549
A,impostor,0.3124
A,impostor,0.2099
A,impostor,0.5820
A,impostor,0.1095
A,impostor,0.1777
A,impostor,0.2259
A,impostor,0.2517
A,impostor,0.0368
A,impostor,0.1872
A,impostor,0.2743
A,impostor,0.3950
A,impostor,0.2579
A,impostor,0.1030
A,impostor,0.5131
A,impostor,0.4281
A,impostor,0.2789
A,impostor,0.2630
A,impostor,0.1587
A,impostor,0.2408
A,impostor,0.1347
A,impostor,0.1522
A,impostor,0.1827
A,impostor,0.1470
A,impostor,0.2314
A,impostor,0.3806
A,impostor,0.3193
A,impostor,0.3034
A,impostor,0.3855
A,impostor,0.2887
A,impostor,0.3284
A,impostor,0.0460
A,impostor,0.1379
A,impostor,0.3028
A,impostor,0.1546
A,impostor,0.0642
A,impostor,0.3901
A,impostor,0.2002
A,impostor,0.1975
A,impostor,0.2221
A,impostor,0.1767
A,impostor,0.3307
A,impostor,0.3555
A,impostor,0.4206
A,impostor,0.3119
A,impostor,0.1411
A,impostor,0.2490
A,impostor,0.1815
A,impostor,0.1485
A,impostor,0.3445
A,impostor,0.3287
A,impostor,0.1551
A,impostor,0.2780
A,impostor,0.1595
A,impostor,0.1611
A,impostor,0.2145
A,impostor,0.2870
A,impostor,0.1235
A,impostor,0.2651
A,impostor,0.1744
A,impostor,0.1279
A,impostor,0.4086
A,impostor,0.1367
A,impostor,0.0591
A,impostor,0.2554
A,impostor,0.0368
A,impostor,0.2488
A,impostor,0.2707
A,impostor,0.0994
A,impostor,0.1750
A,impostor,0.3521
A,impostor,0.0984
A,impostor,0.3133
A,impostor,0.1856
A,impostor,0.1444
A,impostor,0.4458
A,impostor,0.4128
A,impostor,0.1869
A,impostor,0.2473
A,impostor,0.3117
A,impostor,0.1087
A,impostor,0.2508
A,impostor,0.1139
A,impostor,0.3983
A,impostor,0.0989
A,impostor,0.5002
A,impostor,0.1019
A,impostor,0.2106
A,impostor,0.4965
A,impostor,0.2371
A,impostor,0.3955
A,impostor,0.3288
A,impostor,0.2525
A,impostor,0.2901
A,impostor,0.1563
A,impostor,0.2008
A,impostor,0.1349
A,impostor,0.1468
A,impostor,0.1463
A,impostor,0.2812
A,impostor,0.2314
A,impostor,0.1819
A,impostor,0.1036
A,impostor,0.4253
A,impostor,0.0302
A,impostor,0.1109
A,impostor,0.2662
A,impostor,0.4220
A,impostor,0.1674
A,impostor,0.4001
A,impostor,0.3616
A,impostor,0.1367
A,impostor,0.0475
A,impostor,0.4208
A,impostor,0.1630
A,impostor,0.2627
A,impostor,0.2671
A,impostor,0.5014
A,impostor,0.1431
A,impostor,0.2993
A,impostor,0.1082
A,impostor,0.2831
A,impostor,0.2112
A,impostor,0.2296
A,impostor,0.1860
A,impostor,0.1994
A,impostor,0.2141
A,impostor,0.5019
A,impostor,0.0488
A,impostor,0.1595
A,impostor,0.4256
A,impostor,0.2670
A,impostor,0.1846
A,impostor,0.2526
A,impostor,0.3204
A,impostor,0.0703
A,impostor,0.2099
A,impostor,0.2697
A,impostor,0.3389
A,impostor,0.3793
A,impostor,0.0106
A,impostor,0.1576
A,impostor,0.1269
A,impostor,0.2634
A,impostor,0.3608
A,impostor,0.2593
A,impostor,0.6376
A,impostor,0.2707
A,impostor,0.2884
A,impostor,0.0984
A,impostor,0.1424
A,impostor,0.1850
A,impostor,0.1029
A,impostor,0.2327
A,impostor,0.2174
A,impostor,0.5145
A,impostor,0.1047
A,impostor,0.1384
A,impostor,0.3797
A,impostor,0.2457
A,impostor,0.2772
A,impostor,0.1326
A,impostor,0.4000
A,impostor,0.1145
A,impostor,0.2243
A,impostor,0.3598
A,impostor,0.2387
A,impostor,0.1436
A,impostor,0.1872
A,impostor,0.2083
A,impostor,0.2884
A,impostor,0.0507
A,impostor,0.2657
A,impostor,0.2574
A,impostor,0.3231
A,impostor,0.2155
A,impostor,0.1224
A,impostor,0.1723
A,impostor,0.2027
A,impostor,0.3793
A,impostor,0.0626
A,impostor,0.2133
A,impostor,0.1777
A,impostor,0.3364
A,impostor,0.0537
A,impostor,0.2593
A,impostor,0.3233
A,impostor,0.2021
A,impostor,0.1186
A,impostor,0.3349
A,impostor,0.1856
A,impostor,0.2478
A,impostor,0.2997
A,impostor,0.1228
A,impostor,0.1061
A,impostor,0.3703
A,impostor,0.0511
A,impostor,0.1274
A,impostor,0.4671
A,impostor,0.2899
A,impostor,0.3556
A,impostor,0.3297
A,impostor,0.1252
A,impostor,0.1057
A,impostor,0.1107
A,impostor,0.4810
A,impostor,0.2107
A,impostor,0.4513
A,impostor,0.1768
A,impostor,0.2713
A,impostor,0.1776
A,impostor,0.0830
A,impostor,0.2777
A,impostor,0.1755
A,impostor,0.2161
A,impostor,0.2772
A,impostor,0.4023
A,impostor,0.1460
A,impostor,0.3160
A,impostor,0.1393
A,impostor,0.2614
A,impostor,0.2795
A,impostor,0.2263
A,impostor,0.4716
A,impostor,0.3165
A,impostor,0.6204
A,impostor,0.3422
A,impostor,0.1555
A,impostor,0.1513
A,impostor,0.1041
A,impostor,0.1111
A,impostor,0.1403
A,impostor,0.4692
A,impostor,0.2536
A,impostor,0.2472
A,impostor,0.1538
A,impostor,0.0866
A,impostor,0.3566
A,impostor,0.3795
A,impostor,0.3278
A,impostor,0.2769
A,impostor,0.3276
A,impostor,0.2725
A,impostor,0.1879
A,impostor,0.1777
A,impostor,0.1721
A,impostor,0.1858
A,impostor,0.3438
A,impostor,0.0830
A,impostor,0.4973
A,impostor,0.1534
A,impostor,0.1201
A,impostor,0.2933
A,impostor,0.1712
A,impostor,0.2181
A,impostor,0.3052
A,impostor,0.4558
A,impostor,0.3490
A,impostor,0.2460
A,impostor,0.2346
A,impostor,0.3186
A,impostor,0.4419
A,impostor,0.2580
A,impostor,0.3962
A,impostor,0.1473
A,impostor,0.1407
A,impostor,0.1825
A,impostor,0.5753
A,impostor,0.2184
A,impostor,0.4134
A,impostor,0.1792
A,impostor,0.5663
A,impostor,0.2143
A,impostor,0.2127
A,impostor,0.1899
A,impostor,0.3247
A,impostor,0.1525
A,impostor,0.2342
A,impostor,0.1907
A,impostor,0.2340
A,impostor,0.1547
A,impostor,0.5374
A,impostor,0.1695
A,impostor,0.2226
A,impostor,0.3339
A,impostor,0.2573
A,impostor,0.2742
A,impostor,0.1406
A,impostor,0.1830
A,impostor,0.1933
A,impostor,0.0644
A,impostor,0.1916
A,impostor,0.1639
A,impostor,0.1948
A,impostor,0.2091
A,impostor,0.0670
A,impostor,0.0936
A,impostor,0.3669
A,impostor,0.2674
A,impostor,0.3527
A,impostor,0.1038
A,impostor,0.2312
A,impostor,0.1096
A,impostor,0.2931
A,impostor,0.2328
A,impostor,0.2676
A,impostor,0.3791
A,impostor,0.1785
A,impostor,0.2875
A,impostor,0.2872
A,impostor,0.2619
A,impostor,0.1873
A,impostor,0.3944
A,impostor,0.1823
A,impostor,0.4453
A,impostor,0.2346
A,impostor,0.1939
A,impostor,0.0984
A,impostor,0.2870
A,impostor,0.2888
A,impostor,0.1355
A,impostor,0.2346
A,impostor,0.0760
A,impostor,0.3892
A,impostor,0.1801
A,impostor,0.3154
A,impostor,0.2744
A,impostor,0.3286
A,impostor,0.1959
A,impostor,0.4044
A,impostor,0.4291
A,impostor,0.3257
A,impostor,0.1215
A,impostor,0.1434
A,impostor,0.1101
A,impostor,0.2850
A,impostor,0.4384
A,impostor,0.1524
A,impostor,0.2630
A,impostor,0.1616
A,impostor,0.1196
A,impostor,0.2448
A,impostor,0.2260
A,impostor,0.4007
A,impostor,0.1845
A,impostor,0.0113
A,impostor,0.1155
A,impostor,0.2299
A,impostor,0.3716
A,impostor,0.1654
A,impostor,0.3088
A,impostor,0.0794
A,impostor,0.2010
A,impostor,0.3814
A,impostor,0.4562
A,impostor,0.2101
A,impostor,0.1931
A,impostor,0.3116
A,impostor,0.2806
A,impostor,0.1774
A,impostor,0.1153
A,impostor,0.2433
A,impostor,0.3046
A,impostor,0.2088
A,impostor,0.1501
A,impostor,0.1780
A,impostor,0.6268
A,impostor,0.2926
A,impostor,0.1166
A,impostor,0.2362
A,impostor,0.4132
A,impostor,0.1503
A,impostor,0.1382
A,impostor,0.1510
A,impostor,0.0936
A,impostor,0.3156
A,impostor,0.2758
A,impostor,0.0726
A,impostor,0.2287
A,impostor,0.1352
A,impostor,0.0970
A,impostor,0.2529
A,impostor,0.2263
A,impostor,0.1076
A,impostor,0.3729
A,impostor,0.1849
A,impostor,0.2398
A,impostor,0.4836
A,impostor,0.1662
A,impostor,0.1914
A,impostor,0.2235
A,impostor,0.2764
A,impostor,0.3488
A,impostor,0.4547
A,impostor,0.1589
A,impostor,0.2002
A,impostor,0.1179
A,impostor,0.1411
A,impostor,0.4335
A,impostor,0.3242
A,impostor,0.3932
A,impostor,0.2400
A,impostor,0.3607
A,impostor,0.2431
A,impostor,0.1899
A,impostor,0.6101
A,impostor,0.3403
A,impostor,0.3764
A,impostor,0.3040
A,impostor,0.3909
A,impostor,0.1811
A,impostor,0.3704
A,impostor,0.1879
A,impostor,0.2715
A,impostor,0.3020
A,impostor,0.2147
A,impostor,0.1057
A,impostor,0.4298
A,impostor,0.4665
A,impostor,0.0556
A,impostor,0.1164
A,impostor,0.1055
A,impostor,0.1130
A,impostor,0.4057
A,impostor,0.2065
A,impostor,0.1811
A,impostor,0.1136
A,impostor,0.1470
A,impostor,0.3233
A,impostor,0.1866
A,impostor,0.0508
A,impostor,0.0811
A,impostor,0.3238
A,impostor,0.1725
A,impostor,0.5302
A,impostor,0.4006
A,impostor,0.3599
A,impostor,0.1146
A,impostor,0.0968
A,impostor,0.1964
A,impostor,0.1024
A,impostor,0.1718
A,impostor,0.1870
A,impostor,0.2810
A,impostor,0.3219
A,impostor,0.3000
A,impostor,0.2086
A,impostor,0.5049
A,impostor,0.1704
A,impostor,0.3553
A,impostor,0.3182
A,impostor,0.2378
A,impostor,0.3232
A,impostor,0.1047
A,impostor,0.2577
A,impostor,0.3572
A,impostor,0.1149
A,impostor,0.1695
A,impostor,0.2811
A,impostor,0.1727
A,impostor,0.2831
A,impostor,0.3276
A,impostor,0.4177
A,impostor,0.1592
A,impostor,0.3511
A,impostor,0.3685
A,impostor,0.4676
A,impostor,0.2087
A,impostor,0.1880
A,impostor,0.3640
A,impostor,0.0689
A,impostor,0.2167
A,impostor,0.1153
A,impostor,0.2603
A,impostor,0.1703
A,impostor,0.2528
A,impostor,0.3414
A,impostor,0.2361
A,impostor,0.1226
A,impostor,0.5795
A,impostor,0.4406
A,impostor,0.0453
A,impostor,0.4610
A,impostor,0.3321
A,impostor,0.1158
A,impostor,0.3688
A,impostor,0.3495
A,impostor,0.2726
A,impostor,0.1176
A,impostor,0.3423
A,impostor,0.1950
A,impostor,0.1540
A,impostor,0.5782
A,impostor,0.0578
A,impostor,0.3395
A,impostor,0.1880
A,impostor,0.4302
A,impostor,0.5508
A,impostor,0.1051
A,impostor,0.1722
A,impostor,0.2356
A,impostor,0.0700
A,impostor,0.2804
A,impostor,0.1859
A,impostor,0.0707
A,impostor,0.2060
A,impostor,0.2047
A,impostor,0.0483
A,impostor,0.0718
A,impostor,0.3049
A,impostor,0.3132
A,impostor,0.2839
A,impostor,0.2296
A,impostor,0.3675
A,impostor,0.3666
A,impostor,0.2573
A,impostor,0.1841
A,impostor,0.3310
A,impostor,0.2030
A,impostor,0.1074
A,impostor,0.3557
A,impostor,0.3526
A,impostor,0.2441
A,impostor,0.2503
A,impostor,0.5217
A,impostor,0.1881
A,impostor,0.1990
A,impostor,0.2615
A,impostor,0.2350
A,impostor,0.1316
A,impostor,0.1259
A,impostor,0.3526
A,impostor,0.3914
A,impostor,0.3643
A,impostor,0.1504
A,impostor,0.3764
A,impostor,0.0752
A,impostor,0.1620
A,impostor,0.2627
A,impostor,0.2244
A,impostor,0.1520
A,impostor,0.1951
A,impostor,0.1815
A,impostor,0.3697
A,impostor,0.2088
A,impostor,0.2670
A,impostor,0.1460
A,impostor,0.3214
A,impostor,0.1505
A,impostor,0.2233
A,impostor,0.0933
A,impostor,0.2613
A,impostor,0.0783
A,impostor,0.3603
A,impostor,0.2400
A,impostor,0.1659
A,impostor,0.3432
A,impostor,0.2327
A,impostor,0.4604
A,impostor,0.3973
A,impostor,0.3278
A,impostor,0.2320
A,impostor,0.2391
A,impostor,0.5664
A,impostor,0.2973
A,impostor,0.1802
A,impostor,0.2319
A,impostor,0.1135
A,impostor,0.2139
A,impostor,0.1912
A,impostor,0.4190
A,impostor,0.2841
A,impostor,0.2649
A,impostor,0.0600
A,impostor,0.2884
A,impostor,0.2494
A,impostor,0.2773
A,impostor,0.1974
A,impostor,0.2162
A,impostor,0.2441
A,impostor,0.2013
A,impostor,0.2200
A,impostor,0.3697
A,impostor,0.1382
A,impostor,0.2496
A,impostor,0.0983
A,impostor,0.1774
A,impostor,0.2443
A,impostor,0.2304
A,impostor,0.0171
A,impostor,0.3134
A,impostor,0.0923
A,impostor,0.3330
A,impostor,0.0756
A,impostor,0.0668
A,impostor,0.2362
A,impostor,0.1269
A,impostor,0.2365
A,impostor,0.1597
A,impostor,0.1244
A,impostor,0.2443
A,impostor,0.4167
A,impostor,0.2248
A,impostor,0.3276
A,impostor,0.1544
A,impostor,0.1530
A,impostor,0.5133
A,impostor,0.4271
A,impostor,0.1182
A,impostor,0.1969
A,impostor,0.2544
A,impostor,0.1453
A,impostor,0.2309
A,impostor,0.2706
A,impostor,0.4536
A,impostor,0.2221
A,impostor,0.4375
A,impostor,0.2409
A,impostor,0.1405
A,impostor,0.3196
A,impostor,0.3336
A,impostor,0.4089
A,impostor,0.3579
A,impostor,0.0996
A,impostor,0.2107
A,impostor,0.2221
A,impostor,0.1548
A,impostor,0.1841
A,impostor,0.0494
A,impostor,0.2430
A,impostor,0.3691
A,impostor,0.1968
A,impostor,0.1158
A,impostor,0.2634
A,impostor,0.1358
A,impostor,0.2104
A,impostor,0.0522
A,impostor,0.4109
A,impostor,0.3570
A,impostor,0.2362
A,impostor,0.4293
A,impostor,0.4043
A,impostor,0.1805
A,impostor,0.3412
A,impostor,0.1992
A,impostor,0.3258
A,impostor,0.1777
A,impostor,0.4073
A,impostor,0.4249
A,impostor,0.2208
A,impostor,0.1706
A,impostor,0.2798
A,impostor,0.4189
A,impostor,0.0950
A,impostor,0.2665
A,impostor,0.3795
A,impostor,0.4320
A,impostor,0.2805
A,impostor,0.1473
A,impostor,0.2059
A,impostor,0.4294
A,impostor,0.3298
A,impostor,0.2508
A,impostor,0.1825
A,impostor,0.3009
A,impostor,0.3512
A,impostor,0.2898
A,impostor,0.1214
A,impostor,0.1017
A,impostor,0.1149
A,impostor,0.2172
A,impostor,0.3871
A,impostor,0.4463
A,impostor,0.1848
A,impostor,0.0797
A,impostor,0.1750
A,impostor,0.1782
A,impostor,0.3743
A,impostor,0.4162
A,impostor,0.1001
A,impostor,0.3267
A,impostor,0.2156
A,impostor,0.2234
A,impostor,0.2482
A,impostor,0.4018
A,impostor,0.1842
A,impostor,0.2650
A,impostor,0.1001
A,impostor,0.2995
A,impostor,0.0720
A,impostor,0.3014
A,impostor,0.0936
A,impostor,0.3666
A,impostor,0.1922
A,impostor,0.2426
A,impostor,0.3283
A,impostor,0.3452
A,impostor,0.1412
A,impostor,0.1866
A,impostor,0.1869
A,impostor,0.0832
A,impostor,0.1735
A,impostor,0.0357
A,impostor,0.1560
A,impostor,0.1234
A,impostor,0.3826
A,impostor,0.4022
A,impostor,0.1825
A,impostor,0.3947
A,impostor,0.2712
A,impostor,0.3646
A,impostor,0.2428
A,impostor,0.6158
A,impostor,0.3815
A,impostor,0.4471
A,impostor,0.1711
A,impostor,0.2305
A,impostor,0.1311
A,impostor,0.0373
A,impostor,0.5296
A,impostor,0.4819
A,impostor,0.0744
A,impostor,0.6562
A,impostor,0.3155
A,impostor,0.1690
A,impostor,0.4205
A,impostor,0.2192
A,impostor,0.0840
A,impostor,0.1587
A,impostor,0.3209
A,impostor,0.1950
A,impostor,0.2329
A,impostor,0.2582
A,impostor,0.1631
A,impostor,0.2636
A,impostor,0.2076
A,impostor,0.2718
A,impostor,0.2621
A,impostor,0.1814
A,impostor,0.1310
A,impostor,0.2739
A,impostor,0.3234
A,impostor,0.3016
A,impostor,0.2310
A,impostor,0.1471
A,impostor,0.2221
A,impostor,0.3209
A,impostor,0.2569
A,impostor,0.2442
A,impostor,0.1229
A,impostor,0.2469
A,impostor,0.1619
A,impostor,0.3496
A,impostor,0.1399
A,impostor,0.1653
A,impostor,0.2223
A,impostor,0.3061
A,impostor,0.4951
A,impostor,0.2226
A,impostor,0.1292
A,impostor,0.1617
A,impostor,0.3040
A,impostor,0.4930
A,impostor,0.1665
A,impostor,0.2365
A,impostor,0.3231
A,impostor,0.2530
A,impostor,0.3471
A,impostor,0.2621
A,impostor,0.2454
A,impostor,0.3917
A,impostor,0.2302
A,impostor,0.3309
A,impostor,0.2678
A,impostor,0.3416
A,impostor,0.0370
A,impostor,0.3640
A,impostor,0.2770
A,impostor,0.0924
A,impostor,0.1540
A,impostor,0.3000
A,impostor,0.2319
A,impostor,0.1857
A,impostor,0.3761
A,impostor,0.3434
A,impostor,0.1567
A,impostor,0.3222
A,impostor,0.1355
A,impostor,0.2041
A,impostor,0.1883
A,impostor,0.1529
A,impostor,0.1192
A,impostor,0.1457
A,impostor,0.2540
A,impostor,0.3938
A,impostor,0.3277
A,impostor,0.1682
A,impostor,0.2262
A,impostor,0.1757
A,impostor,0.3544
A,impostor,0.1436
A,impostor,0.4214
A,impostor,0.3548
A,impostor,0.1026
A,impostor,0.1896
A,impostor,0.0955
A,impostor,0.0973
A,impostor,0.1275
A,impostor,0.4586
A,impostor,0.3208
A,impostor,0.4982
A,impostor,0.4408
A,impostor,0.1985
A,impostor,0.3641
A,impostor,0.1339
A,impostor,0.4743
A,impostor,0.3117
A,impostor,0.3113
A,impostor,0.0982
A,impostor,0.2140
A,impostor,0.2791
A,impostor,0.2116
A,impostor,0.3657
A,impostor,0.1927
A,impostor,0.2183
A,impostor,0.1647
A,impostor,0.1547
A,impostor,0.1526
A,impostor,0.1749
A,impostor,0.1415
A,impostor,0.2255
A,impostor,0.2479
A,impostor,0.1854
A,impostor,0.0970
A,impostor,0.2857
A,impostor,0.3619
A,impostor,0.3031
A,impostor,0.2905
A,impostor,0.4352
A,impostor,0.4721
A,impostor,0.1784
A,impostor,0.2076
A,impostor,0.3234
A,impostor,0.1195
A,impostor,0.2070
A,impostor,0.0997
A,impostor,0.0632
A,impostor,0.3313
A,impostor,0.1486
A,impostor,0.4053
A,impostor,0.1091
A,impostor,0.2022
A,impostor,0.5234
A,impostor,0.2090
A,impostor,0.2999
A,impostor,0.3370
A,impostor,0.2115
A,impostor,0.1143
A,impostor,0.4376
A,impostor,0.3361
A,impostor,0.1325
A,impostor,0.1955
A,impostor,0.0938
A,impostor,0.2220
A,impostor,0.1512
A,impostor,0.0914
A,impostor,0.1935
A,impostor,0.0930
A,impostor,0.0527
A,impostor,0.3543
A,impostor,0.5482
A,impostor,0.2099
A,impostor,0.2024
A,impostor,0.3048
A,impostor,0.1730
A,impostor,0.4391
A,impostor,0.4232
A,impostor,0.1100
A,impostor,0.2758
A,impostor,0.2509
A,impostor,0.1894
A,impostor,0.1698
A,impostor,0.1746
A,impostor,0.0790
A,impostor,0.3352
A,impostor,0.2219
A,impostor,0.3260
A,impostor,0.1824
A,impostor,0.2042
A,impostor,0.1540
A,impostor,0.2494
A,impostor,0.1195
A,impostor,0.3034
A,impostor,0.1049
A,impostor,0.3306
A,impostor,0.4479
A,impostor,0.1137
A,impostor,0.1189
A,impostor,0.2536
A,impostor,0.2321
A,impostor,0.1551
A,impostor,0.3103
A,impostor,0.1047
A,impostor,0.3271
A,impostor,0.1283
A,impostor,0.1026
A,impostor,0.1221
A,impostor,0.2863
A,impostor,0.3113
A,impostor,0.1233
A,impostor,0.1588
A,impostor,0.1403
A,impostor,0.1384
A,impostor,0.1046
A,impostor,0.4767
A,impostor,0.3966
A,impostor,0.3801
A,impostor,0.0399
A,impostor,0.1562
A,impostor,0.0358
A,impostor,0.1682
A,impostor,0.2614
A,impostor,0.2381
A,impostor,0.3024
A,impostor,0.2010
A,impostor,0.1106
A,impostor,0.4896
A,impostor,0.1672
A,impostor,0.4251
A,impostor,0.1249
A,impostor,0.2791
A,impostor,0.1765
A,impostor,0.1804
A,impostor,0.1989
A,impostor,0.2782
A,impostor,0.5436
A,impostor,0.0490
A,impostor,0.1783
A,impostor,0.2563
A,impostor,0.2242
A,impostor,0.0571
A,impostor,0.2281
A,impostor,0.4071
A,impostor,0.3223
A,impostor,0.3601
A,impostor,0.1184
A,impostor,0.3718
A,impostor,0.2149
A,impostor,0.5720
A,impostor,0.1688
A,impostor,0.1246
A,impostor,0.0757
A,impostor,0.0972
A,impostor,0.3247
A,impostor,0.3903
A,impostor,0.3173
A,impostor,0.0401
A,impostor,0.2081
A,impostor,0.1238
A,impostor,0.3747
A,impostor,0.0991
A,impostor,0.4749
A,impostor,0.1140
A,impostor,0.2474
A,impostor,0.3543
A,impostor,0.1617
A,impostor,0.0821
A,impostor,0.2835
A,impostor,0.2384
A,impostor,0.1245
A,impostor,0.2286
A,impostor,0.0833
A,impostor,0.4479
A,impostor,0.1685
A,impostor,0.2582
A,impostor,0.2134
A,impostor,0.1015
A,impostor,0.0927
A,impostor,0.4743
A,impostor,0.1038
A,impostor,0.1355
A,impostor,0.2056
A,impostor,0.3137
A,impostor,0.4845
A,impostor,0.4170
A,impostor,0.4551
A,impostor,0.0886
A,impostor,0.2309
A,impostor,0.3582
A,impostor,0.1487
A,impostor,0.3376
A,impostor,0.2010
A,impostor,0.2305
A,impostor,0.3278
A,impostor,0.3443
A,impostor,0.5392
A,impostor,0.4260
A,impostor,0.2221
A,impostor,0.0802
A,impostor,0.2061
A,impostor,0.2633
A,impostor,0.2035
A,impostor,0.1909
A,impostor,0.1877
A,impostor,0.1944
A,impostor,0.2937
A,impostor,0.1794
A,impostor,0.1063
A,impostor,0.1801
A,impostor,0.6171
A,impostor,0.1148
A,impostor,0.0817
A,impostor,0.1157
A,impostor,0.2370
A,impostor,0.0516
A,impostor,0.3910
A,impostor,0.3295
A,impostor,0.3328
A,impostor,0.0406
A,impostor,0.2626
A,impostor,0.1521
A,impostor,0.2707
A,impostor,0.3491
A,impostor,0.5210
A,impostor,0.1892
A,impostor,0.3517
A,impostor,0.0684
A,impostor,0.4243
A,impostor,0.2769
A,impostor,0.2603
A,impostor,0.4136
A,impostor,0.4710
A,impostor,0.1712
A,impostor,0.3164
A,impostor,0.3552
A,impostor,0.4657
A,impostor,0.1693
A,impostor,0.3387
A,impostor,0.4318
A,impostor,0.1897
A,impostor,0.2238
A,impostor,0.3689
A,impostor,0.4829
A,impostor,0.3209
A,impostor,0.0833
A,impostor,0.3097
A,impostor,0.1918
A,impostor,0.0829
A,impostor,0.5173
A,impostor,0.2955
A,impostor,0.1697
A,impostor,0.0820
A,impostor,0.4276
A,impostor,0.3010
A,impostor,0.3109
A,impostor,0.1525
A,impostor,0.2942
A,impostor,0.4027
A,impostor,0.2039
A,impostor,0.3966
A,impostor,0.1195
A,impostor,0.3115
A,impostor,0.2149
A,impostor,0.2447
A,impostor,0.1797
A,impostor,0.1514
A,impostor,0.0988
A,impostor,0.1870
A,impostor,0.2352
A,impostor,0.3112
A,impostor,0.0805
A,impostor,0.2726
A,impostor,0.3359
A,impostor,0.2314
A,impostor,0.2259
A,impostor,0.0933
A,impostor,0.3597
A,impostor,0.2876
A,impostor,0.1157
A,impostor,0.0933
A,impostor,0.3532
A,impostor,0.3909
A,impostor,0.3056
A,impostor,0.1426
A,impostor,0.1798
A,impostor,0.1986
A,impostor,0.1168
A,impostor,0.2670
A,impostor,0.1528
A,impostor,0.1862
A,impostor,0.2923
A,impostor,0.3034
A,impostor,0.1240
A,impostor,0.1233
A,impostor,0.2047
A,impostor,0.2690
A,impostor,0.0919
A,impostor,0.2400
A,impostor,0.1313
A,impostor,0.3334
A,impostor,0.2638
A,impostor,0.2409
A,impostor,0.3505
A,impostor,0.3162
A,impostor,0.3389
A,impostor,0.0318
A,impostor,0.2972
A,impostor,0.3606
A,impostor,0.5784
A,impostor,0.2340
A,impostor,0.4436
A,impostor,0.0532
A,impostor,0.0771
A,impostor,0.2190
A,impostor,0.0724
A,impostor,0.1789
A,impostor,0.4207
A,impostor,0.1510
A,impostor,0.2275
A,impostor,0.2646
A,impostor,0.2181
A,impostor,0.3743
A,impostor,0.0585
A,impostor,0.2273
A,impostor,0.1747
A,impostor,0.3820
A,impostor,0.0900
A,impostor,0.3026
A,impostor,0.0703
A,impostor,0.0986
A,impostor,0.3448
A,impostor,0.2723
A,impostor,0.3749
A,impostor,0.1823
A,impostor,0.2779
A,impostor,0.2367
A,impostor,0.0307
A,impostor,0.2804
A,impostor,0.2982
A,impostor,0.2270
A,impostor,0.3003
A,impostor,0.3392
A,impostor,0.2976
A,impostor,0.1454
A,impostor,0.2136
A,impostor,0.2355
A,impostor,0.3861
A,impostor,0.2787
A,impostor,0.1385
A,impostor,0.3615
A,impostor,0.3298
A,impostor,0.1142
A,impostor,0.2685
A,impostor,0.2876
A,impostor,0.2172
A,impostor,0.2472
A,impostor,0.1250
A,impostor,0.0909
A,impostor,0.0796
A,impostor,0.2095
A,impostor,0.4483
A,impostor,0.1468
A,impostor,0.2416
A,impostor,0.3531
A,impostor,0.2340
A,impostor,0.2507
A,impostor,0.3260
A,impostor,0.4858
A,impostor,0.1654
A,impostor,0.1704
A,impostor,0.3070
A,impostor,0.1189
A,impostor,0.3032
A,impostor,0.2702
A,impostor,0.1941
A,impostor,0.2164
A,impostor,0.2367
A,impostor,0.4112
A,impostor,0.1503
A,impostor,0.3240
A,impostor,0.2549
A,impostor,0.1478
A,impostor,0.3866
A,impostor,0.0690
A,impostor,0.2139
A,impostor,0.1680
A,impostor,0.1232
A,impostor,0.1221
A,impostor,0.2943
A,impostor,0.2813
A,impostor,0.5079
A,impostor,0.1225
A,impostor,0.1801
A,impostor,0.1666
A,impostor,0.1657
A,impostor,0.3825
A,impostor,0.4578
A,impostor,0.3618
A,impostor,0.2004
A,impostor,0.0934
A,impostor,0.1814
A,impostor,0.3874
A,impostor,0.0701
A,impostor,0.1078
A,impostor,0.4603
A,impostor,0.1890
A,impostor,0.2326
A,impostor,0.3042
A,impostor,0.2801
A,impostor,0.2263
A,impostor,0.1720
A,impostor,0.1448
A,impostor,0.3318
A,impostor,0.1177
A,impostor,0.2284
A,impostor,0.1227
A,impostor,0.3423
A,impostor,0.2560
A,impostor,0.1347
A,impostor,0.3009
A,impostor,0.2088
A,impostor,0.3624
A,impostor,0.2022
A,impostor,0.3062
A,impostor,0.2391
A,impostor,0.1941
A,impostor,0.0893
A,impostor,0.1726
A,impostor,0.2693
A,impostor,0.5068
A,impostor,0.4902
A,impostor,0.2216
A,impostor,0.2044
A,impostor,0.1987
A,impostor,0.3359
A,impostor,0.1861
A,impostor,0.3603
A,impostor,0.2892
A,impostor,0.2260
A,impostor,0.2729
A,impostor,0.2286
A,impostor,0.2283
A,impostor,0.2538
A,impostor,0.3349
A,impostor,0.1573
A,impostor,0.4474
A,impostor,0.4053
A,impostor,0.1834
A,impostor,0.5617
A,impostor,0.0623
A,impostor,0.1736
A,impostor,0.2228
A,impostor,0.2944
A,impostor,0.1545
A,impostor,0.2088
A,impostor,0.1063
A,impostor,0.1627
A,impostor,0.3590
A,impostor,0.3348
A,impostor,0.1835
A,impostor,0.2076
A,impostor,0.1754
A,impostor,0.1179
A,impostor,0.2987
A,impostor,0.3398
A,impostor,0.3626
A,impostor,0.1081
A,impostor,0.3554
A,impostor,0.0645
A,impostor,0.1632
A,impostor,0.1455
A,impostor,0.1992
A,impostor,0.4584
A,impostor,0.1140
A,impostor,0.2278
A,impostor,0.3433
A,impostor,0.2124
A,impostor,0.4144
A,impostor,0.2148
A,impostor,0.2728
A,impostor,0.0999
A,impostor,0.3727
A,impostor,0.2555
A,impostor,0.2307
A,impostor,0.3941
A,impostor,0.4252
A,impostor,0.0314
A,impostor,0.1167
A,impostor,0.2204
A,impostor,0.2411
A,impostor,0.0955
A,impostor,0.1334
A,impostor,0.6254
A,impostor,0.1591
A,impostor,0.3194
A,impostor,0.1961
A,impostor,0.2344
A,impostor,0.0790
A,impostor,0.1914
A,impostor,0.3222
A,impostor,0.1066
A,impostor,0.1386
A,impostor,0.1896
A,impostor,0.2698
A,impostor,0.1311
A,impostor,0.1957
A,impostor,0.2213
A,impostor,0.4704
A,impostor,0.2867
A,impostor,0.4281
A,impostor,0.2402
A,impostor,0.1215
A,impostor,0.1648
A,impostor,0.0955
A,impostor,0.4105
A,impostor,0.2781
A,impostor,0.3582
A,impostor,0.2254
A,impostor,0.2525
A,impostor,0.1690
A,impostor,0.2068
A,impostor,0.1613
A,impostor,0.0338
A,impostor,0.2311
A,impostor,0.1337
A,impostor,0.3428
A,impostor,0.0526
A,impostor,0.3013
A,impostor,0.3548
A,impostor,0.4196
A,impostor,0.0824
A,impostor,0.2118
A,impostor,0.3162
A,impostor,0.3171
A,impostor,0.1970
A,impostor,0.2186
A,impostor,0.3117
A,impostor,0.3262
A,impostor,0.5153
A,impostor,0.2645
A,impostor,0.2862
A,impostor,0.3912
A,impostor,0.2343
A,impostor,0.2655
A,impostor,0.2773
A,impostor,0.4563
A,impostor,0.4742
A,impostor,0.2343
A,impostor,0.0899
A,impostor,0.1717
A,impostor,0.2221
A,impostor,0.1007
A,impostor,0.3515
A,impostor,0.1580
A,impostor,0.2032
A,impostor,0.0653
A,impostor,0.2185
A,impostor,0.6330
A,impostor,0.1471
A,impostor,0.2197
A,impostor,0.2962
A,impostor,0.2782
A,impostor,0.2782
A,impostor,0.3520
A,impostor,0.1706
A,impostor,0.1215
A,impostor,0.0483
A,impostor,0.1598
A,impostor,0.2646
A,impostor,0.3892
A,impostor,0.2343
A,impostor,0.1480
A,impostor,0.1925
A,impostor,0.1210
A,impostor,0.3010
A,impostor,0.2747
A,impostor,0.3663
A,impostor,0.1673
A,impostor,0.2482
A,impostor,0.2359
A,impostor,0.4597
A,impostor,0.1074
A,impostor,0.1443
A,impostor,0.2324
A,impostor,0.4285
A,impostor,0.1524
A,impostor,0.1985
A,impostor,0.6183
A,impostor,0.4060
A,impostor,0.3281
A,impostor,0.1495
A,impostor,0.1472
A,impostor,0.1279
A,impostor,0.1316
A,impostor,0.1312
A,impostor,0.2195
A,impostor,0.1367
A,impostor,0.1260
A,impostor,0.1829
A,impostor,0.2346
A,impostor,0.3408
A,impostor,0.1617
A,impostor,0.1158
A,impostor,0.3360
A,impostor,0.1968
A,impostor,0.2252
A,impostor,0.1405
A,impostor,0.4985
A,impostor,0.1922
A,impostor,0.0633
A,impostor,0.2215
A,impostor,0.0754
A,impostor,0.5892
A,impostor,0.2592
A,impostor,0.3250
A,impostor,0.3375
A,impostor,0.1812
A,impostor,0.0503
A,impostor,0.2080
A,impostor,0.1831
A,impostor,0.1313
A,impostor,0.1634
A,impostor,0.1607
A,impostor,0.3132
A,impostor,0.1341
A,impostor,0.5905
A,impostor,0.1373
A,impostor,0.1324
A,impostor,0.1877
A,impostor,0.1102
A,impostor,0.1990
A,impostor,0.2449
A,impostor,0.4861
A,impostor,0.3634
A,impostor,0.4899
A,impostor,0.3916
A,impostor,0.4223
A,impostor,0.0576
A,impostor,0.2154
A,impostor,0.3667
A,impostor,0.2186
A,impostor,0.4133
A,impostor,0.2586
A,impostor,0.3572
A,impostor,0.4296
A,impostor,0.5060
A,impostor,0.1396
A,impostor,0.4594
A,impostor,0.2610
A,impostor,0.3672
A,impostor,0.3607
A,impostor,0.4881
A,impostor,0.2452
A,impostor,0.1437
A,impostor,0.0900
A,impostor,0.2713
A,impostor,0.1803
A,impostor,0.3684
A,impostor,0.5467
A,impostor,0.2873
A,impostor,0.2300
A,impostor,0.3568
A,impostor,0.1247
A,impostor,0.2578
A,impostor,0.2507
A,impostor,0.3824
A,impostor,0.2184
A,impostor,0.2578
A,impostor,0.3891
A,impostor,0.1404
A,impostor,0.2314
A,impostor,0.4188
A,impostor,0.1870
A,impostor,0.1542
A,impostor,0.3934
A,impostor,0.2491
A,impostor,0.1953
A,impostor,0.4176
A,impostor,0.2295
A,impostor,0.3388
A,impostor,0.2772
A,impostor,0.1367
A,impostor,0.3074
A,impostor,0.4196
A,impostor,0.1691
A,impostor,0.2497
A,impostor,0.2454
A,impostor,0.0403
A,impostor,0.0913
A,impostor,0.3474
A,impostor,0.2775
A,impostor,0.2602
A,impostor,0.2509
A,impostor,0.1296
A,impostor,0.0917
A,impostor,0.4999
A,impostor,0.2272
A,impostor,0.4992
A,impostor,0.1813
A,impostor,0.3779
A,impostor,0.3346
A,impostor,0.1646
A,impostor,0.1220
A,impostor,0.1531
A,impostor,0.4605
A,impostor,0.3471
A,impostor,0.0925
A,impostor,0.1004
A,impostor,0.3068
A,impostor,0.2013
A,impostor,0.0600
A,impostor,0.3520
A,impostor,0.2237
A,impostor,0.3011
A,impostor,0.2138
A,impostor,0.1937
A,impostor,0.3015
A,impostor,0.1872
A,impostor,0.2407
A,impostor,0.3157
A,impostor,0.2694
A,impostor,0.2275
A,impostor,0.4208
A,impostor,0.1530
A,impostor,0.3521
A,impostor,0.1971
A,impostor,0.3416
A,impostor,0.0671
A,impostor,0.0759
A,impostor,0.3229
A,impostor,0.2202
A,impostor,0.2297
A,impostor,0.0973
A,impostor,0.2603
A,impostor,0.3088
A,impostor,0.2318
A,impostor,0.2297
A,impostor,0.1851
A,impostor,0.1187
A,impostor,0.2412
A,impostor,0.1275
A,impostor,0.1572
A,impostor,0.1299
A,impostor,0.1072
A,impostor,0.3600
A,impostor,0.2823
A,impostor,0.5732
A,impostor,0.2335
A,impostor,0.3382
A,impostor,0.1425
A,impostor,0.3909
A,impostor,0.2141
A,impostor,0.2233
A,impostor,0.1512
A,impostor,0.1680
A,impostor,0.0448
A,impostor,0.5182
A,impostor,0.1339
A,impostor,0.0481
A,impostor,0.2607
A,impostor,0.3734
A,impostor,0.1687
A,impostor,0.2938
A,impostor,0.0894
A,impostor,0.3054
A,impostor,0.1395
A,impostor,0.3513
A,impostor,0.0679
A,impostor,0.0936
A,impostor,0.1650
A,impostor,0.1164
A,impostor,0.3774
A,impostor,0.2155
A,impostor,0.3405
A,impostor,0.0888
A,impostor,0.1898
A,impostor,0.0888
A,impostor,0.1874
A,impostor,0.2591
A,impostor,0.3235
A,impostor,0.2627
A,impostor,0.2515
A,impostor,0.2659
A,impostor,0.0637
A,impostor,0.3888
A,impostor,0.0910
A,impostor,0.3537
A,impostor,0.2040
A,impostor,0.1035
A,impostor,0.1191
A,impostor,0.2147
A,impostor,0.1508
A,impostor,0.3764
A,impostor,0.3984
A,impostor,0.2307
A,impostor,0.1316
A,impostor,0.1912
A,impostor,0.2196
A,impostor,0.3175
A,impostor,0.2232
A,impostor,0.2493
A,impostor,0.3562
A,impostor,0.4750
A,impostor,0.3557
A,impostor,0.2069
A,impostor,0.1462
A,impostor,0.1758
A,impostor,0.1865
A,impostor,0.2377
A,impostor,0.2389
A,impostor,0.3974
A,impostor,0.2629
A,impostor,0.3337
A,impostor,0.3515
A,impostor,0.3169
A,impostor,0.3591
A,impostor,0.1727
A,impostor,0.2068
A,impostor,0.3144
A,impostor,0.2916
A,impostor,0.2872
A,impostor,0.1486
A,impostor,0.1694
A,impostor,0.1585
A,impostor,0.3404
A,impostor,0.1652
A,impostor,0.1937
A,impostor,0.2655
A,impostor,0.3415
A,impostor,0.2979
A,impostor,0.2230
A,impostor,0.1558
A,impostor,0.2855
A,impostor,0.2424
A,impostor,0.2782
A,impostor,0.6045
A,impostor,0.1410
A,impostor,0.5850
A,impostor,0.3054
A,impostor,0.2552
A,impostor,0.1517
A,impostor,0.4804
A,impostor,0.1581
A,impostor,0.1116
A,impostor,0.2147
A,impostor,0.4640
A,impostor,0.1586
A,impostor,0.4708
A,impostor,0.2059
A,impostor,0.1416
A,impostor,0.1450
A,impostor,0.1042
A,impostor,0.2585
A,impostor,0.3087
A,impostor,0.3545
A,impostor,0.2136
A,impostor,0.2053
A,impostor,0.3597
A,impostor,0.1657
A,impostor,0.3184
A,impostor,0.0444
A,impostor,0.4487
A,impostor,0.2809
A,impostor,0.1461
A,impostor,0.3260
A,impostor,0.2781
A,impostor,0.3529
A,impostor,0.2575
A,impostor,0.1592
A,impostor,0.0860
A,impostor,0.0444
A,impostor,0.1981
A,impostor,0.2814
A,impostor,0.1251
A,impostor,0.3350
A,impostor,0.4091
A,impostor,0.3464
A,impostor,0.1289
A,impostor,0.2480
A,impostor,0.3015
A,impostor,0.2611
A,impostor,0.3226
A,impostor,0.1390
A,impostor,0.1962
A,impostor,0.1916
A,impostor,0.5454
A,impostor,0.3007
A,impostor,0.1075
A,impostor,0.1251
A,impostor,0.2002
A,impostor,0.0744
A,impostor,0.1890
A,impostor,0.0785
A,impostor,0.3608
A,impostor,0.1493
A,impostor,0.5389
A,impostor,0.2250
A,impostor,0.2150
A,impostor,0.3982
A,impostor,0.3055
A,impostor,0.2245
A,impostor,0.2900
A,impostor,0.2606
A,impostor,0.1167
A,impostor,0.3728
A,impostor,0.1204
A,impostor,0.3895
A,impostor,0.2954
A,impostor,0.0976
A,impostor,0.5131
A,impostor,0.4162
A,impostor,0.1799
A,impostor,0.4575
A,impostor,0.1651
A,impostor,0.1823
A,impostor,0.1518
A,impostor,0.2756
A,impostor,0.0782
A,impostor,0.3036
A,impostor,0.3783
A,impostor,0.3332
A,impostor,0.2611
A,impostor,0.4458
A,impostor,0.0927
A,impostor,0.2254
A,impostor,0.0364
A,impostor,0.1369
A,impostor,0.0458
A,impostor,0.1988
A,impostor,0.1556
A,impostor,0.2219
A,impostor,0.1566
A,impostor,0.1889
A,impostor,0.2785
A,impostor,0.1765
A,impostor,0.3544
A,impostor,0.3026
A,impostor,0.2717
A,impostor,0.2969
A,impostor,0.5316
A,impostor,0.1268
A,impostor,0.1156
A,impostor,0.0929
A,impostor,0.2816
A,impostor,0.3191
A,impostor,0.0880
A,impostor,0.3953
A,impostor,0.4312
A,impostor,0.1997
A,impostor,0.2957
A,impostor,0.5060
A,impostor,0.3025
A,impostor,0.1662
A,impostor,0.3813
A,impostor,0.0955
A,impostor,0.3354
A,impostor,0.2889
A,impostor,0.0293
A,impostor,0.1621
A,impostor,0.2119
A,impostor,0.1930
A,impostor,0.2230
A,impostor,0.1472
A,impostor,0.1221
A,impostor,0.2575
A,impostor,0.2723
A,impostor,0.2657
A,impostor,0.2306
A,impostor,0.2819
A,impostor,0.2574
A,impostor,0.3235
A,impostor,0.1031
A,impostor,0.2847
A,impostor,0.3550
A,impostor,0.0838
A,impostor,0.2352
A,impostor,0.5069
A,impostor,0.2005
A,impostor,0.5203
A,impostor,0.2312
A,impostor,0.2191
A,impostor,0.1824
A,impostor,0.4081
A,impostor,0.3475
A,impostor,0.3036
A,impostor,0.2799
A,impostor,0.3921
A,impostor,0.2633
A,impostor,0.2032
A,impostor,0.4724
A,impostor,0.2276
A,impostor,0.2037
A,impostor,0.0592
A,impostor,0.1129
A,impostor,0.1279
A,impostor,0.1015
A,impostor,0.1398
A,impostor,0.6139
A,impostor,0.3434
A,impostor,0.2680
A,impostor,0.3154
A,impostor,0.0755
A,impostor,0.2455
A,impostor,0.3443
A,impostor,0.1820
A,impostor,0.1554
A,impostor,0.1061
A,impostor,0.3431
A,impostor,0.1737
A,impostor,0.1482
A,impostor,0.3841
A,impostor,0.2133
A,impostor,0.4991
A,impostor,0.4059
A,impostor,0.1128
A,impostor,0.1829
A,impostor,0.2699
A,impostor,0.5167
A,impostor,0.3178
A,impostor,0.1733
A,impostor,0.1240
A,impostor,0.4423
A,impostor,0.4948
A,impostor,0.1493
A,impostor,0.3860
A,impostor,0.2866
A,impostor,0.2047
A,impostor,0.0548
A,impostor,0.2233
A,impostor,0.4977
A,impostor,0.3820
A,impostor,0.3763
A,impostor,0.2225
A,impostor,0.3432
A,impostor,0.1181
A,impostor,0.3966
A,impostor,0.1451
A,impostor,0.1835
A,impostor,0.3048
A,impostor,0.4442
A,impostor,0.1428
A,impostor,0.2109
A,impostor,0.3869
A,impostor,0.2075
A,impostor,0.2349
A,impostor,0.2914
A,impostor,0.2659
A,impostor,0.1781
A,impostor,0.1325
A,impostor,0.3136
A,impostor,0.1681
A,impostor,0.3248
A,impostor,0.2551
A,impostor,0.3498
A,impostor,0.0947
A,impostor,0.1959
A,impostor,0.2558
A,impostor,0.1234
A,impostor,0.1494
A,impostor,0.2116
A,impostor,0.1892
A,impostor,0.3985
A,impostor,0.0807
A,impostor,0.3532
A,impostor,0.3610
A,impostor,0.1050
A,impostor,0.2906
A,impostor,0.1946
A,impostor,0.1775
A,impostor,0.1081
A,impostor,0.2243
A,impostor,0.1819
A,impostor,0.1330
A,impostor,0.1767
A,impostor,0.4033
A,impostor,0.2712
A,impostor,0.2166
A,impostor,0.1519
A,impostor,0.1127
A,impostor,0.2273
A,impostor,0.3034
A,impostor,0.2720
A,impostor,0.0940
A,impostor,0.2237
A,impostor,0.1083
A,impostor,0.5589
A,impostor,0.4744
A,impostor,0.5051
A,impostor,0.3370
A,impostor,0.1266
A,impostor,0.1262
A,impostor,0.4496
A,impostor,0.4591
A,impostor,0.0904
A,impostor,0.1149
A,impostor,0.1302
A,impostor,0.1976
A,impostor,0.1784
A,impostor,0.2453
A,impostor,0.1021
A,impostor,0.4117
A,impostor,0.3729
A,impostor,0.2547
A,impostor,0.0792
A,impostor,0.2422
A,impostor,0.2412
A,impostor,0.0781
A,impostor,0.2616
A,impostor,0.1002
A,impostor,0.2492
A,impostor,0.5327
A,impostor,0.3359
A,impostor,0.1104
A,impostor,0.1729
A,impostor,0.4079
A,impostor,0.3107
A,impostor,0.1495
A,impostor,0.2891
A,impostor,0.5159
A,impostor,0.4315
A,impostor,0.3787
A,impostor,0.3127
A,impostor,0.2633
A,impostor,0.1806
A,impostor,0.2919
A,impostor,0.2318
A,impostor,0.3523
A,impostor,0.0831
A,impostor,0.1061
A,impostor,0.1497
A,impostor,0.4716
A,impostor,0.1640
A,impostor,0.1682
A,impostor,0.2097
A,impostor,0.5340
A,impostor,0.1726
A,impostor,0.1428
A,impostor,0.0745
A,impostor,0.2194
A,impostor,0.1629
A,impostor,0.0765
A,impostor,0.1354
A,impostor,0.4237
A,impostor,0.4174
A,impostor,0.2211
A,impostor,0.3452
A,impostor,0.1830
A,impostor,0.1699
A,impostor,0.4286
A,impostor,0.0867
A,impostor,0.2750
A,impostor,0.1727
A,impostor,0.2305
A,impostor,0.1083
A,impostor,0.1677
A,impostor,0.1927
A,impostor,0.2386
A,impostor,0.1936
A,impostor,0.1355
A,impostor,0.1900
A,impostor,0.2342
A,impostor,0.4344
A,impostor,0.0732
A,impostor,0.6135
A,impostor,0.2298
A,impostor,0.2883
A,impostor,0.2830
A,impostor,0.2019
A,impostor,0.4655
A,impostor,0.3702
A,impostor,0.1665
A,impostor,0.1848
A,impostor,0.0899
A,impostor,0.1487
A,impostor,0.2993
A,impostor,0.2273
A,impostor,0.1544
A,impostor,0.1387
A,impostor,0.2633
A,impostor,0.1384
A,impostor,0.2711
A,impostor,0.1431
A,impostor,0.6597
A,impostor,0.1423
A,impostor,0.2374
A,impostor,0.3129
A,impostor,0.2687
A,impostor,0.2414
A,impostor,0.1192
A,impostor,0.0941
A,impostor,0.1518
A,impostor,0.1042
A,impostor,0.2995
A,impostor,0.1193
A,impostor,0.3808
A,impostor,0.3004
A,impostor,0.0902
A,impostor,0.3584
A,impostor,0.1670
A,impostor,0.1646
A,impostor,0.2572
A,impostor,0.2748
A,impostor,0.5251
A,impostor,0.2483
A,impostor,0.2434
A,impostor,0.2657
A,impostor,0.3571
A,impostor,0.1481
A,impostor,0.4620
A,impostor,0.3019
A,impostor,0.2015
A,impostor,0.1362
A,impostor,0.3383
A,impostor,0.1626
A,impostor,0.4317
A,impostor,0.1161
A,impostor,0.1633
A,impostor,0.2238
A,impostor,0.1673
A,impostor,0.2361
A,impostor,0.1110
A,impostor,0.3416
A,impostor,0.2775
A,impostor,0.3507
A,impostor,0.1154
A,impostor,0.1374
A,impostor,0.2110
A,impostor,0.1946
A,impostor,0.0614
A,impostor,0.1710
A,impostor,0.3198
A,impostor,0.2609
A,impostor,0.1406
A,impostor,0.1642
A,impostor,0.3203
A,impostor,0.1808
A,impostor,0.0920
A,impostor,0.0646
A,impostor,0.2807
A,impostor,0.2466
A,impostor,0.1445
A,impostor,0.2932
A,impostor,0.1966
A,impostor,0.1422
A,impostor,0.2144
A,impostor,0.1223
A,impostor,0.1614
A,impostor,0.4330
A,impostor,0.2136
A,impostor,0.2208
A,impostor,0.3192
A,impostor,0.3176
A,impostor,0.1003
A,impostor,0.1257
A,impostor,0.1284
A,impostor,0.3213
A,impostor,0.1516
A,impostor,0.3563
A,impostor,0.2161
A,impostor,0.3237
A,impostor,0.0717
A,impostor,0.2019
A,impostor,0.1496
A,impostor,0.2527
A,impostor,0.3793
A,impostor,0.2695
A,impostor,0.2418
A,impostor,0.3395
A,impostor,0.3415
A,impostor,0.3404
A,impostor,0.2069
A,impostor,0.2400
A,impostor,0.2309
A,impostor,0.2216
A,impostor,0.4527
A,impostor,0.1967
A,impostor,0.4232
A,impostor,0.4713
A,impostor,0.3061
A,impostor,0.4760
A,impostor,0.1161
A,impostor,0.1966
A,impostor,0.2891
A,impostor,0.4685
A,impostor,0.0696
A,impostor,0.1617
A,impostor,0.2948
A,impostor,0.4745
A,impostor,0.0959
A,impostor,0.1724
A,impostor,0.1635
A,impostor,0.2402
A,impostor,0.0557
A,impostor,0.1864
A,impostor,0.3495
A,impostor,0.1925
A,impostor,0.2748
A,impostor,0.2730
A,impostor,0.1320
A,impostor,0.2321
A,impostor,0.3781
A,impostor,0.2076
A,impostor,0.2575
A,impostor,0.2105
A,impostor,0.3205
A,impostor,0.3755
A,impostor,0.0773
A,impostor,0.1467
A,impostor,0.0596
A,impostor,0.2325
A,impostor,0.2422
A,impostor,0.0745
A,impostor,0.1522
A,impostor,0.3080
A,impostor,0.4272
A,impostor,0.5496
A,impostor,0.3249
A,impostor,0.1663
A,impostor,0.4601
A,impostor,0.3483
A,impostor,0.1298
A,impostor,0.2668
A,impostor,0.1292
A,impostor,0.2705
A,impostor,0.0817
A,impostor,0.2791
A,impostor,0.2028
A,impostor,0.1973
A,impostor,0.0599
A,impostor,0.1744
A,impostor,0.4315
A,impostor,0.3881
A,impostor,0.1938
A,impostor,0.1743
A,impostor,0.5486
A,impostor,0.4225
A,impostor,0.3530
A,impostor,0.3761
A,impostor,0.2337
A,impostor,0.2292
A,impostor,0.0566
A,impostor,0.1329
A,impostor,0.2102
A,impostor,0.3392
A,impostor,0.2620
A,impostor,0.1330
A,impostor,0.2823
A,impostor,0.3862
A,impostor,0.4539
A,impostor,0.2335
A,impostor,0.3496
A,impostor,0.1104
A,impostor,0.2192
A,impostor,0.2299
A,impostor,0.1888
A,impostor,0.2558
A,impostor,0.3190
A,impostor,0.2936
A,impostor,0.2389
A,impostor,0.1103
A,impostor,0.3392
A,impostor,0.0820
A,impostor,0.2106
A,impostor,0.3010
A,impostor,0.1255
A,impostor,0.2553
A,impostor,0.3402
A,impostor,0.2225
A,impostor,0.4556
A,impostor,0.0319
A,impostor,0.2394
A,impostor,0.2286
A,impostor,0.2968
A,impostor,0.2365
A,impostor,0.2500
A,impostor,0.1476
A,impostor,0.3398
A,impostor,0.1888
A,impostor,0.2797
A,impostor,0.2394
A,impostor,0.1321
A,impostor,0.2080
A,impostor,0.0826
A,impostor,0.4605
A,impostor,0.3488
A,impostor,0.1762
A,impostor,0.2625
A,impostor,0.3631
A,impostor,0.2818
A,impostor,0.0762
A,impostor,0.4365
A,impostor,0.2317
A,impostor,0.2377
A,impostor,0.2180
A,impostor,0.4598
A,impostor,0.2089
A,impostor,0.2903
A,impostor,0.1560
A,impostor,0.4564
A,impostor,0.2672
A,impostor,0.2581
A,impostor,0.4078
A,impostor,0.0797
A,impostor,0.4291
A,impostor,0.4568
A,impostor,0.2693
A,impostor,0.4456
A,impostor,0.2657
A,impostor,0.1241
A,impostor,0.3589
A,impostor,0.5074
A,impostor,0.2670
A,impostor,0.5016
A,impostor,0.1094
A,impostor,0.3207
A,impostor,0.2578
A,impostor,0.2072
A,impostor,0.3082
A,impostor,0.3789
A,impostor,0.2421
A,impostor,0.1703
A,impostor,0.1866
A,impostor,0.2409
A,impostor,0.1444
A,impostor,0.1544
A,impostor,0.4008
A,impostor,0.1866
A,impostor,0.2893
A,impostor,0.2296
A,impostor,0.2066
A,impostor,0.5280
A,impostor,0.1237
A,impostor,0.0504
A,impostor,0.1430
A,impostor,0.3085
A,impostor,0.2768
A,impostor,0.2207
A,impostor,0.1741
A,impostor,0.2701
A,impostor,0.3048
A,impostor,0.2387
A,impostor,0.1986
A,impostor,0.2357
A,impostor,0.0843
A,impostor,0.2588
A,impostor,0.5071
A,impostor,0.2655
A,impostor,0.1596
A,impostor,0.1906
A,impostor,0.4569
A,impostor,0.1672
A,impostor,0.3760
A,impostor,0.2428
A,impostor,0.2376
A,impostor,0.4602
A,impostor,0.4029
A,impostor,0.3054
A,impostor,0.2655
A,impostor,0.4543
A,impostor,0.5042
A,impostor,0.3266
A,impostor,0.2263
A,impostor,0.3680
A,impostor,0.3847
A,impostor,0.3299
A,impostor,0.2359
A,impostor,0.2698
A,impostor,0.1277
A,impostor,0.1380
A,impostor,0.1525
A,impostor,0.3012
A,impostor,0.2893
A,impostor,0.2406
A,impostor,0.1717
A,impostor,0.2702
A,impostor,0.0162
A,impostor,0.1976
A,impostor,0.3821
A,impostor,0.2831
A,impostor,0.3832
A,impostor,0.2226
A,impostor,0.3400
A,impostor,0.3773
A,impostor,0.2432
A,impostor,0.0668
A,impostor,0.1732
A,impostor,0.2565
A,impostor,0.2214
A,impostor,0.4895
A,impostor,0.2153
A,impostor,0.2886
A,impostor,0.1566
A,impostor,0.2057
A,impostor,0.4265
A,impostor,0.1765
A,impostor,0.3427
A,impostor,0.1561
A,impostor,0.2456
A,impostor,0.4016
A,impostor,0.2703
A,impostor,0.1820
A,impostor,0.2837
A,impostor,0.4409
A,impostor,0.4535
A,impostor,0.3023
A,impostor,0.1798
A,impostor,0.2804
A,impostor,0.4214
A,impostor,0.2732
A,impostor,0.3471
A,impostor,0.2298
A,impostor,0.3046
A,impostor,0.1549
A,impostor,0.4893
A,impostor,0.1382
A,impostor,0.0418
A,impostor,0.3345
A,impostor,0.2058
A,impostor,0.3488
A,impostor,0.2168
A,impostor,0.2439
A,impostor,0.2065
A,impostor,0.4611
A,impostor,0.3928
A,impostor,0.3219
A,impostor,0.3282
A,impostor,0.1698
A,impostor,0.4490
A,impostor,0.2622
A,impostor,0.1379
A,impostor,0.1540
A,impostor,0.4858
A,impostor,0.1790
A,impostor,0.1174
A,impostor,0.1925
A,impostor,0.0592
A,impostor,0.0549
A,impostor,0.2087
A,impostor,0.2743
A,impostor,0.1958
A,impostor,0.1214
A,impostor,0.3429
A,impostor,0.3256
A,impostor,0.3568
A,impostor,0.2426
A,impostor,0.1579
A,impostor,0.2686
A,impostor,0.2154
A,impostor,0.3319
A,impostor,0.4786
A,impostor,0.3966
A,impostor,0.4094
A,impostor,0.1560
A,impostor,0.2362
A,impostor,0.0312
A,impostor,0.3783
A,impostor,0.1918
A,impostor,0.2109
A,impostor,0.2734
A,impostor,0.1368
A,impostor,0.4711
A,impostor,0.3729
A,impostor,0.3003
A,impostor,0.2291
A,impostor,0.3104
A,impostor,0.1898
A,impostor,0.3364
A,impostor,0.2967
A,impostor,0.2634
A,impostor,0.5940
A,impostor,0.2790
A,impostor,0.2384
A,impostor,0.2669
A,impostor,0.3310
A,impostor,0.1952
A,impostor,0.3210
A,impostor,0.1580
A,impostor,0.1971
A,impostor,0.2137
A,impostor,0.6084
A,impostor,0.1126
A,impostor,0.2420
A,impostor,0.2170
A,impostor,0.3011
A,impostor,0.3495
A,impostor,0.1733
A,impostor,0.0487
A,impostor,0.1178
A,impostor,0.2059
A,impostor,0.3162
A,impostor,0.3330
A,impostor,0.3875
A,impostor,0.1219
A,impostor,0.0365
A,impostor,0.2734
A,impostor,0.2229
A,impostor,0.3939
A,impostor,0.4344
A,impostor,0.2704
A,impostor,0.0777
A,impostor,0.1704
A,impostor,0.1169
A,impostor,0.3324
A,impostor,0.2419
A,impostor,0.2545
A,impostor,0.1942
A,impostor,0.0751
A,impostor,0.1966
A,impostor,0.4984
A,impostor,0.4852
A,impostor,0.2287
A,impostor,0.2306
A,impostor,0.3989
A,impostor,0.3322
A,impostor,0.3073
A,impostor,0.2669
A,impostor,0.0735
A,impostor,0.1555
A,impostor,0.3861
A,impostor,0.2881
A,impostor,0.1458
A,impostor,0.2335
A,impostor,0.3265
A,impostor,0.2184
A,impostor,0.3088
A,impostor,0.1708
A,impostor,0.3113
A,impostor,0.1602
A,impostor,0.0510
A,impostor,0.2537
A,impostor,0.1749
A,impostor,0.1212
A,impostor,0.1857
A,impostor,0.1847
A,impostor,0.1066
A,impostor,0.1622
A,impostor,0.2774
A,impostor,0.1425
A,impostor,0.1546
A,impostor,0.3155
A,impostor,0.2032
A,impostor,0.2281
A,impostor,0.1934
A,impostor,0.1006
A,impostor,0.1654
A,impostor,0.1810
A,impostor,0.3688
A,impostor,0.3075
A,impostor,0.3950
A,impostor,0.1743
A,impostor,0.3970
A,impostor,0.1109
A,impostor,0.2547
A,impostor,0.3155
A,impostor,0.4610
A,impostor,0.0796
A,impostor,0.1512
A,impostor,0.3049
A,impostor,0.1252
A,impostor,0.1683
A,impostor,0.2091
A,impostor,0.2354
A,impostor,0.0459
A,impostor,0.3966
A,impostor,0.0833
A,impostor,0.0472
A,impostor,0.2678
A,impostor,0.4234
A,impostor,0.4596
A,impostor,0.4606
A,impostor,0.3467
A,impostor,0.2732
A,impostor,0.6099
A,impostor,0.1494
A,impostor,0.2981
A,impostor,0.4049
A,impostor,0.1798
A,impostor,0.2348
A,impostor,0.4778
A,impostor,0.3456
A,impostor,0.1210
A,impostor,0.1537
A,impostor,0.1970
A,impostor,0.3621
A,impostor,0.1440
A,impostor,0.1103
A,impostor,0.2660
A,impostor,0.2802
A,impostor,0.3310
A,impostor,0.2400
A,impostor,0.2712
A,impostor,0.3619
A,impostor,0.2354
A,impostor,0.1854
A,impostor,0.2083
A,impostor,0.0801
A,impostor,0.1460
A,impostor,0.3510
A,impostor,0.0526
A,impostor,0.3409
A,impostor,0.3705
A,impostor,0.2289
A,impostor,0.3082
A,impostor,0.1419
A,impostor,0.2962
A,impostor,0.1616
A,impostor,0.1605
A,impostor,0.1362
A,impostor,0.3160
A,impostor,0.3098
A,impostor,0.3519
A,impostor,0.2163
A,impostor,0.2739
A,impostor,0.1058
A,impostor,0.2550
A,impostor,0.4649
A,impostor,0.3424
A,impostor,0.6252
A,impostor,0.1498
A,impostor,0.2593
A,impostor,0.2249
A,impostor,0.2483
A,impostor,0.3518
A,impostor,0.1555
A,impostor,0.3638
A,impostor,0.3023
A,impostor,0.3779
A,impostor,0.0156
A,impostor,0.0636
A,impostor,0.2233
A,impostor,0.4164
A,impostor,0.2195
A,impostor,0.4804
A,impostor,0.2626
A,impostor,0.2598
A,impostor,0.3289
A,impostor,0.1429
A,impostor,0.1794
A,impostor,0.2301
A,impostor,0.2254
A,impostor,0.2694
A,impostor,0.3789
A,impostor,0.1150
A,impostor,0.2611
A,impostor,0.2050
A,impostor,0.3115
A,impostor,0.3153
A,impostor,0.0876
A,impostor,0.4299
A,impostor,0.0528
A,impostor,0.1694
A,impostor,0.0582
A,impostor,0.2676
A,impostor,0.1226
A,impostor,0.2501
A,impostor,0.1640
A,impostor,0.2061
A,impostor,0.2743
A,impostor,0.1423
A,impostor,0.4124
A,impostor,0.3399
A,impostor,0.2305
A,impostor,0.1680
A,impostor,0.3573
A,impostor,0.3162
A,impostor,0.0934
A,impostor,0.3537
A,impostor,0.0424
A,impostor,0.1247
A,impostor,0.1673
A,impostor,0.2456
A,impostor,0.1936
A,impostor,0.4649
A,impostor,0.0529
A,impostor,0.1847
A,impostor,0.0311
A,impostor,0.1763
A,impostor,0.1529
A,impostor,0.1285
A,impostor,0.3923
A,impostor,0.2719
A,impostor,0.2404
A,impostor,0.5270
A,impostor,0.1257
A,impostor,0.3751
A,impostor,0.2611
A,impostor,0.2129
A,impostor,0.0266
A,impostor,0.2531
A,impostor,0.2796
A,impostor,0.5605
A,impostor,0.2550
A,impostor,0.0905
A,impostor,0.3190
A,impostor,0.2351
A,impostor,0.3335
A,impostor,0.4698
A,impostor,0.2234
A,impostor,0.2826
A,impostor,0.4335
A,impostor,0.3123
A,impostor,0.1228
A,impostor,0.1857
A,impostor,0.2254
A,impostor,0.2437
A,impostor,0.2620
A,impostor,0.0761
A,impostor,0.2845
A,impostor,0.2741
A,impostor,0.3622
A,impostor,0.1665
A,impostor,0.3333
A,impostor,0.3002
A,impostor,0.1738
A,impostor,0.3059
A,impostor,0.2340
A,impostor,0.6156
A,impostor,0.0882
A,impostor,0.4101
A,impostor,0.1288
A,impostor,0.1380
A,impostor,0.1241
A,impostor,0.2896
A,impostor,0.1355
A,impostor,0.1600
A,impostor,0.2187
A,impostor,0.2390
A,impostor,0.2294
A,impostor,0.3641
A,impostor,0.2371
A,impostor,0.1397
A,impostor,0.1562
A,impostor,0.2971
A,impostor,0.5072
A,impostor,0.5044
A,impostor,0.3455
A,impostor,0.4652
A,impostor,0.3524
A,impostor,0.2180
A,impostor,0.0785
A,impostor,0.6776
A,impostor,0.2460
A,impostor,0.1939
A,impostor,0.0902
A,impostor,0.1889
A,impostor,0.1817
A,impostor,0.2440
A,impostor,0.2450
A,impostor,0.5091
A,impostor,0.1645
A,impostor,0.0625
A,impostor,0.1260
A,impostor,0.1631
A,impostor,0.0706
A,impostor,0.4204
A,impostor,0.0754
A,impostor,0.0961
A,impostor,0.3574
A,impostor,0.1631
A,impostor,0.1147
A,impostor,0.2117
A,impostor,0.2182
A,impostor,0.3580
A,impostor,0.2762
A,impostor,0.3331
A,impostor,0.2780
A,impostor,0.2687
A,impostor,0.3304
A,impostor,0.1589
A,impostor,0.3158
A,impostor,0.3396
A,impostor,0.2575
A,impostor,0.2252
A,impostor,0.2225
A,impostor,0.2340
A,impostor,0.1827
A,impostor,0.0671
A,impostor,0.2558
A,impostor,0.1930
A,impostor,0.2225
A,impostor,0.2858
A,impostor,0.1989
A,impostor,0.2423
A,impostor,0.1672
A,impostor,0.1237
A,impostor,0.1553
A,impostor,0.1876
A,impostor,0.2648
A,impostor,0.1883
A,impostor,0.1814
A,impostor,0.4045
A,impostor,0.2027
A,impostor,0.0615
A,impostor,0.1580
A,impostor,0.3771
A,impostor,0.0984
A,impostor,0.5741
A,impostor,0.1445
A,impostor,0.4209
A,impostor,0.1822
A,impostor,0.2696
A,impostor,0.1545
A,impostor,0.3222
A,impostor,0.4188
A,impostor,0.2409
A,impostor,0.1876
A,impostor,0.3590
A,impostor,0.3273
A,impostor,0.3883
A,impostor,0.3847
A,impostor,0.2867
A,impostor,0.1975
A,impostor,0.3271
A,impostor,0.3038
A,impostor,0.2747
A,impostor,0.2634
A,impostor,0.1847
A,impostor,0.2629
A,impostor,0.2402
A,impostor,0.2149
A,impostor,0.2583
A,impostor,0.3243
A,impostor,0.3679
A,impostor,0.1005
A,impostor,0.0597
A,impostor,0.3671
A,impostor,0.0830
A,impostor,0.2943
A,impostor,0.1792
A,impostor,0.5077
A,impostor,0.1913
A,impostor,0.1708
A,impostor,0.2564
A,impostor,0.1887
A,impostor,0.0800
A,impostor,0.0432
A,impostor,0.2837
A,impostor,0.2788
A,impostor,0.2117
A,impostor,0.3167
A,impostor,0.2853
A,impostor,0.2637
A,impostor,0.3625
A,impostor,0.3294
A,impostor,0.0558
A,impostor,0.4160
A,impostor,0.2873
A,impostor,0.4637
A,impostor,0.6507
A,impostor,0.3853
A,impostor,0.0540
A,impostor,0.2166
A,impostor,0.1666
A,impostor,0.1287
A,impostor,0.1879
A,impostor,0.3055
A,impostor,0.2270
A,impostor,0.0834
A,impostor,0.0703
A,impostor,0.4580
A,impostor,0.2696
A,impostor,0.2122
A,impostor,0.1861
A,impostor,0.1890
A,impostor,0.0722
A,impostor,0.1875
A,impostor,0.1980
A,impostor,0.1223
A,impostor,0.3172
A,impostor,0.3655
A,impostor,0.2782
A,impostor,0.3404
A,impostor,0.1830
A,impostor,0.3739
A,impostor,0.2020
A,impostor,0.5522
A,impostor,0.3943
A,impostor,0.2700
A,impostor,0.3528
A,impostor,0.4550
A,impostor,0.0745
A,impostor,0.2809
A,impostor,0.1769
A,impostor,0.0814
A,impostor,0.1771
A,impostor,0.2219
A,impostor,0.5230
A,impostor,0.4473
A,impostor,0.2603
A,impostor,0.0998
A,impostor,0.3092
A,impostor,0.2251
A,impostor,0.1368
A,impostor,0.1668
A,impostor,0.0618
A,impostor,0.2650
A,impostor,0.0484
A,impostor,0.5314
A,impostor,0.1534
A,impostor,0.4370
A,impostor,0.0910
A,impostor,0.1041
A,impostor,0.3805
A,impostor,0.2145
A,impostor,0.1791
A,impostor,0.1876
A,impostor,0.0911
A,impostor,0.1981
A,impostor,0.2373
A,impostor,0.1904
A,impostor,0.2250
A,impostor,0.3877
A,impostor,0.1517
A,impostor,0.0506
A,impostor,0.1666
A,impostor,0.3222
A,impostor,0.2067
A,impostor,0.0661
A,impostor,0.2451
A,impostor,0.4665
A,impostor,0.3323
A,impostor,0.1734
A,impostor,0.3063
A,impostor,0.3647
A,impostor,0.1618
A,impostor,0.1617
A,impostor,0.3099
A,impostor,0.0652
A,impostor,0.4811
A,impostor,0.3832
A,impostor,0.2821
A,impostor,0.3268
A,impostor,0.1724
A,impostor,0.2680
A,impostor,0.3574
A,impostor,0.0767
A,impostor,0.4937
A,impostor,0.2104
A,impostor,0.4098
A,impostor,0.3464
A,impostor,0.4902
A,impostor,0.3225
A,impostor,0.6218
A,impostor,0.3937
A,impostor,0.2569
A,impostor,0.2329
A,impostor,0.2656
A,impostor,0.2565
A,impostor,0.2167
A,impostor,0.2986
A,impostor,0.2917
A,impostor,0.1238
A,impostor,0.4637
A,impostor,0.2174
A,impostor,0.1324
A,impostor,0.2895
A,impostor,0.1574
A,impostor,0.3875
A,impostor,0.3385
A,impostor,0.0748
A,impostor,0.0279
A,impostor,0.1046
A,impostor,0.3877
A,impostor,0.5048
A,impostor,0.3891
A,impostor,0.3880
A,impostor,0.2547
A,impostor,0.1641
A,impostor,0.0766
A,impostor,0.0543
A,impostor,0.2069
A,impostor,0.0889
A,impostor,0.1450
A,impostor,0.1401
A,impostor,0.3508
A,impostor,0.5176
A,impostor,0.2458
A,impostor,0.2242
A,impostor,0.2346
A,impostor,0.6070
A,impostor,0.1067
A,impostor,0.2038
A,impostor,0.1597
A,impostor,0.1818
A,impostor,0.3275
A,impostor,0.1359
A,impostor,0.2227
A,impostor,0.1455
A,impostor,0.2809
A,impostor,0.3120
A,impostor,0.1164
A,impostor,0.1848
A,impostor,0.1850
A,impostor,0.5273
A,impostor,0.1840
A,impostor,0.0971
A,impostor,0.2423
A,impostor,0.4648
A,impostor,0.0809
A,impostor,0.4486
A,impostor,0.2532
A,impostor,0.2933
A,impostor,0.4284
A,impostor,0.3474
A,impostor,0.1740
A,impostor,0.4473
A,impostor,0.1240
A,impostor,0.2300
A,impostor,0.3708
A,impostor,0.2585
A,impostor,0.2674
A,impostor,0.1499
A,impostor,0.2461
A,impostor,0.2457
A,impostor,0.2695
A,impostor,0.1606
A,impostor,0.2086
A,impostor,0.2286
A,impostor,0.1270
A,impostor,0.1712
A,impostor,0.2223
A,impostor,0.2866
A,impostor,0.2628
A,impostor,0.3149
A,impostor,0.1633
A,impostor,0.2323
A,impostor,0.3667
A,impostor,0.1928
A,impostor,0.1337
A,impostor,0.2674
A,impostor,0.3231
A,impostor,0.3421
A,impostor,0.1692
A,impostor,0.3281
A,impostor,0.3880
A,impostor,0.3736
A,impostor,0.1459
A,impostor,0.2074
A,impostor,0.1258
A,impostor,0.4233
A,impostor,0.2127
A,impostor,0.0423
A,impostor,0.3682
A,impostor,0.2308
A,impostor,0.2109
A,impostor,0.4021
A,impostor,0.1947
A,impostor,0.2359
A,impostor,0.1428
A,impostor,0.0746
A,impostor,0.3324
A,impostor,0.3579
A,impostor,0.2093
A,impostor,0.2864
A,impostor,0.2189
A,impostor,0.3183
A,impostor,0.1601
A,impostor,0.3305
A,impostor,0.2271
A,impostor,0.4075
A,impostor,0.1413
A,impostor,0.2550
A,impostor,0.0515
A,impostor,0.1715
A,impostor,0.2288
A,impostor,0.4397
A,impostor,0.1757
A,impostor,0.2563
A,impostor,0.2224
A,impostor,0.2933
A,impostor,0.3071
A,impostor,0.3537
A,impostor,0.1310
A,impostor,0.4539
A,impostor,0.4363
A,impostor,0.3452
A,impostor,0.2837
A,impostor,0.3700
A,impostor,0.3111
A,impostor,0.3829
A,impostor,0.2349
A,impostor,0.5077
A,impostor,0.1876
A,impostor,0.2179
A,impostor,0.5072
A,impostor,0.4222
A,impostor,0.3478
A,impostor,0.3260
A,impostor,0.2058
A,impostor,0.1181
A,impostor,0.3610
A,impostor,0.0647
A,impostor,0.6112
A,impostor,0.2529
A,impostor,0.0831
A,impostor,0.2402
A,impostor,0.1863
A,impostor,0.4287
A,impostor,0.2072
A,impostor,0.2695
A,impostor,0.4737
A,impostor,0.2437
A,impostor,0.1615
A,impostor,0.3251
A,impostor,0.3600
A,impostor,0.1930
A,impostor,0.1162
A,impostor,0.4854
A,impostor,0.2923
A,impostor,0.2068
A,impostor,0.0867
A,impostor,0.3518
A,impostor,0.2788
A,impostor,0.2131
A,impostor,0.3828
A,impostor,0.2599
A,impostor,0.4221
A,impostor,0.0817
A,impostor,0.3692
A,impostor,0.3629
A,impostor,0.0935
A,impostor,0.3368
A,impostor,0.3171
A,impostor,0.3438
A,impostor,0.3153
A,impostor,0.4026
A,impostor,0.2802
A,impostor,0.3000
A,impostor,0.3133
A,impostor,0.2706
A,impostor,0.2177
A,impostor,0.0514
A,impostor,0.2675
A,impostor,0.2941
A,impostor,0.1042
A,impostor,0.1685
A,impostor,0.2641
A,impostor,0.2635
A,impostor,0.2407
A,impostor,0.0788
A,impostor,0.3655
A,impostor,0.3574
A,impostor,0.0746
A,impostor,0.3758
A,impostor,0.1382
A,impostor,0.0440
A,impostor,0.2501
A,impostor,0.1635
A,impostor,0.0968
A,impostor,0.3863
A,impostor,0.2811
A,impostor,0.2917
A,impostor,0.2528
A,impostor,0.1545
A,impostor,0.4792
A,impostor,0.3377
A,impostor,0.4258
A,impostor,0.2281
A,impostor,0.3401
A,impostor,0.1464
A,impostor,0.1408
A,impostor,0.1251
A,impostor,0.3539
A,impostor,0.0807
A,impostor,0.1939
A,impostor,0.1762
A,impostor,0.3538
A,impostor,0.2670
A,impostor,0.2034
A,impostor,0.0467
A,impostor,0.2469
A,impostor,0.4190
A,impostor,0.2166
A,impostor,0.0707
A,impostor,0.1384
A,impostor,0.2387
A,impostor,0.1700
A,impostor,0.3547
A,impostor,0.1577
A,impostor,0.1487
A,impostor,0.1508
A,impostor,0.3361
A,impostor,0.4550
A,impostor,0.2205
A,impostor,0.1507
A,impostor,0.0580
A,impostor,0.2251
A,impostor,0.5729
A,impostor,0.2269
A,impostor,0.1050
A,impostor,0.3539
A,impostor,0.0753
A,impostor,0.1801
A,impostor,0.5807
A,impostor,0.3208
A,impostor,0.3615
A,impostor,0.3084
A,impostor,0.1622
A,impostor,0.3301
A,impostor,0.3837
A,impostor,0.3571
A,impostor,0.0903
A,impostor,0.2226
A,impostor,0.2324
A,impostor,0.1886
A,impostor,0.1496
A,impostor,0.0864
A,impostor,0.6177
A,impostor,0.4159
A,impostor,0.3612
A,impostor,0.3396
A,impostor,0.2289
A,impostor,0.0647
A,impostor,0.0617
A,impostor,0.2000
A,impostor,0.3386
A,impostor,0.1925
A,impostor,0.2458
A,impostor,0.1787
A,impostor,0.1388
A,impostor,0.3156
A,impostor,0.5106
A,impostor,0.3130
A,impostor,0.4608
A,impostor,0.0974
A,impostor,0.2132
A,impostor,0.2002
A,impostor,0.2927
A,impostor,0.2302
A,impostor,0.1114
A,impostor,0.2663
A,impostor,0.3967
A,impostor,0.2788
A,impostor,0.3471
A,impostor,0.3163
A,impostor,0.2440
A,impostor,0.1346
A,impostor,0.1250
A,impostor,0.2362
A,impostor,0.1374
A,impostor,0.2309
A,impostor,0.2206
A,impostor,0.2695
A,impostor,0.3176
A,impostor,0.2644
A,impostor,0.3170
A,impostor,0.2955
A,impostor,0.0875
A,impostor,0.3663
A,impostor,0.0537
A,impostor,0.2215
A,impostor,0.2670
A,impostor,0.4316
A,impostor,0.1188
A,impostor,0.3012
A,impostor,0.1140
A,impostor,0.4408
A,impostor,0.2341
A,impostor,0.3689
A,impostor,0.2332
A,impostor,0.1441
A,impostor,0.2056
A,impostor,0.0977
A,impostor,0.3147
A,impostor,0.2152
A,impostor,0.1021
A,impostor,0.3917
A,impostor,0.3328
A,impostor,0.2144
A,impostor,0.1672
A,impostor,0.2312
A,impostor,0.3052
A,impostor,0.2075
A,impostor,0.1499
A,impostor,0.1266
A,impostor,0.2170
A,impostor,0.1805
A,impostor,0.1754
A,impostor,0.1945
A,impostor,0.2049
A,impostor,0.1471
A,impostor,0.1893
A,impostor,0.3190
A,impostor,0.2867
A,impostor,0.3406
A,impostor,0.2630
A,impostor,0.4271
A,impostor,0.3607
A,impostor,0.2388
A,impostor,0.0359
A,impostor,0.2372
A,impostor,0.2612
A,impostor,0.4859
A,impostor,0.3104
A,impostor,0.3645
A,impostor,0.2426
A,impostor,0.2608
A,impostor,0.4005
A,impostor,0.2400
A,impostor,0.1645
A,impostor,0.4464
A,impostor,0.3239
A,impostor,0.3040
A,impostor,0.5116
A,impostor,0.1688
A,impostor,0.2241
A,impostor,0.4253
A,impostor,0.3454
A,impostor,0.1629
A,impostor,0.2546
A,impostor,0.1049
A,impostor,0.2100
A,impostor,0.2640
A,impostor,0.4621
A,impostor,0.1977
A,impostor,0.0410
A,impostor,0.1420
A,impostor,0.5332
A,impostor,0.1212
A,impostor,0.3866
A,impostor,0.3478
A,impostor,0.2192
A,impostor,0.2480
A,impostor,0.4428
A,impostor,0.1141
A,impostor,0.2095
A,impostor,0.3732
A,impostor,0.1433
A,impostor,0.3147
A,impostor,0.1692
A,impostor,0.2932
A,impostor,0.1965
A,impostor,0.1898
A,impostor,0.1887
A,impostor,0.1841
A,impostor,0.2926
A,impostor,0.2706
A,impostor,0.1194
A,impostor,0.4714
A,impostor,0.3599
A,impostor,0.3278
A,impostor,0.2106
A,impostor,0.4062
A,impostor,0.5498
A,impostor,0.4978
A,impostor,0.2752
A,impostor,0.0953
A,impostor,0.1701
A,impostor,0.2930
A,impostor,0.2667
A,impostor,0.2572
A,impostor,0.3126
A,impostor,0.3582
A,impostor,0.2988
A,impostor,0.2048
A,impostor,0.2595
A,impostor,0.3182
A,impostor,0.2536
A,impostor,0.1147
A,impostor,0.4552
A,impostor,0.3907
A,impostor,0.2023
A,impostor,0.3280
A,impostor,0.2891
A,impostor,0.1002
A,impostor,0.1374
A,impostor,0.4440
A,impostor,0.3003
A,impostor,0.5159
A,impostor,0.1167
A,impostor,0.1294
A,impostor,0.0479
A,impostor,0.3557
A,impostor,0.3080
A,impostor,0.1249
A,impostor,0.2899
A,impostor,0.1742
A,impostor,0.2193
A,impostor,0.1037
A,impostor,0.2030
A,impostor,0.1889
A,impostor,0.3645
A,impostor,0.1714
A,impostor,0.1822
A,impostor,0.1382
A,impostor,0.2855
A,impostor,0.1775
A,impostor,0.0955
A,impostor,0.3224
A,impostor,0.3153
A,impostor,0.1772
A,impostor,0.2734
A,impostor,0.2056
A,impostor,0.3443
A,impostor,0.3910
A,impostor,0.1748
A,impostor,0.3833
A,impostor,0.2927
A,impostor,0.0661
A,impostor,0.1456
A,impostor,0.3409
A,impostor,0.5223
A,impostor,0.3295
A,impostor,0.1454
A,impostor,0.1861
A,impostor,0.3665
A,impostor,0.1156
A,impostor,0.4949
A,impostor,0.2537
A,impostor,0.6455
A,impostor,0.3852
A,impostor,0.1926
A,impostor,0.4025
A,impostor,0.2800
A,impostor,0.2982
A,impostor,0.3573
A,impostor,0.1717
A,impostor,0.1689
A,impostor,0.3179
A,impostor,0.6664
A,impostor,0.0958
A,impostor,0.2317
A,impostor,0.3233
A,impostor,0.4773
A,impostor,0.3381
A,impostor,0.1490
A,impostor,0.4622
A,impostor,0.2803
A,impostor,0.1685
A,impostor,0.3979
A,impostor,0.4500
A,impostor,0.3108
A,impostor,0.4432
A,impostor,0.3022
A,impostor,0.1916
A,impostor,0.2458
A,impostor,0.1955
A,impostor,0.4560
A,impostor,0.1964
A,impostor,0.3976
A,impostor,0.2689
A,impostor,0.3265
A,impostor,0.2154
A,impostor,0.1378
A,impostor,0.3368
A,impostor,0.4740
A,impostor,0.5074
A,impostor,0.1347
A,impostor,0.1920
A,impostor,0.2373
A,impostor,0.1820
A,impostor,0.3248
A,impostor,0.5061
A,impostor,0.3837
A,impostor,0.1918
A,impostor,0.1091
A,impostor,0.3276
A,impostor,0.1365
A,impostor,0.4400
A,impostor,0.2941
A,impostor,0.1863
A,impostor,0.2607
A,impostor,0.0541
A,impostor,0.1887
A,impostor,0.5368
A,impostor,0.2529
A,impostor,0.2173
A,impostor,0.0983
A,impostor,0.1233
A,impostor,0.2461
A,impostor,0.3675
A,impostor,0.3168
A,impostor,0.3040
A,impostor,0.2388
A,impostor,0.1804
A,impostor,0.2810
A,impostor,0.1689
A,impostor,0.2524
A,impostor,0.1027
A,impostor,0.0492
A,impostor,0.6279
A,impostor,0.2541
A,impostor,0.2506
A,impostor,0.2605
A,impostor,0.1166
A,impostor,0.1164
A,impostor,0.3025
A,impostor,0.2315
A,impostor,0.3273
A,impostor,0.1893
A,impostor,0.1644
A,impostor,0.1647
A,impostor,0.3060
A,impostor,0.2602
A,impostor,0.3768
A,impostor,0.1628
A,impostor,0.1157
A,impostor,0.3393
A,impostor,0.1315
A,impostor,0.1300
A,impostor,0.2552
A,impostor,0.3946
A,impostor,0.3334
A,impostor,0.1538
A,impostor,0.3910
A,impostor,0.1917
A,impostor,0.1475
A,impostor,0.2928
A,impostor,0.0994
A,impostor,0.1502
A,impostor,0.1477
A,impostor,0.0897
A,impostor,0.2481
A,impostor,0.1083
A,impostor,0.1704
A,impostor,0.6149
A,impostor,0.1211
A,impostor,0.4490
A,impostor,0.3332
A,impostor,0.3448
A,impostor,0.0431
A,impostor,0.1788
A,impostor,0.3279
A,impostor,0.1597
A,impostor,0.3196
A,impostor,0.0994
A,impostor,0.1323
A,impostor,0.2116
A,impostor,0.2498
A,impostor,0.3144
A,impostor,0.2341
A,impostor,0.4327
A,impostor,0.1710
A,impostor,0.4774
A,impostor,0.3859
A,impostor,0.1835
A,impostor,0.4145
A,impostor,0.4718
A,impostor,0.2562
A,impostor,0.2411
A,impostor,0.1548
A,impostor,0.2502
A,impostor,0.1282
A,impostor,0.3899
A,impostor,0.2930
A,impostor,0.1459
A,impostor,0.2803
A,impostor,0.3227
A,impostor,0.3406
A,impostor,0.2999
A,impostor,0.3817
A,impostor,0.3212
A,impostor,0.0997
A,impostor,0.3734
A,impostor,0.2766
A,impostor,0.1691
A,impostor,0.1573
A,impostor,0.1607
A,impostor,0.0639
A,impostor,0.0917
A,impostor,0.3890
A,impostor,0.1507
A,impostor,0.4907
A,impostor,0.2598
A,impostor,0.4876
A,impostor,0.3100
A,impostor,0.2592
A,impostor,0.2620
A,impostor,0.2363
A,impostor,0.1336
A,impostor,0.0937
A,impostor,0.3316
A,impostor,0.2314
A,impostor,0.1097
A,impostor,0.1447
A,impostor,0.1677
A,impostor,0.3219
A,impostor,0.3389
A,impostor,0.2725
A,impostor,0.3507
A,impostor,0.3818
A,impostor,0.1309
A,impostor,0.4341
A,impostor,0.1886
A,impostor,0.1242
A,impostor,0.2598
A,impostor,0.1807
A,impostor,0.1611
A,impostor,0.0540
A,impostor,0.1259
A,impostor,0.4298
A,impostor,0.1765
A,impostor,0.0781
A,impostor,0.4746
A,impostor,0.0207
A,impostor,0.2588
A,impostor,0.4529
A,impostor,0.2539
A,impostor,0.2818
A,impostor,0.5193
A,impostor,0.1077
A,impostor,0.3563
A,impostor,0.1741
A,impostor,0.1208
A,impostor,0.1456
A,impostor,0.1961
A,impostor,0.1081
A,impostor,0.0524
A,impostor,0.3963
A,impostor,0.4175
A,impostor,0.1760
A,impostor,0.1474
A,impostor,0.2509
A,impostor,0.3661
A,impostor,0.2589
A,impostor,0.2160
A,impostor,0.0665
A,impostor,0.1881
A,impostor,0.0669
A,impostor,0.3078
A,impostor,0.2122
A,impostor,0.1262
A,impostor,0.0303
A,impostor,0.1600
A,impostor,0.0687
A,impostor,0.3851
A,impostor,0.1152
A,impostor,0.2782
A,impostor,0.1145
A,impostor,0.5463
A,impostor,0.1737
A,impostor,0.3362
A,impostor,0.2533
A,impostor,0.2116
A,impostor,0.5136
A,impostor,0.1984
A,impostor,0.1488
A,impostor,0.4031
A,impostor,0.2253
A,impostor,0.4879
A,impostor,0.3503
A,impostor,0.3125
A,impostor,0.2010
A,impostor,0.2175
A,impostor,0.1845
A,impostor,0.0897
A,impostor,0.1044
A,impostor,0.2592
A,impostor,0.1959
A,impostor,0.1690
A,impostor,0.4261
A,impostor,0.3067
A,impostor,0.2132
A,impostor,0.3483
A,impostor,0.2995
A,impostor,0.1178
A,impostor,0.1117
A,impostor,0.1220
A,impostor,0.0660
A,impostor,0.0954
A,impostor,0.4562
A,impostor,0.2078
A,impostor,0.0958
A,impostor,0.5020
A,impostor,0.3285
A,impostor,0.1272
A,impostor,0.1526
A,impostor,0.0719
A,impostor,0.0968
A,impostor,0.1105
A,impostor,0.3812
A,impostor,0.3690
A,impostor,0.4821
A,impostor,0.3831
A,impostor,0.1459
A,impostor,0.4772
A,impostor,0.3281
A,impostor,0.1882
A,impostor,0.2687
A,impostor,0.1437
A,impostor,0.2323
A,impostor,0.3811
A,impostor,0.3420
A,impostor,0.2947
A,impostor,0.2123
A,impostor,0.3669
A,impostor,0.3756
A,impostor,0.0483
A,impostor,0.1157
A,impostor,0.1483
A,impostor,0.2415
A,impostor,0.3266
A,impostor,0.3415
A,impostor,0.1730
A,impostor,0.1768
A,impostor,0.5049
A,impostor,0.1344
A,impostor,0.4319
A,impostor,0.1467
A,impostor,0.1234
A,impostor,0.4679
A,impostor,0.3327
A,impostor,0.2446
A,impostor,0.2382
A,impostor,0.5855
A,impostor,0.2092
A,impostor,0.2900
A,impostor,0.2207
A,impostor,0.4758
A,impostor,0.2095
A,impostor,0.4584
A,impostor,0.2845
A,impostor,0.1514
A,impostor,0.5353
A,impostor,0.3555
A,impostor,0.1856
A,impostor,0.1272
A,impostor,0.5100
A,impostor,0.2384
A,impostor,0.2115
A,impostor,0.2824
A,impostor,0.2511
A,impostor,0.1497
A,impostor,0.4353
A,impostor,0.1898
A,impostor,0.2029
A,impostor,0.1407
A,impostor,0.3341
A,impostor,0.2823
A,impostor,0.4080
A,impostor,0.2181
A,impostor,0.2331
A,impostor,0.2667
A,impostor,0.4196
A,impostor,0.3069
A,impostor,0.2888
A,impostor,0.1948
A,impostor,0.2955
A,impostor,0.0608
A,impostor,0.2240
A,impostor,0.2104
A,impostor,0.3966
A,impostor,0.1211
A,impostor,0.2170
A,impostor,0.2451
A,impostor,0.3691
A,impostor,0.3180
A,impostor,0.4863
A,impostor,0.2724
A,impostor,0.2728
A,impostor,0.3595
A,impostor,0.3469
A,impostor,0.2289
A,impostor,0.1973
A,impostor,0.0612
A,impostor,0.2776
A,impostor,0.3646
A,impostor,0.0614
A,impostor,0.0982
A,impostor,0.1234
A,impostor,0.2680
A,impostor,0.2128
A,impostor,0.2142
A,impostor,0.1255
A,impostor,0.2060
A,impostor,0.2124
A,impostor,0.1540
A,impostor,0.0849
A,impostor,0.3662
A,impostor,0.3424
A,impostor,0.1025
A,impostor,0.5754
A,impostor,0.3573
A,impostor,0.2049
A,impostor,0.2683
A,impostor,0.2437
A,impostor,0.3246
A,impostor,0.1225
A,impostor,0.2054
A,impostor,0.4039
A,impostor,0.3725
A,impostor,0.2387
A,impostor,0.1974
A,impostor,0.3037
A,impostor,0.1092
A,impostor,0.2623
A,impostor,0.2875
A,impostor,0.1137
A,impostor,0.3868
A,impostor,0.1105
A,impostor,0.2637
A,impostor,0.0829
A,impostor,0.3391
A,impostor,0.2887
A,impostor,0.6327
A,impostor,0.2631
A,impostor,0.1104
A,impostor,0.2238
A,impostor,0.4213
A,impostor,0.0566
A,impostor,0.3635
A,impostor,0.3528
A,impostor,0.3549
A,impostor,0.1595
A,impostor,0.2158
A,impostor,0.1232
A,impostor,0.1899
A,impostor,0.3934
A,impostor,0.1755
A,impostor,0.2417
A,impostor,0.4296
A,impostor,0.2702
A,impostor,0.1638
A,impostor,0.1712
A,impostor,0.0602
A,impostor,0.1619
A,impostor,0.0647
A,impostor,0.3644
A,impostor,0.0867
A,impostor,0.1432
A,impostor,0.0355
A,impostor,0.3322
A,impostor,0.3174
A,impostor,0.1762
A,impostor,0.2865
A,impostor,0.1077
A,impostor,0.4447
A,impostor,0.1715
A,impostor,0.2495
A,impostor,0.1415
A,impostor,0.3269
A,impostor,0.0349
A,impostor,0.2060
A,impostor,0.2664
A,impostor,0.2308
A,impostor,0.4821
A,impostor,0.2908
A,impostor,0.2063
A,impostor,0.4479
A,impostor,0.0975
A,impostor,0.2706
A,impostor,0.4465
A,impostor,0.3366
A,impostor,0.3665
A,impostor,0.1523
A,impostor,0.2945
A,impostor,0.4343
A,impostor,0.1541
A,impostor,0.2218
A,impostor,0.2296
A,impostor,0.3687
A,impostor,0.2165
A,impostor,0.3138
A,impostor,0.3037
A,impostor,0.2453
A,impostor,0.3965
A,impostor,0.3097
A,impostor,0.5352
A,impostor,0.1597
A,impostor,0.1892
A,impostor,0.4029
A,impostor,0.1070
A,impostor,0.3100
A,impostor,0.3206
A,impostor,0.4149
A,impostor,0.2585
A,impostor,0.3186
A,impostor,0.3326
A,impostor,0.1882
A,impostor,0.3746
A,impostor,0.1502
A,impostor,0.6593
A,impostor,0.3677
A,impostor,0.3108
A,impostor,0.2473
A,impostor,0.1213
A,impostor,0.2465
A,impostor,0.1757
A,impostor,0.0653
A,impostor,0.0966
A,impostor,0.1312
A,impostor,0.1539
A,impostor,0.3659
A,impostor,0.2938
A,impostor,0.2178
A,impostor,0.3065
A,impostor,0.0719
A,impostor,0.2008
A,impostor,0.2099
A,impostor,0.1933
A,impostor,0.0661
A,impostor,0.2772
A,impostor,0.2762
A,impostor,0.2888
A,impostor,0.3105
A,impostor,0.2456
A,impostor,0.2121
A,impostor,0.3170
A,impostor,0.3142
A,impostor,0.5427
A,impostor,0.0770
A,impostor,0.3164
A,impostor,0.1903
A,impostor,0.0579
A,impostor,0.0881
A,impostor,0.1359
A,impostor,0.2164
A,impostor,0.1177
A,impostor,0.1471
A,impostor,0.1247
A,impostor,0.2355
A,impostor,0.0567
A,impostor,0.1412
A,impostor,0.0976
A,impostor,0.4102
A,impostor,0.5382
A,impostor,0.5869
A,impostor,0.3676
A,impostor,0.3586
A,impostor,0.3235
A,impostor,0.4903
A,impostor,0.1473
A,impostor,0.2086
A,impostor,0.3688
A,impostor,0.1245
A,impostor,0.4699
A,impostor,0.0949
A,impostor,0.2692
A,impostor,0.2101
A,impostor,0.3213
A,impostor,0.2049
A,impostor,0.2418
A,impostor,0.3507
A,impostor,0.2826
A,impostor,0.0949
A,impostor,0.2169
A,impostor,0.2087
A,impostor,0.0812
A,impostor,0.1452
A,impostor,0.1016
A,impostor,0.2870
A,impostor,0.3032
A,impostor,0.2823
A,impostor,0.1635
A,impostor,0.3725
A,impostor,0.1840
A,impostor,0.0868
A,impostor,0.2993
A,impostor,0.2506
A,impostor,0.3422
A,impostor,0.3766
A,impostor,0.1209
A,impostor,0.2469
A,impostor,0.1494
A,impostor,0.3437
A,impostor,0.2056
A,impostor,0.3547
A,impostor,0.2396
A,impostor,0.2521
A,impostor,0.3506
A,impostor,0.0663
A,impostor,0.5308
A,impostor,0.0669
A,impostor,0.1464
A,impostor,0.2385
A,impostor,0.3548
A,impostor,0.2939
A,impostor,0.2432
A,impostor,0.2385
A,impostor,0.1634
A,impostor,0.3262
A,impostor,0.1550
A,impostor,0.2172
A,impostor,0.1336
A,impostor,0.3498
A,impostor,0.0421
A,impostor,0.2639
A,impostor,0.3193
A,impostor,0.3221
A,impostor,0.2190
A,impostor,0.0490
A,impostor,0.2927
A,impostor,0.3367
A,impostor,0.1521
A,impostor,0.0786
A,impostor,0.3821
A,impostor,0.1430
A,impostor,0.1582
A,impostor,0.5619
A,impostor,0.4333
A,impostor,0.5427
A,impostor,0.4172
A,impostor,0.2271
A,impostor,0.2145
A,impostor,0.1879
A,impostor,0.0687
A,impostor,0.3275
A,impostor,0.1169
A,impostor,0.2293
A,impostor,0.2882
A,impostor,0.2234
A,impostor,0.4059
A,impostor,0.2392
A,impostor,0.2732
A,impostor,0.1061
A,impostor,0.2743
A,impostor,0.2596
A,impostor,0.1288
A,impostor,0.2240
A,impostor,0.3564
A,impostor,0.3294
A,impostor,0.3387
A,impostor,0.4681
A,impostor,0.0818
A,impostor,0.2754
A,impostor,0.3350
A,impostor,0.1877
A,impostor,0.3801
A,impostor,0.2995
A,impostor,0.2180
A,impostor,0.3643
A,impostor,0.4092
A,impostor,0.3010
A,impostor,0.1834
A,impostor,0.3668
A,impostor,0.2137
A,impostor,0.6052
A,impostor,0.4542
A,impostor,0.2098
A,impostor,0.3262
A,impostor,0.2124
A,impostor,0.4411
A,impostor,0.4364
A,impostor,0.3507
A,impostor,0.1113
A,impostor,0.1140
A,impostor,0.1629
A,impostor,0.4992
A,impostor,0.4165
A,impostor,0.4227
A,impostor,0.1045
A,impostor,0.2087
A,impostor,0.1885
A,impostor,0.3355
A,impostor,0.2592
A,impostor,0.1128
A,impostor,0.1366
A,impostor,0.3448
A,impostor,0.2507
A,impostor,0.4479
A,impostor,0.1917
A,impostor,0.2829
A,impostor,0.3077
A,impostor,0.1193
A,impostor,0.1475
A,impostor,0.1638
A,impostor,0.2738
A,impostor,0.5061
A,impostor,0.4345
A,impostor,0.1790
A,impostor,0.3704
A,impostor,0.2622
A,impostor,0.1727
A,impostor,0.2741
A,impostor,0.0966
A,impostor,0.3034
A,impostor,0.4490
A,impostor,0.2946
A,impostor,0.1000
A,impostor,0.1046
A,impostor,0.1265
A,impostor,0.2507
A,impostor,0.3214
A,impostor,0.1360
A,impostor,0.1457
A,impostor,0.1758
A,impostor,0.0706
A,impostor,0.3306
A,impostor,0.2750
A,impostor,0.1004
A,impostor,0.1411
A,impostor,0.3078
A,impostor,0.3678
A,impostor,0.3626
A,impostor,0.3104
A,impostor,0.2064
A,impostor,0.4361
A,impostor,0.2932
A,impostor,0.2912
A,impostor,0.2029
A,impostor,0.1417
A,impostor,0.7160
A,impostor,0.2268
A,impostor,0.3211
A,impostor,0.1800
A,impostor,0.4125
A,impostor,0.4616
A,impostor,0.1653
A,impostor,0.1828
A,impostor,0.0855
A,impostor,0.4145
A,impostor,0.2478
A,impostor,0.2474
A,impostor,0.1820
A,impostor,0.1802
A,impostor,0.3621
A,impostor,0.3354
A,impostor,0.2228
A,impostor,0.3171
A,impostor,0.2863
A,impostor,0.2999
A,impostor,0.1742
A,impostor,0.0992
A,impostor,0.3642
A,impostor,0.0921
A,impostor,0.1341
A,impostor,0.3935
A,impostor,0.1702
A,impostor,0.2868
A,impostor,0.3266
A,impostor,0.1324
A,impostor,0.5629
A,impostor,0.3198
A,impostor,0.1562
A,impostor,0.3483
A,impostor,0.2785
A,impostor,0.0596
A,impostor,0.1264
A,impostor,0.2902
A,impostor,0.1027
A,impostor,0.2864
A,impostor,0.4415
A,impostor,0.3489
A,impostor,0.2515
A,impostor,0.1114
A,impostor,0.1590
A,impostor,0.2427
A,impostor,0.1956
A,impostor,0.1429
A,impostor,0.2380
A,impostor,0.1409
A,impostor,0.4828
A,impostor,0.2739
A,impostor,0.2361
A,impostor,0.1970
A,impostor,0.4695
A,impostor,0.2126
A,impostor,0.1860
A,impostor,0.1737
A,impostor,0.3657
A,impostor,0.1920
A,impostor,0.2548
A,impostor,0.0756
A,impostor,0.1682
A,impostor,0.1265
A,impostor,0.4702
A,impostor,0.4982
A,impostor,0.3418
A,impostor,0.3749
A,impostor,0.1574
A,impostor,0.2360
A,impostor,0.2319
A,impostor,0.1529
A,impostor,0.3289
A,impostor,0.2705
A,impostor,0.3673
A,impostor,0.2279
A,impostor,0.2612
A,impostor,0.2202
A,impostor,0.3193
A,impostor,0.2761
A,impostor,0.2496
A,impostor,0.3029
A,impostor,0.1984
A,impostor,0.1797
A,impostor,0.1569
A,impostor,0.0447
A,impostor,0.1239
A,impostor,0.5630
A,impostor,0.2159
A,impostor,0.1927
A,impostor,0.1892
A,impostor,0.1030
A,impostor,0.3802
A,impostor,0.1973
A,impostor,0.1665
A,impostor,0.2895
A,impostor,0.4352
A,impostor,0.0868
A,impostor,0.4377
A,impostor,0.1892
A,impostor,0.1334
A,impostor,0.6063
A,impostor,0.2447
A,impostor,0.4053
A,impostor,0.1568
A,impostor,0.3211
A,impostor,0.2612
A,impostor,0.0730
A,impostor,0.1625
A,impostor,0.2470
A,impostor,0.2757
A,impostor,0.5311
A,impostor,0.5866
A,impostor,0.3594
A,impostor,0.3333
A,impostor,0.2933
A,impostor,0.2628
A,impostor,0.2740
A,impostor,0.2848
A,impostor,0.4057
A,impostor,0.1924
A,impostor,0.3715
A,impostor,0.3763
A,impostor,0.1287
A,impostor,0.2912
A,impostor,0.5504
A,impostor,0.1778
A,impostor,0.2586
A,impostor,0.0896
A,impostor,0.3308
A,impostor,0.1541
A,impostor,0.3043
A,impostor,0.0477
A,impostor,0.0455
A,impostor,0.3349
A,impostor,0.3788
A,impostor,0.1468
A,impostor,0.3524
A,impostor,0.3249
A,impostor,0.1260
A,impostor,0.2616
A,impostor,0.6123
A,impostor,0.1834
A,impostor,0.2181
A,impostor,0.2379
A,impostor,0.3117
A,impostor,0.2933
A,impostor,0.1440
A,impostor,0.0802
A,impostor,0.1992
A,impostor,0.4751
A,impostor,0.2061
A,impostor,0.2955
A,impostor,0.2810
A,impostor,0.2351
A,impostor,0.4756
A,impostor,0.1320
A,impostor,0.2883
A,impostor,0.4340
A,impostor,0.1714
A,impostor,0.5224
A,impostor,0.3326
A,impostor,0.4175
A,impostor,0.1143
A,impostor,0.1976
A,impostor,0.3243
A,impostor,0.2630
A,impostor,0.2276
A,impostor,0.0877
A,impostor,0.3392
A,impostor,0.4915
A,impostor,0.1320
A,impostor,0.1957
A,impostor,0.2314
A,impostor,0.1648
A,impostor,0.3225
A,impostor,0.3039
A,impostor,0.5404
A,impostor,0.6826
A,impostor,0.2056
A,impostor,0.2290
A,impostor,0.2470
A,impostor,0.1717
A,impostor,0.1947
A,impostor,0.4220
A,impostor,0.1384
A,impostor,0.5504
A,impostor,0.3788
A,impostor,0.2269
A,impostor,0.1476
A,impostor,0.4437
A,impostor,0.2228
A,impostor,0.3121
A,impostor,0.0401
A,impostor,0.2579
A,impostor,0.1690
A,impostor,0.4550
A,impostor,0.2450
A,impostor,0.1088
A,impostor,0.1584
A,impostor,0.1433
A,impostor,0.2451
A,impostor,0.3153
A,impostor,0.3545
A,impostor,0.1898
A,impostor,0.2675
A,impostor,0.3857
A,impostor,0.3773
A,impostor,0.4748
A,impostor,0.1931
A,impostor,0.3245
A,impostor,0.2121
A,impostor,0.0897
A,impostor,0.3525
A,impostor,0.3357
A,impostor,0.2612
A,impostor,0.3053
A,impostor,0.1313
A,impostor,0.1015
A,impostor,0.1932
A,impostor,0.0978
A,impostor,0.2795
A,impostor,0.2217
A,impostor,0.1716
A,impostor,0.4903
A,impostor,0.1012
A,impostor,0.4907
A,impostor,0.1988
A,impostor,0.2430
A,impostor,0.3127
A,impostor,0.3251
A,impostor,0.1260
A,impostor,0.1471
A,impostor,0.1604
A,impostor,0.2604
A,impostor,0.1943
A,impostor,0.1344
A,impostor,0.1845
A,impostor,0.3061
A,impostor,0.3388
A,impostor,0.2998
A,impostor,0.4645
A,impostor,0.3231
A,impostor,0.5667
A,impostor,0.2496
A,impostor,0.3158
A,impostor,0.3766
A,impostor,0.2119
A,impostor,0.3065
A,impostor,0.1887
A,impostor,0.4034
A,impostor,0.0761
A,impostor,0.2513
A,impostor,0.1421
A,impostor,0.1496
A,impostor,0.1538
A,impostor,0.2194
A,impostor,0.1886
A,impostor,0.2010
A,impostor,0.1875
A,impostor,0.1768
A,impostor,0.0980
A,impostor,0.2162
A,impostor,0.1062
A,impostor,0.4258
A,impostor,0.3156
A,impostor,0.4426
A,impostor,0.1554
A,impostor,0.1863
A,impostor,0.1868
A,impostor,0.2567
A,impostor,0.1544
A,impostor,0.1171
A,impostor,0.2702
A,impostor,0.1414
A,impostor,0.4077
A,impostor,0.1996
A,impostor,0.0294
A,impostor,0.2156
A,impostor,0.3176
A,impostor,0.3828
A,impostor,0.5095
A,impostor,0.2459
A,impostor,0.4945
A,impostor,0.2651
A,impostor,0.2935
A,impostor,0.1962
A,impostor,0.1000
A,impostor,0.3552
A,impostor,0.2450
A,impostor,0.1858
A,impostor,0.0500
A,impostor,0.1908
A,impostor,0.4849
A,impostor,0.3919
A,impostor,0.2597
A,impostor,0.6758
A,impostor,0.2108
A,impostor,0.2911
A,impostor,0.2503
A,impostor,0.2280
A,impostor,0.1383
A,impostor,0.2007
A,impostor,0.0657
A,impostor,0.2219
A,impostor,0.0918
A,impostor,0.0835
A,impostor,0.0369
A,impostor,0.1591
A,impostor,0.2878
A,impostor,0.1643
A,impostor,0.2878
A,impostor,0.3099
A,impostor,0.5523
A,impostor,0.6727
A,impostor,0.2288
A,impostor,0.2450
A,impostor,0.3151
A,impostor,0.1300
A,impostor,0.2621
A,impostor,0.2889
A,impostor,0.4371
A,impostor,0.2169
A,impostor,0.1194
A,impostor,0.3632
A,impostor,0.3097
A,impostor,0.3493
A,impostor,0.1362
A,impostor,0.0864
A,impostor,0.2578
A,impostor,0.0742
A,impostor,0.3055
A,impostor,0.1231
A,impostor,0.2964
A,impostor,0.5161
A,impostor,0.5087
A,impostor,0.2488
A,impostor,0.2939
A,impostor,0.2477
A,impostor,0.1875
A,impostor,0.3758
A,impostor,0.3030
A,impostor,0.3946
A,impostor,0.1868
A,impostor,0.1485
A,impostor,0.1012
A,impostor,0.3270
A,impostor,0.0640
A,impostor,0.2968
A,impostor,0.1773
A,impostor,0.3237
A,impostor,0.1674
A,impostor,0.1899
A,impostor,0.4393
A,impostor,0.3002
A,impostor,0.0567
A,impostor,0.2454
A,impostor,0.0749
A,impostor,0.5539
A,impostor,0.1482
A,impostor,0.5160
A,impostor,0.2278
A,impostor,0.0955
A,impostor,0.1010
A,impostor,0.2569
A,impostor,0.5545
A,impostor,0.3538
A,impostor,0.0871
A,impostor,0.0908
A,impostor,0.3378
A,impostor,0.2631
A,impostor,0.3755
A,impostor,0.2959
A,impostor,0.5078
A,impostor,0.1439
A,impostor,0.1049
A,impostor,0.3328
A,impostor,0.4009
A,impostor,0.1248
A,impostor,0.3433
A,impostor,0.2818
A,impostor,0.5341
A,impostor,0.1337
A,impostor,0.2297
A,impostor,0.1454
A,impostor,0.1589
A,impostor,0.3719
A,impostor,0.1003
A,impostor,0.0928
A,impostor,0.2143
A,impostor,0.2874
A,impostor,0.0896
A,impostor,0.3300
A,impostor,0.0975
A,impostor,0.1029
A,impostor,0.3680
A,impostor,0.0415
A,impostor,0.3895
A,impostor,0.2022
A,impostor,0.1845
A,impostor,0.4242
A,impostor,0.3030
A,impostor,0.1582
A,impostor,0.0905
A,impostor,0.2897
A,impostor,0.4176
A,impostor,0.1674
A,impostor,0.2893
A,impostor,0.2759
A,impostor,0.3530
A,impostor,0.4768
A,impostor,0.2681
A,impostor,0.2021
A,impostor,0.3134
A,impostor,0.2048
A,impostor,0.4697
A,impostor,0.4088
A,impostor,0.2380
A,impostor,0.3212
A,impostor,0.1572
A,impostor,0.2663
A,impostor,0.2273
A,impostor,0.2157
A,impostor,0.2634
A,impostor,0.1583
A,impostor,0.3297
A,impostor,0.2802
A,impostor,0.2107
A,impostor,0.3637
A,impostor,0.2211
A,impostor,0.3263
A,impostor,0.1075
A,impostor,0.2062
B,genuine,0.6574
B,genuine,0.8402
B,genuine,0.8538
B,genuine,0.6506
B,genuine,0.6853
B,genuine,0.8483
B,genuine,0.6881
B,genuine,0.6173
B,genuine,0.6912
B,genuine,0.7747
B,genuine,0.6917
B,genuine,0.7018
B,genuine,0.6640
B,genuine,0.7896
B,genuine,0.4904
B,genuine,0.5531
B,genuine,0.6629
B,genuine,0.6334
B,genuine,0.6280
B,genuine,0.6689
B,genuine,0.6746
B,genuine,0.7032
B,genuine,0.6387
B,genuine,0.6732
B,genuine,0.6488
B,genuine,0.5767
B,genuine,0.9039
B,genuine,0.6251
B,genuine,0.7859
B,genuine,0.6992
B,genuine,0.6674
B,genuine,0.5936
B,genuine,0.4940
B,genuine,0.6615
B,genuine,0.6017
B,genuine,0.6142
B,genuine,0.6693
B,genuine,0.7706
B,genuine,0.5787
B,genuine,0.6835
B,genuine,0.6687
B,genuine,0.5899
B,genuine,0.7474
B,genuine,0.6063
B,genuine,0.6212
B,genuine,0.6562
B,genuine,0.6674
B,genuine,0.8495
B,genuine,0.6390
B,genuine,0.7989
B,genuine,0.5794
B,genuine,0.5509
B,genuine,0.7524
B,genuine,0.6613
B,genuine,0.7580
B,genuine,0.6412
B,genuine,0.7593
B,genuine,0.7722
B,genuine,0.7860
B,genuine,0.5699
B,genuine,0.7626
B,genuine,0.6773
B,genuine,0.8159
B,genuine,0.6606
B,genuine,0.6424
B,genuine,0.7259
B,genuine,0.5832
B,genuine,0.7320
B,genuine,0.8860
B,genuine,0.5082
B,genuine,0.6640
B,genuine,0.6805
B,genuine,0.6596
B,genuine,0.5834
B,genuine,0.7743
B,genuine,0.7123
B,genuine,0.7402
B,genuine,0.5939
B,genuine,0.4887
B,genuine,0.7814
B,genuine,0.7259
B,genuine,0.6115
B,genuine,0.5320
B,genuine,0.5731
B,genuine,0.6521
B,genuine,0.7133
B,genuine,0.6080
B,genuine,0.6799
B,genuine,0.6671
B,genuine,0.5939
B,genuine,0.6176
B,genuine,0.6912
B,genuine,0.4850
B,genuine,0.6288
B,genuine,0.7509
B,genuine,0.6436
B,genuine,0.6214
B,genuine,0.6053
B,genuine,0.6997
B,genuine,0.8437
B,genuine,0.7647
B,genuine,0.6922
B,genuine,0.5818
B,genuine,0.5168
B,genuine,0.6395
B,genuine,0.7653
B,genuine,0.7705
B,genuine,0.7739
B,genuine,0.5585
B,genuine,0.6655
B,genuine,0.8275
B,genuine,0.7051
B,genuine,0.4231
B,genuine,0.6607
B,genuine,0.7362
B,genuine,0.6318
B,genuine,0.5532
B,genuine,0.6526
B,genuine,0.6598
B,genuine,0.6614
B,genuine,0.6580
B,genuine,0.5815
B,genuine,0.6842
B,genuine,0.6579
B,genuine,0.5582
B,genuine,0.7330
B,genuine,0.6818
B,genuine,0.6442
B,genuine,0.7351
B,genuine,0.6019
B,genuine,0.6351
B,genuine,0.4594
B,genuine,0.5318
B,genuine,0.6461
B,genuine,0.7423
B,genuine,0.6467
B,genuine,0.8235
B,genuine,0.6050
B,genuine,0.6950
B,genuine,0.6088
B,genuine,0.6589
B,genuine,0.7141
B,genuine,0.6245
B,genuine,0.6456
B,genuine,0.6749
B,genuine,0.9012
B,genuine,0.4969
B,genuine,0.7385
B,genuine,0.7187
B,genuine,0.7180
B,genuine,0.7037
B,genuine,0.5656
B,genuine,0.8366
B,genuine,0.6518
B,genuine,0.6518
B,genuine,0.5876
B,genuine,0.6396
B,genuine,0.5752
B,genuine,0.5839
B,genuine,0.5625
B,genuine,0.6963
B,genuine,0.6860
B,genuine,0.6368
B,genuine,0.6000
B,genuine,0.5546
B,genuine,0.7345
B,genuine,0.7473
B,genuine,0.6860
B,genuine,0.6897
B,genuine,0.6102
B,genuine,0.7973
B,genuine,0.6684
B,genuine,0.5898
B,genuine,0.6629
B,genuine,0.6339
B,genuine,0.7388
B,genuine,0.5346
B,genuine,0.5780
B,genuine,0.5675
B,genuine,0.7558
B,genuine,0.7661
B,genuine,0.5123
B,genuine,0.7938
B,genuine,0.6942
B,genuine,0.7310
B,genuine,0.6010
B,genuine,0.6004
B,genuine,0.5752
B,genuine,0.5905
B,genuine,0.7973
B,genuine,0.6933
B,genuine,0.6369
B,genuine,0.6160
B,genuine,0.6364
B,genuine,0.4721
B,genuine,0.6418
B,genuine,0.4642
B,genuine,0.6583
B,genuine,0.5694
B,genuine,0.8345
B,genuine,0.7797
B,genuine,0.5023
B,genuine,0.6369
B,genuine,0.6222
B,genuine,0.6099
B,genuine,0.6940
B,genuine,0.6608
B,genuine,0.5853
B,genuine,0.8097
B,genuine,0.6732
B,genuine,0.5907
B,genuine,0.6021
B,genuine,0.8669
B,genuine,0.5763
B,genuine,0.7858
B,genuine,0.6621
B,genuine,0.6613
B,genuine,0.5428
B,genuine,0.6514
B,genuine,0.5841
B,genuine,0.7040
B,genuine,0.7278
B,genuine,0.5700
B,genuine,0.6685
B,genuine,0.5992
B,genuine,0.8114
B,genuine,0.7830
B,genuine,0.5360
B,genuine,0.7745
B,genuine,0.6838
B,genuine,0.5946
B,genuine,0.6712
B,genuine,0.5712
B,genuine,0.5314
B,genuine,0.7031
B,genuine,0.5726
B,genuine,0.6231
B,genuine,0.6010
B,genuine,0.6727
B,genuine,0.6288
B,genuine,0.5570
B,genuine,0.7628
B,genuine,0.6303
B,genuine,0.6406
B,genuine,0.6862
B,genuine,0.5988
B,genuine,0.6095
B,genuine,0.7413
B,genuine,0.6460
B,genuine,0.5094
B,genuine,0.4418
B,genuine,0.5771
B,genuine,0.6316
B,genuine,0.6568
B,genuine,0.7207
B,genuine,0.6437
B,genuine,0.5730
B,genuine,0.7026
B,genuine,0.5735
B,genuine,0.7089
B,genuine,0.5945
B,genuine,0.4795
B,genuine,0.6789
B,genuine,0.7991
B,genuine,0.8183
B,genuine,0.6956
B,genuine,0.7984
B,genuine,0.7750
B,genuine,0.5376
B,genuine,0.6199
B,genuine,0.6896
B,genuine,0.7190
B,genuine,0.6555
B,genuine,0.6085
B,genuine,0.6758
B,genuine,0.6024
B,genuine,0.6915
B,genuine,0.7409
B,genuine,0.5207
B,genuine,0.4053
B,genuine,0.7975
B,genuine,0.6475
B,genuine,0.6904
B,genuine,0.6324
B,genuine,0.7067
B,genuine,0.4569
B,genuine,0.6016
B,genuine,0.6807
B,genuine,0.6723
B,genuine,0.7191
B,genuine,0.5913
B,genuine,0.3731
B,genuine,0.8495
B,genuine,0.5170
B,genuine,0.4486
B,genuine,0.5615
B,genuine,0.7390
B,genuine,0.6982
B,genuine,0.6193
B,genuine,0.6574
B,genuine,0.7310
B,genuine,0.6948
B,genuine,0.7385
B,genuine,0.5216
B,genuine,0.5634
B,genuine,0.7229
B,genuine,0.6142
B,genuine,0.7790
B,genuine,0.7616
B,genuine,0.6997
B,genuine,0.6148
B,genuine,0.7307
B,genuine,0.5717
B,genuine,0.6428
B,genuine,0.6260
B,genuine,0.6504
B,genuine,0.8200
B,genuine,0.9740
B,genuine,0.7138
B,genuine,0.6980
B,genuine,0.7273
B,genuine,0.6477
B,genuine,0.7319
B,genuine,0.6636
B,genuine,0.6429
B,genuine,0.6181
B,genuine,0.7043
B,genuine,0.7580
B,genuine,0.5033
B,genuine,0.6785
B,genuine,0.4663
B,genuine,0.5414
B,genuine,0.5826
B,genuine,0.6895
B,genuine,0.6918
B,genuine,0.5115
B,genuine,0.5376
B,genuine,0.6877
B,genuine,0.7690
B,genuine,0.6648
B,genuine,0.7510
B,genuine,0.6149
B,genuine,0.7295
B,genuine,0.4830
B,genuine,0.3795
B,genuine,0.6791
B,genuine,0.6421
B,genuine,0.5145
B,genuine,0.7017
B,genuine,0.7486
B,genuine,0.5342
B,genuine,0.7291
B,genuine,0.5179
B,genuine,0.5564
B,genuine,0.5859
B,genuine,0.6201
B,genuine,0.6748
B,genuine,0.5425
B,genuine,0.6070
B,genuine,0.6142
B,genuine,0.6234
B,genuine,0.7388
B,genuine,0.5740
B,genuine,0.6734
B,genuine,0.5878
B,genuine,0.6631
B,genuine,0.5831
B,genuine,0.7872
B,genuine,0.7119
B,genuine,0.6490
B,genuine,0.6971
B,genuine,0.7236
B,genuine,0.5294
B,genuine,0.5269
B,genuine,0.6754
B,genuine,0.6943
B,genuine,0.7306
B,genuine,0.6797
B,genuine,0.6840
B,genuine,0.5714
B,genuine,0.6192
B,genuine,0.7060
B,genuine,0.5717
B,genuine,0.6610
B,genuine,0.5675
B,genuine,0.7221
B,genuine,0.7290
B,genuine,0.3524
B,genuine,0.6515
B,genuine,0.6827
B,genuine,0.6718
B,genuine,0.4976
B,genuine,0.7927
B,genuine,0.7553
B,genuine,0.5684
B,genuine,0.6801
B,genuine,0.6477
B,genuine,0.6344
B,genuine,0.6692
B,genuine,0.5351
B,genuine,0.5716
B,genuine,0.6903
B,genuine,0.5820
B,genuine,0.7676
B,genuine,0.7576
B,genuine,0.7221
B,genuine,0.5307
B,genuine,0.6880
B,genuine,0.6719
B,genuine,0.6089
B,genuine,0.7201
B,genuine,0.4782
B,genuine,0.5321
B,genuine,0.6156
B,genuine,0.6929
B,genuine,0.5669
B,genuine,0.5880
B,genuine,0.5996
B,genuine,0.5338
B,genuine,0.8399
B,genuine,0.5728
B,genuine,0.7389
B,genuine,0.6076
B,genuine,0.8061
B,genuine,0.6912
B,genuine,0.6849
B,genuine,0.7761
B,genuine,0.5664
B,genuine,0.6037
B,genuine,0.8301
B,genuine,0.6916
B,genuine,0.6754
B,genuine,0.4812
B,genuine,0.6657
B,genuine,0.5439
B,genuine,0.7212
B,genuine,0.8219
B,genuine,0.7582
B,genuine,0.7523
B,genuine,0.4879
B,genuine,0.5626
B,genuine,0.6884
B,genuine,0.5899
B,genuine,0.6482
B,genuine,0.7362
B,genuine,0.7015
B,genuine,0.7457
B,genuine,0.7119
B,genuine,0.5849
B,genuine,0.6769
B,genuine,0.6360
B,genuine,0.5796
B,genuine,0.6976
B,genuine,0.5436
B,genuine,0.6284
B,genuine,0.6659
B,genuine,0.6165
B,genuine,0.7144
B,genuine,0.6549
B,genuine,0.5057
B,genuine,0.7010
B,genuine,0.7161
B,genuine,0.6357
B,genuine,0.7788
B,genuine,0.6823
B,genuine,0.5968
B,genuine,0.7147
B,genuine,0.5516
B,genuine,0.8215
B,genuine,0.6146
B,genuine,0.6205
B,genuine,0.6002
B,genuine,0.5491
B,genuine,0.7936
B,genuine,0.6331
B,genuine,0.4853
B,genuine,0.7114
B,genuine,0.6583
B,genuine,0.7310
B,genuine,0.7399
B,genuine,0.5347
B,genuine,0.6655
B,genuine,0.4815
B,genuine,0.7037
B,genuine,0.5915
B,genuine,0.5343
B,genuine,0.7821
B,genuine,0.5366
B,genuine,0.7949
B,genuine,0.6336
B,genuine,0.5883
B,genuine,0.7745
B,genuine,0.7221
B,genuine,0.7057
B,genuine,0.7151
B,genuine,0.7462
B,genuine,0.7300
B,genuine,0.7494
B,genuine,0.7330
B,genuine,0.7051
B,genuine,0.4128
B,genuine,0.5294
B,genuine,0.7238
B,genuine,0.6176
B,genuine,0.8074
B,genuine,0.5476
B,genuine,0.7909
B,genuine,0.7218
B,genuine,0.6904
B,genuine,0.6732
B,genuine,0.7158
B,genuine,0.7194
B,genuine,0.5137
B,genuine,0.6317
B,genuine,0.5782
B,genuine,0.6652
B,genuine,0.7389
B,genuine,0.6071
B,genuine,0.6503
B,genuine,0.5817
B,genuine,0.7826
B,genuine,0.7278
B,genuine,0.6153
B,genuine,0.6737
B,genuine,0.6389
B,genuine,0.6310
B,genuine,0.7767
B,genuine,0.8028
B,genuine,0.6420
B,genuine,0.6150
B,genuine,0.7537
B,genuine,0.6079
B,genuine,0.6364
B,genuine,0.6556
B,genuine,0.7294
B,genuine,0.7191
B,genuine,0.6458
B,genuine,0.6543
B,genuine,0.6856
B,genuine,0.5585
B,genuine,0.5682
B,genuine,0.6674
B,genuine,0.6335
B,genuine,0.6096
B,genuine,0.8367
B,genuine,0.5191
B,genuine,0.5780
B,genuine,0.5984
B,genuine,0.6713
B,genuine,0.8039
B,genuine,0.7051
B,genuine,0.7345
B,genuine,0.7098
B,genuine,0.5687
B,genuine,0.7280
B,genuine,0.6473
B,genuine,0.6640
B,genuine,0.5589
B,genuine,0.5986
B,genuine,0.5969
B,genuine,0.6657
B,genuine,0.6722
B,genuine,0.6837
B,genuine,0.7273
B,genuine,0.6332
B,genuine,0.5111
B,genuine,0.6887
B,genuine,0.5244
B,genuine,0.7761
B,genuine,0.6893
B,genuine,0.6036
B,genuine,0.5554
B,genuine,0.5218
B,genuine,0.5379
B,genuine,0.6677
B,genuine,0.5744
B,genuine,0.7066
B,genuine,0.5775
B,genuine,0.7266
B,genuine,0.5155
B,genuine,0.5936
B,genuine,0.7534
B,genuine,0.5026
B,genuine,0.5647
B,genuine,0.4434
B,genuine,0.7969
B,genuine,0.6390
B,genuine,0.6251
B,genuine,0.7219
B,genuine,0.6070
B,genuine,0.6639
B,genuine,0.5874
B,genuine,0.5308
B,genuine,0.6060
B,genuine,0.7921
B,genuine,0.5802
B,genuine,0.7192
B,genuine,0.4716
B,genuine,0.6133
B,genuine,0.6715
B,genuine,0.7558
B,genuine,0.6547
B,genuine,0.8173
B,genuine,0.5696
B,genuine,0.7876
B,genuine,0.8510
B,genuine,0.7124
B,genuine,0.6847
B,genuine,0.5306
B,genuine,0.7478
B,genuine,0.4824
B,genuine,0.6810
B,genuine,0.6928
B,genuine,0.7553
B,genuine,0.5956
B,genuine,0.8517
B,genuine,0.6844
B,genuine,0.6780
B,genuine,0.7925
B,genuine,0.6211
B,genuine,0.7143
B,genuine,0.6608
B,genuine,0.6729
B,genuine,0.6900
B,genuine,0.7785
B,genuine,0.5324
B,genuine,0.6151
B,genuine,0.8186
B,genuine,0.7764
B,genuine,0.5212
B,genuine,0.7783
B,genuine,0.6977
B,genuine,0.5275
B,genuine,0.6427
B,genuine,0.7189
B,genuine,0.5551
B,genuine,0.6780
B,genuine,0.5841
B,genuine,0.5809
B,genuine,0.5912
B,genuine,0.5279
B,genuine,0.6417
B,genuine,0.5526
B,genuine,0.7093
B,genuine,0.4900
B,genuine,0.6821
B,genuine,0.5816
B,genuine,0.6989
B,genuine,0.7550
B,genuine,0.6038
B,genuine,0.6718
B,genuine,0.4779
B,genuine,0.5044
B,genuine,0.8108
B,genuine,0.8250
B,genuine,0.5517
B,genuine,0.5649
B,genuine,0.5443
B,genuine,0.6263
B,genuine,0.6554
B,genuine,0.7115
B,genuine,0.5539
B,genuine,0.6464
B,genuine,0.7361
B,genuine,0.6407
B,genuine,0.6249
B,genuine,0.5750
B,genuine,0.6527
B,genuine,0.6459
B,genuine,0.6382
B,genuine,0.7719
B,genuine,0.7341
B,genuine,0.6479
B,genuine,0.5634
B,genuine,0.8417
B,genuine,0.6275
B,genuine,0.5890
B,genuine,0.7051
B,genuine,0.4551
B,genuine,0.7712
B,genuine,0.6310
B,genuine,0.7294
B,genuine,0.6097
B,genuine,0.7558
B,genuine,0.7714
B,genuine,0.6739
B,genuine,0.7055
B,genuine,0.7613
B,genuine,0.7751
B,genuine,0.5586
B,genuine,0.6184
B,genuine,0.5687
B,genuine,0.7781
B,genuine,0.6315
B,genuine,0.7299
B,genuine,0.6398
B,genuine,0.6456
B,genuine,0.5552
B,genuine,0.5207
B,genuine,0.7313
B,genuine,0.4963
B,genuine,0.6381
B,genuine,0.5528
B,genuine,0.6791
B,genuine,0.6408
B,genuine,0.6050
B,genuine,0.5710
B,genuine,0.6543
B,genuine,0.6169
B,genuine,0.6755
B,genuine,0.7021
B,genuine,0.6063
B,genuine,0.5970
B,genuine,0.7660
B,genuine,0.6999
B,genuine,0.5943
B,genuine,0.7469
B,genuine,0.5777
B,genuine,0.4178
B,genuine,0.7121
B,genuine,0.6045
B,genuine,0.6150
B,genuine,0.8003
B,genuine,0.6459
B,genuine,0.6325
B,genuine,0.8209
B,genuine,0.6613
B,genuine,0.5956
B,genuine,0.4378
B,genuine,0.6278
B,genuine,0.7002
B,genuine,0.5627
B,genuine,0.7295
B,genuine,0.6787
B,genuine,0.6364
B,genuine,0.7362
B,genuine,0.7614
B,genuine,0.5856
B,genuine,0.7298
B,genuine,0.6655
B,genuine,0.6606
B,genuine,0.7010
B,genuine,0.6861
B,genuine,0.7406
B,genuine,0.6430
B,genuine,0.8171
B,genuine,0.6007
B,genuine,0.7307
B,genuine,0.6240
B,genuine,0.5700
B,genuine,0.7701
B,genuine,0.6218
B,genuine,0.8050
B,genuine,0.6274
B,genuine,0.7087
B,genuine,0.6351
B,genuine,0.6712
B,genuine,0.7027
B,genuine,0.6308
B,genuine,0.7409
B,genuine,0.8129
B,genuine,0.7734
B,genuine,0.7055
B,genuine,0.6048
B,genuine,0.5714
B,genuine,0.7016
B,genuine,0.7374
B,genuine,0.5360
B,genuine,0.5599
B,genuine,0.6565
B,genuine,0.7959
B,genuine,0.6942
B,genuine,0.6638
B,genuine,0.7807
B,genuine,0.5732
B,genuine,0.5851
B,genuine,0.5660
B,genuine,0.8057
B,genuine,0.6916
B,genuine,0.6276
B,genuine,0.6868
B,genuine,0.6988
B,genuine,0.7292
B,genuine,0.7104
B,genuine,0.8162
B,genuine,0.5734
B,genuine,0.6082
B,genuine,0.6741
B,genuine,0.6181
B,genuine,0.6329
B,genuine,0.6237
B,genuine,0.6430
B,genuine,0.5885
B,genuine,0.6645
B,genuine,0.6002
B,genuine,0.6948
B,genuine,0.5540
B,genuine,0.7220
B,genuine,0.6875
B,genuine,0.6605
B,genuine,0.5344
B,genuine,0.5524
B,genuine,0.8046
B,genuine,0.5999
B,genuine,0.7133
B,genuine,0.6279
B,genuine,0.6407
B,genuine,0.5755
B,genuine,0.8163
B,genuine,0.8308
B,genuine,0.7088
B,genuine,0.6857
B,genuine,0.7087
B,genuine,0.5377
B,genuine,0.6475
B,genuine,0.6344
B,genuine,0.5053
B,genuine,0.6346
B,genuine,0.6608
B,genuine,0.6099
B,genuine,0.6858
B,genuine,0.5951
B,genuine,0.6389
B,genuine,0.7043
B,genuine,0.6732
B,genuine,0.8350
B,genuine,0.6372
B,genuine,0.6942
B,genuine,0.6134
B,genuine,0.6237
B,genuine,0.6184
B,genuine,0.7663
B,genuine,0.7833
B,genuine,0.5526
B,genuine,0.5393
B,genuine,0.5493
B,genuine,0.8404
B,genuine,0.8073
B,genuine,0.6737
B,genuine,0.5940
B,genuine,0.6486
B,genuine,0.8002
B,genuine,0.7693
B,genuine,0.6945
B,genuine,0.5120
B,genuine,0.8070
B,genuine,0.8229
B,genuine,0.6527
B,genuine,0.7181
B,genuine,0.7764
B,genuine,0.6046
B,genuine,0.6538
B,genuine,0.7012
B,genuine,0.6251
B,genuine,0.6336
B,genuine,0.6467
B,genuine,0.8283
B,genuine,0.7741
B,genuine,0.6994
B,genuine,0.7193
B,genuine,0.6525
B,genuine,0.5698
B,genuine,0.5540
B,genuine,0.5122
B,genuine,0.7356
B,genuine,0.7361
B,genuine,0.6448
B,genuine,0.4735
B,genuine,0.7450
B,genuine,0.6490
B,genuine,0.6937
B,genuine,0.6286
B,genuine,0.4752
B,genuine,0.6069
B,genuine,0.5918
B,genuine,0.7421
B,genuine,0.6011
B,genuine,0.5960
B,genuine,0.7138
B,genuine,0.5964
B,genuine,0.5932
B,genuine,0.6584
B,genuine,0.8184
B,genuine,0.7879
B,genuine,0.6196
B,genuine,0.5051
B,genuine,0.6788
B,genuine,0.7048
B,genuine,0.5948
B,genuine,0.8055
B,genuine,0.7418
B,genuine,0.7508
B,genuine,0.5581
B,genuine,0.7251
B,genuine,0.6427
B,genuine,0.6227
B,genuine,0.7433
B,genuine,0.6215
B,genuine,0.8653
B,genuine,0.5928
B,genuine,0.6237
B,genuine,0.7856
B,genuine,0.6556
B,genuine,0.7342
B,genuine,0.7097
B,genuine,0.6616
B,genuine,0.6370
B,genuine,0.5985
B,genuine,0.5430
B,genuine,0.6601
B,genuine,0.6512
B,genuine,0.6560
B,genuine,0.6655
B,genuine,0.6510
B,genuine,0.6385
B,genuine,0.6161
B,genuine,0.6656
B,genuine,0.7815
B,genuine,0.6552
B,genuine,0.6498
B,genuine,0.4703
B,genuine,0.5672
B,genuine,0.7451
B,genuine,0.5637
B,genuine,0.6680
B,genuine,0.7460
B,genuine,0.6087
B,genuine,0.5980
B,genuine,0.7939
B,genuine,0.7254
B,genuine,0.7112
B,genuine,0.6668
B,genuine,0.8209
B,genuine,0.6827
B,genuine,0.6479
B,genuine,0.7382
B,genuine,0.6665
B,genuine,0.5028
B,genuine,0.8324
B,genuine,0.7084
B,genuine,0.5664
B,genuine,0.4960
B,genuine,0.7232
B,genuine,0.6492
B,genuine,0.4641
B,genuine,0.4748
B,genuine,0.6819
B,genuine,0.7896
B,genuine,0.6803
B,genuine,0.7028
B,genuine,0.5829
B,genuine,0.5079
B,genuine,0.5497
B,genuine,0.6902
B,genuine,0.5858
B,genuine,0.5255
B,genuine,0.6526
B,genuine,0.6664
B,genuine,0.6760
B,genuine,0.6511
B,genuine,0.7673
B,genuine,0.5594
B,genuine,0.5264
B,genuine,0.6651
B,genuine,0.9958
B,genuine,0.4427
B,genuine,0.5669
B,genuine,0.7771
B,genuine,0.7424
B,genuine,0.6467
B,genuine,0.5367
B,genuine,0.6409
B,genuine,0.6868
B,genuine,0.7721
B,genuine,0.6172
B,genuine,0.8012
B,genuine,0.5979
B,genuine,0.4880
B,genuine,0.7521
B,genuine,0.6194
B,genuine,0.7754
B,genuine,0.5498
B,genuine,0.7697
B,genuine,0.7289
B,genuine,0.6293
B,genuine,0.7022
B,genuine,0.7091
B,genuine,0.7322
B,genuine,0.6354
B,genuine,0.5116
B,genuine,0.9428
B,genuine,0.6684
B,genuine,0.9042
B,genuine,0.7094
B,genuine,0.5990
B,genuine,0.6154
B,genuine,0.5835
B,genuine,0.7532
B,genuine,0.7217
B,genuine,0.7692
B,impostor,0.3176
B,impostor,0.3142
B,impostor,0.3409
B,impostor,0.3473
B,impostor,0.2833
B,impostor,0.3717
B,impostor,0.4777
B,impostor,0.2902
B,impostor,0.2604
B,impostor,0.3737
B,impostor,0.2799
B,impostor,0.3103
B,impostor,0.3080
B,impostor,0.3307
B,impostor,0.3339
B,impostor,0.2680
B,impostor,0.3049
B,impostor,0.2074
B,impostor,0.2892
B,impostor,0.3577
B,impostor,0.2935
B,impostor,0.2733
B,impostor,0.3512
B,impostor,0.2335
B,impostor,0.2735
B,impostor,0.7534
B,impostor,0.2067
B,impostor,0.3012
B,impostor,0.2970
B,impostor,0.2987
B,impostor,0.3381
B,impostor,0.2299
B,impostor,0.3182
B,impostor,0.2546
B,impostor,0.2252
B,impostor,0.3161
B,impostor,0.2095
B,impostor,0.3045
B,impostor,0.2901
B,impostor,0.2898
B,impostor,0.3241
B,impostor,0.3470
B,impostor,0.2039
B,impostor,0.3067
B,impostor,0.2845
B,impostor,0.3056
B,impostor,0.2675
B,impostor,0.2413
B,impostor,0.3802
B,impostor,0.2684
B,impostor,0.2353
B,impostor,0.2562
B,impostor,0.2626
B,impostor,0.3446
B,impostor,0.1938
B,impostor,0.3745
B,impostor,0.2438
B,impostor,0.2395
B,impostor,0.2507
B,impostor,0.3363
B,impostor,0.3275
B,impostor,0.2775
B,impostor,0.1615
B,impostor,0.2577
B,impostor,0.2478
B,impostor,0.2967
B,impostor,0.4040
B,impostor,0.1664
B,impostor,0.2652
B,impostor,0.2505
B,impostor,0.2786
B,impostor,0.3318
B,impostor,0.2513
B,impostor,0.2851
B,impostor,0.2821
B,impostor,0.1803
B,impostor,0.3628
B,impostor,0.2378
B,impostor,0.3389
B,impostor,0.2224
B,impostor,0.3216
B,impostor,0.2746
B,impostor,0.2968
B,impostor,0.3466
B,impostor,0.2274
B,impostor,0.2902
B,impostor,0.3018
B,impostor,0.2672
B,impostor,0.2769
B,impostor,0.2563
B,impostor,0.3309
B,impostor,0.3588
B,impostor,0.2360
B,impostor,0.2026
B,impostor,0.3186
B,impostor,0.2192
B,impostor,0.2620
B,impostor,0.1919
B,impostor,0.3668
B,impostor,0.2757
B,impostor,0.3770
B,impostor,0.2249
B,impostor,0.3274
B,impostor,0.1553
B,impostor,0.2829
B,impostor,0.2017
B,impostor,0.3639
B,impostor,0.3074
B,impostor,0.1488
B,impostor,0.3499
B,impostor,0.3687
B,impostor,0.2144
B,impostor,0.2801
B,impostor,0.4086
B,impostor,0.3250
B,impostor,0.2273
B,impostor,0.1437
B,impostor,0.4201
B,impostor,0.2853
B,impostor,0.3239
B,impostor,0.2249
B,impostor,0.3062
B,impostor,0.2989
B,impostor,0.3226
B,impostor,0.3165
B,impostor,0.2499
B,impostor,0.1694
B,impostor,0.2565
B,impostor,0.2089
B,impostor,0.6097
B,impostor,0.2458
B,impostor,0.2778
B,impostor,0.2725
B,impostor,0.3084
B,impostor,0.3444
B,impostor,0.2217
B,impostor,0.2789
B,impostor,0.2179
B,impostor,0.3415
B,impostor,0.2523
B,impostor,0.2942
B,impostor,0.3209
B,impostor,0.3992
B,impostor,0.2941
B,impostor,0.2860
B,impostor,0.2848
B,impostor,0.2997
B,impostor,0.3087
B,impostor,0.2256
B,impostor,0.2768
B,impostor,0.3447
B,impostor,0.2474
B,impostor,0.2063
B,impostor,0.3296
B,impostor,0.3158
B,impostor,0.2576
B,impostor,0.2477
B,impostor,0.3613
B,impostor,0.2931
B,impostor,0.3287
B,impostor,0.2851
B,impostor,0.2208
B,impostor,0.2680
B,impostor,0.3170
B,impostor,0.3490
B,impostor,0.6181
B,impostor,0.2637
B,impostor,0.2424
B,impostor,0.3179
B,impostor,0.3684
B,impostor,0.3210
B,impostor,0.2907
B,impostor,0.2691
B,impostor,0.2304
B,impostor,0.6291
B,impostor,0.3280
B,impostor,0.2395
B,impostor,0.3350
B,impostor,0.3228
B,impostor,0.2876
B,impostor,0.1429
B,impostor,0.3535
B,impostor,0.3385
B,impostor,0.1691
B,impostor,0.3020
B,impostor,0.3520
B,impostor,0.3439
B,impostor,0.2698
B,impostor,0.2379
B,impostor,0.2008
B,impostor,0.2749
B,impostor,0.2679
B,impostor,0.2818
B,impostor,0.3114
B,impostor,0.1874
B,impostor,0.4096
B,impostor,0.2313
B,impostor,0.2277
B,impostor,0.2401
B,impostor,0.3246
B,impostor,0.2732
B,impostor,0.2461
B,impostor,0.2455
B,impostor,0.2625
B,impostor,0.3225
B,impostor,0.2619
B,impostor,0.2266
B,impostor,0.3297
B,impostor,0.2138
B,impostor,0.3273
B,impostor,0.3064
B,impostor,0.3556
B,impostor,0.2620
B,impostor,0.2518
B,impostor,0.2685
B,impostor,0.3472
B,impostor,0.3358
B,impostor,0.3184
B,impostor,0.2643
B,impostor,0.2687
B,impostor,0.3329
B,impostor,0.3038
B,impostor,0.2551
B,impostor,0.3124
B,impostor,0.3252
B,impostor,0.3093
B,impostor,0.2843
B,impostor,0.3073
B,impostor,0.2832
B,impostor,0.1858
B,impostor,0.4331
B,impostor,0.2632
B,impostor,0.2949
B,impostor,0.2507
B,impostor,0.3505
B,impostor,0.2072
B,impostor,0.2485
B,impostor,0.2828
B,impostor,0.2492
B,impostor,0.3856
B,impostor,0.2591
B,impostor,0.2968
B,impostor,0.2238
B,impostor,0.2623
B,impostor,0.3003
B,impostor,0.1655
B,impostor,0.2184
B,impostor,0.3572
B,impostor,0.2454
B,impostor,0.3454
B,impostor,0.3251
B,impostor,0.3010
B,impostor,0.2654
B,impostor,0.5274
B,impostor,0.3049
B,impostor,0.3550
B,impostor,0.2804
B,impostor,0.2960
B,impostor,0.3498
B,impostor,0.2467
B,impostor,0.2291
B,impostor,0.2519
B,impostor,0.2371
B,impostor,0.3677
B,impostor,0.2549
B,impostor,0.2300
B,impostor,0.2853
B,impostor,0.3429
B,impostor,0.2791
B,impostor,0.1974
B,impostor,0.3576
B,impostor,0.2130
B,impostor,0.3334
B,impostor,0.3383
B,impostor,0.2717
B,impostor,0.4060
B,impostor,0.3455
B,impostor,0.1482
B,impostor,0.2398
B,impostor,0.2948
B,impostor,0.2587
B,impostor,0.2527
B,impostor,0.2366
B,impostor,0.2623
B,impostor,0.2705
B,impostor,0.2034
B,impostor,0.3450
B,impostor,0.2927
B,impostor,0.3373
B,impostor,0.2805
B,impostor,0.3004
B,impostor,0.3374
B,impostor,0.6028
B,impostor,0.2924
B,impostor,0.2712
B,impostor,0.2186
B,impostor,0.2895
B,impostor,0.1479
B,impostor,0.2065
B,impostor,0.2410
B,impostor,0.3182
B,impostor,0.2209
B,impostor,0.2235
B,impostor,0.2631
B,impostor,0.3113
B,impostor,0.3436
B,impostor,0.2568
B,impostor,0.3066
B,impostor,0.3043
B,impostor,0.2001
B,impostor,0.1858
B,impostor,0.2531
B,impostor,0.2522
B,impostor,0.3679
B,impostor,0.3838
B,impostor,0.2080
B,impostor,0.1844
B,impostor,0.2560
B,impostor,0.3014
B,impostor,0.3023
B,impostor,0.1746
B,impostor,0.2574
B,impostor,0.2680
B,impostor,0.2178
B,impostor,0.3899
B,impostor,0.3053
B,impostor,0.1107
B,impostor,0.1104
B,impostor,0.3098
B,impostor,0.3973
B,impostor,0.1758
B,impostor,0.2102
B,impostor,0.3670
B,impostor,0.2721
B,impostor,0.2027
B,impostor,0.3804
B,impostor,0.2856
B,impostor,0.2854
B,impostor,0.2642
B,impostor,0.2745
B,impostor,0.2458
B,impostor,0.1891
B,impostor,0.1303
B,impostor,0.2114
B,impostor,0.2266
B,impostor,0.2935
B,impostor,0.2593
B,impostor,0.2077
B,impostor,0.2867
B,impostor,0.2844
B,impostor,0.3185
B,impostor,0.3021
B,impostor,0.2795
B,impostor,0.3536
B,impostor,0.2442
B,impostor,0.3108
B,impostor,0.2976
B,impostor,0.3594
B,impostor,0.3297
B,impostor,0.2733
B,impostor,0.2307
B,impostor,0.3690
B,impostor,0.2726
B,impostor,0.3373
B,impostor,0.2150
B,impostor,0.2742
B,impostor,0.3409
B,impostor,0.1919
B,impostor,0.3691
B,impostor,0.3414
B,impostor,0.2807
B,impostor,0.2841
B,impostor,0.2928
B,impostor,0.2009
B,impostor,0.2464
B,impostor,0.3249
B,impostor,0.3151
B,impostor,0.3706
B,impostor,0.2257
B,impostor,0.2990
B,impostor,0.3283
B,impostor,0.3423
B,impostor,0.3460
B,impostor,0.2593
B,impostor,0.2064
B,impostor,0.2774
B,impostor,0.3739
B,impostor,0.2464
B,impostor,0.2994
B,impostor,0.2304
B,impostor,0.1814
B,impostor,0.3955
B,impostor,0.4318
B,impostor,0.2895
B,impostor,0.3061
B,impostor,0.4044
B,impostor,0.2588
B,impostor,0.2265
B,impostor,0.2847
B,impostor,0.3080
B,impostor,0.1994
B,impostor,0.2399
B,impostor,0.1701
B,impostor,0.1447
B,impostor,0.2382
B,impostor,0.3316
B,impostor,0.3566
B,impostor,0.3007
B,impostor,0.2856
B,impostor,0.2860
B,impostor,0.2364
B,impostor,0.3553
B,impostor,0.3640
B,impostor,0.2601
B,impostor,0.2682
B,impostor,0.4004
B,impostor,0.3196
B,impostor,0.1575
B,impostor,0.3477
B,impostor,0.2299
B,impostor,0.2843
B,impostor,0.2398
B,impostor,0.4981
B,impostor,0.3744
B,impostor,0.2443
B,impostor,0.2786
B,impostor,0.1279
B,impostor,0.1919
B,impostor,0.3420
B,impostor,0.2760
B,impostor,0.2545
B,impostor,0.3195
B,impostor,0.2569
B,impostor,0.2993
B,impostor,0.6600
B,impostor,0.3412
B,impostor,0.3475
B,impostor,0.3549
B,impostor,0.2270
B,impostor,0.6348
B,impostor,0.3486
B,impostor,0.2435
B,impostor,0.2134
B,impostor,0.3253
B,impostor,0.2778
B,impostor,0.3011
B,impostor,0.3897
B,impostor,0.2999
B,impostor,0.1831
B,impostor,0.1846
B,impostor,0.2571
B,impostor,0.3831
B,impostor,0.3796
B,impostor,0.2256
B,impostor,0.2963
B,impostor,0.2653
B,impostor,0.3586
B,impostor,0.2697
B,impostor,0.2483
B,impostor,0.2670
B,impostor,0.2710
B,impostor,0.2287
B,impostor,0.2179
B,impostor,0.1483
B,impostor,0.3363
B,impostor,0.3502
B,impostor,0.2916
B,impostor,0.2707
B,impostor,0.2639
B,impostor,0.2013
B,impostor,0.1830
B,impostor,0.3755
B,impostor,0.2739
B,impostor,0.2364
B,impostor,0.5472
B,impostor,0.2466
B,impostor,0.2538
B,impostor,0.2341
B,impostor,0.2794
B,impostor,0.3031
B,impostor,0.2652
B,impostor,0.1862
B,impostor,0.2612
B,impostor,0.3599
B,impostor,0.4338
B,impostor,0.2626
B,impostor,0.2497
B,impostor,0.2236
B,impostor,0.3802
B,impostor,0.2743
B,impostor,0.2620
B,impostor,0.3559
B,impostor,0.2480
B,impostor,0.1718
B,impostor,0.1796
B,impostor,0.2893
B,impostor,0.3606
B,impostor,0.2719
B,impostor,0.1714
B,impostor,0.2510
B,impostor,0.2448
B,impostor,0.3000
B,impostor,0.3882
B,impostor,0.2149
B,impostor,0.2901
B,impostor,0.1689
B,impostor,0.3167
B,impostor,0.2402
B,impostor,0.1705
B,impostor,0.2599
B,impostor,0.3489
B,impostor,0.1929
B,impostor,0.2533
B,impostor,0.2626
B,impostor,0.5114
B,impostor,0.2292
B,impostor,0.2646
B,impostor,0.3126
B,impostor,0.2734
B,impostor,0.3888
B,impostor,0.2882
B,impostor,0.2607
B,impostor,0.2214
B,impostor,0.2857
B,impostor,0.2888
B,impostor,0.2465
B,impostor,0.3162
B,impostor,0.3278
B,impostor,0.3769
B,impostor,0.2162
B,impostor,0.3168
B,impostor,0.2792
B,impostor,0.2521
B,impostor,0.2732
B,impostor,0.2681
B,impostor,0.2967
B,impostor,0.2986
B,impostor,0.3128
B,impostor,0.3357
B,impostor,0.3136
B,impostor,0.3411
B,impostor,0.3581
B,impostor,0.3283
B,impostor,0.2332
B,impostor,0.2022
B,impostor,0.2333
B,impostor,0.2411
B,impostor,0.2937
B,impostor,0.6092
B,impostor,0.2960
B,impostor,0.2666
B,impostor,0.2811
B,impostor,0.3218
B,impostor,0.3026
B,impostor,0.4371
B,impostor,0.3216
B,impostor,0.2905
B,impostor,0.3031
B,impostor,0.2716
B,impostor,0.2907
B,impostor,0.3753
B,impostor,0.1893
B,impostor,0.2944
B,impostor,0.2912
B,impostor,0.1935
B,impostor,0.3634
B,impostor,0.2703
B,impostor,0.2768
B,impostor,0.3386
B,impostor,0.4040
B,impostor,0.2599
B,impostor,0.3197
B,impostor,0.2644
B,impostor,0.3349
B,impostor,0.3138
B,impostor,0.2815
B,impostor,0.2734
B,impostor,0.2889
B,impostor,0.3392
B,impostor,0.2869
B,impostor,0.3267
B,impostor,0.2891
B,impostor,0.2893
B,impostor,0.3056
B,impostor,0.6397
B,impostor,0.1628
B,impostor,0.2851
B,impostor,0.3241
B,impostor,0.2111
B,impostor,0.2113
B,impostor,0.3315
B,impostor,0.2497
B,impostor,0.3062
B,impostor,0.3423
B,impostor,0.2869
B,impostor,0.2706
B,impostor,0.3562
B,impostor,0.2789
B,impostor,0.3737
B,impostor,0.3299
B,impostor,0.2451
B,impostor,0.3072
B,impostor,0.2608
B,impostor,0.2215
B,impostor,0.1675
B,impostor,0.3361
B,impostor,0.3038
B,impostor,0.2522
B,impostor,0.2716
B,impostor,0.3554
B,impostor,0.2909
B,impostor,0.2704
B,impostor,0.2671
B,impostor,0.1925
B,impostor,0.3065
B,impostor,0.2806
B,impostor,0.3419
B,impostor,0.3481
B,impostor,0.2669
B,impostor,0.2598
B,impostor,0.2893
B,impostor,0.2718
B,impostor,0.2535
B,impostor,0.2465
B,impostor,0.2592
B,impostor,0.3186
B,impostor,0.2730
B,impostor,0.2629
B,impostor,0.2082
B,impostor,0.3101
B,impostor,0.3178
B,impostor,0.4188
B,impostor,0.2662
B,impostor,0.1989
B,impostor,0.3132
B,impostor,0.6000
B,impostor,0.3234
B,impostor,0.2473
B,impostor,0.2277
B,impostor,0.3614
B,impostor,0.3607
B,impostor,0.2450
B,impostor,0.3193
B,impostor,0.2157
B,impostor,0.1333
B,impostor,0.3097
B,impostor,0.3201
B,impostor,0.2827
B,impostor,0.2265
B,impostor,0.1987
B,impostor,0.2572
B,impostor,0.2758
B,impostor,0.2537
B,impostor,0.2919
B,impostor,0.2735
B,impostor,0.2385
B,impostor,0.2268
B,impostor,0.4375
B,impostor,0.2063
B,impostor,0.2835
B,impostor,0.3480
B,impostor,0.2757
B,impostor,0.2780
B,impostor,0.2454
B,impostor,0.3614
B,impostor,0.2402
B,impostor,0.2887
B,impostor,0.3234
B,impostor,0.2216
B,impostor,0.3617
B,impostor,0.3094
B,impostor,0.3841
B,impostor,0.2752
B,impostor,0.3222
B,impostor,0.3112
B,impostor,0.2852
B,impostor,0.2696
B,impostor,0.3884
B,impostor,0.3620
B,impostor,0.2127
B,impostor,0.3202
B,impostor,0.4183
B,impostor,0.2101
B,impostor,0.3193
B,impostor,0.2409
B,impostor,0.2791
B,impostor,0.2420
B,impostor,0.2235
B,impostor,0.4211
B,impostor,0.3096
B,impostor,0.2781
B,impostor,0.3442
B,impostor,0.2734
B,impostor,0.6511
B,impostor,0.1564
B,impostor,0.1839
B,impostor,0.3331
B,impostor,0.2071
B,impostor,0.6157
B,impostor,0.3414
B,impostor,0.4102
B,impostor,0.2554
B,impostor,0.2210
B,impostor,0.2662
B,impostor,0.2703
B,impostor,0.3757
B,impostor,0.3377
B,impostor,0.3532
B,impostor,0.3175
B,impostor,0.1841
B,impostor,0.3322
B,impostor,0.2987
B,impostor,0.2795
B,impostor,0.5173
B,impostor,0.3502
B,impostor,0.3413
B,impostor,0.2193
B,impostor,0.3852
B,impostor,0.3230
B,impostor,0.2865
B,impostor,0.2122
B,impostor,0.3107
B,impostor,0.2218
B,impostor,0.2898
B,impostor,0.3255
B,impostor,0.3389
B,impostor,0.3742
B,impostor,0.3364
B,impostor,0.3180
B,impostor,0.2640
B,impostor,0.2500
B,impostor,0.2228
B,impostor,0.1158
B,impostor,0.2909
B,impostor,0.3550
B,impostor,0.3114
B,impostor,0.3056
B,impostor,0.1831
B,impostor,0.2491
B,impostor,0.2857
B,impostor,0.2588
B,impostor,0.3615
B,impostor,0.2300
B,impostor,0.2153
B,impostor,0.3069
B,impostor,0.3547
B,impostor,0.3323
B,impostor,0.5444
B,impostor,0.2830
B,impostor,0.2659
B,impostor,0.3412
B,impostor,0.3082
B,impostor,0.2686
B,impostor,0.3234
B,impostor,0.2063
B,impostor,0.3295
B,impostor,0.2294
B,impostor,0.2286
B,impostor,0.2107
B,impostor,0.3331
B,impostor,0.1687
B,impostor,0.3618
B,impostor,0.3244
B,impostor,0.2497
B,impostor,0.2023
B,impostor,0.2480
B,impostor,0.4084
B,impostor,0.3781
B,impostor,0.2702
B,impostor,0.2398
B,impostor,0.1599
B,impostor,0.3372
B,impostor,0.3081
B,impostor,0.6527
B,impostor,0.3203
B,impostor,0.3732
B,impostor,0.2496
B,impostor,0.1718
B,impostor,0.3082
B,impostor,0.2209
B,impostor,0.2438
B,impostor,0.2807
B,impostor,0.2985
B,impostor,0.1763
B,impostor,0.2980
B,impostor,0.3537
B,impostor,0.3074
B,impostor,0.2841
B,impostor,0.2502
B,impostor,0.1779
B,impostor,0.3317
B,impostor,0.3554
B,impostor,0.3237
B,impostor,0.4695
B,impostor,0.3517
B,impostor,0.2214
B,impostor,0.1663
B,impostor,0.3580
B,impostor,0.2420
B,impostor,0.2846
B,impostor,0.2407
B,impostor,0.3299
B,impostor,0.3811
B,impostor,0.2240
B,impostor,0.3011
B,impostor,0.2767
B,impostor,0.0895
B,impostor,0.5082
B,impostor,0.2390
B,impostor,0.3157
B,impostor,0.3019
B,impostor,0.2897
B,impostor,0.1977
B,impostor,0.2478
B,impostor,0.2510
B,impostor,0.3080
B,impostor,0.3163
B,impostor,0.2904
B,impostor,0.5569
B,impostor,0.3488
B,impostor,0.3272
B,impostor,0.3069
B,impostor,0.3789
B,impostor,0.2181
B,impostor,0.3083
B,impostor,0.2454
B,impostor,0.2816
B,impostor,0.3103
B,impostor,0.2306
B,impostor,0.2928
B,impostor,0.3100
B,impostor,0.3300
B,impostor,0.2992
B,impostor,0.2921
B,impostor,0.2123
B,impostor,0.2856
B,impostor,0.3495
B,impostor,0.2337
B,impostor,0.1896
B,impostor,0.2768
B,impostor,0.2109
B,impostor,0.1717
B,impostor,0.2532
B,impostor,0.3172
B,impostor,0.2977
B,impostor,0.2402
B,impostor,0.3222
B,impostor,0.2366
B,impostor,0.2470
B,impostor,0.2730
B,impostor,0.2733
B,impostor,0.2782
B,impostor,0.2967
B,impostor,0.3263
B,impostor,0.3415
B,impostor,0.2274
B,impostor,0.2139
B,impostor,0.2105
B,impostor,0.2909
B,impostor,0.2513
B,impostor,0.2042
B,impostor,0.2338
B,impostor,0.2812
B,impostor,0.3496
B,impostor,0.2699
B,impostor,0.3290
B,impostor,0.3003
B,impostor,0.2364
B,impostor,0.2917
B,impostor,0.2354
B,impostor,0.3379
B,impostor,0.3761
B,impostor,0.2525
B,impostor,0.3035
B,impostor,0.2356
B,impostor,0.5276
B,impostor,0.2906
B,impostor,0.2701
B,impostor,0.1636
B,impostor,0.3596
B,impostor,0.3374
B,impostor,0.2334
B,impostor,0.2464
B,impostor,0.2356
B,impostor,0.2942
B,impostor,0.2550
B,impostor,0.2462
B,impostor,0.3178
B,impostor,0.2503
B,impostor,0.3146
B,impostor,0.3741
B,impostor,0.2644
B,impostor,0.4085
B,impostor,0.2043
B,impostor,0.2780
B,impostor,0.3533
B,impostor,0.3261
B,impostor,0.3003
B,impostor,0.3062
B,impostor,0.3613
B,impostor,0.2274
B,impostor,0.2617
B,impostor,0.2611
B,impostor,0.2621
B,impostor,0.1880
B,impostor,0.3413
B,impostor,0.3235
B,impostor,0.3679
B,impostor,0.2622
B,impostor,0.2830
B,impostor,0.2397
B,impostor,0.3538
B,impostor,0.2433
B,impostor,0.6016
B,impostor,0.3164
B,impostor,0.2492
B,impostor,0.3207
B,impostor,0.2448
B,impostor,0.3237
B,impostor,0.2437
B,impostor,0.3395
B,impostor,0.3078
B,impostor,0.2707
B,impostor,0.2832
B,impostor,0.2530
B,impostor,0.3902
B,impostor,0.3129
B,impostor,0.4187
B,impostor,0.1991
B,impostor,0.3020
B,impostor,0.4048
B,impostor,0.3118
B,impostor,0.4679
B,impostor,0.3570
B,impostor,0.2006
B,impostor,0.2917
B,impostor,0.1801
B,impostor,0.6088
B,impostor,0.3510
B,impostor,0.3876
B,impostor,0.3017
B,impostor,0.2807
B,impostor,0.1903
B,impostor,0.2695
B,impostor,0.2688
B,impostor,0.2711
B,impostor,0.1801
B,impostor,0.2975
B,impostor,0.3104
B,impostor,0.3127
B,impostor,0.1859
B,impostor,0.2754
B,impostor,0.3552
B,impostor,0.2116
B,impostor,0.3058
B,impostor,0.2889
B,impostor,0.3321
B,impostor,0.2976
B,impostor,0.2549
B,impostor,0.1929
B,impostor,0.2665
B,impostor,0.2398
B,impostor,0.4080
B,impostor,0.3295
B,impostor,0.2262
B,impostor,0.1811
B,impostor,0.3250
B,impostor,0.3183
B,impostor,0.2258
B,impostor,0.1955
B,impostor,0.2778
B,impostor,0.2445
B,impostor,0.3022
B,impostor,0.3263
B,impostor,0.3386
B,impostor,0.3951
B,impostor,0.2448
B,impostor,0.3371
B,impostor,0.5790
B,impostor,0.6374
B,impostor,0.2077
B,impostor,0.3090
B,impostor,0.3324
B,impostor,0.2017
B,impostor,0.2626
B,impostor,0.2626
B,impostor,0.2347
B,impostor,0.2930
B,impostor,0.2622
B,impostor,0.5911
B,impostor,0.2432
B,impostor,0.2211
B,impostor,0.5342
B,impostor,0.2626
B,impostor,0.2838
B,impostor,0.2811
B,impostor,0.2519
B,impostor,0.2401
B,impostor,0.2521
B,impostor,0.2651
B,impostor,0.3015
B,impostor,0.3374
B,impostor,0.2868
B,impostor,0.3238
B,impostor,0.3602
B,impostor,0.2552
B,impostor,0.2867
B,impostor,0.1805
B,impostor,0.1971
B,impostor,0.3465
B,impostor,0.3060
B,impostor,0.3596
B,impostor,0.2725
B,impostor,0.3342
B,impostor,0.4139
B,impostor,0.7096
B,impostor,0.3946
B,impostor,0.2396
B,impostor,0.3381
B,impostor,0.2949
B,impostor,0.3758
B,impostor,0.1997
B,impostor,0.2399
B,impostor,0.3197
B,impostor,0.2285
B,impostor,0.3032
B,impostor,0.2958
B,impostor,0.1971
B,impostor,0.2653
B,impostor,0.2507
B,impostor,0.1462
B,impostor,0.3151
B,impostor,0.2718
B,impostor,0.2540
B,impostor,0.2741
B,impostor,0.2403
B,impostor,0.1533
B,impostor,0.1798
B,impostor,0.3661
B,impostor,0.3279
B,impostor,0.3022
B,impostor,0.3314
B,impostor,0.3177
B,impostor,0.2282
B,impostor,0.1990
B,impostor,0.3223
B,impostor,0.3211
B,impostor,0.2831
B,impostor,0.3151
B,impostor,0.3894
B,impostor,0.2181
B,impostor,0.3094
B,impostor,0.2758
B,impostor,0.3749
B,impostor,0.3053
B,impostor,0.2392
B,impostor,0.3656
B,impostor,0.1447
B,impostor,0.3638
B,impostor,0.2918
B,impostor,0.3813
B,impostor,0.3083
B,impostor,0.2046
B,impostor,0.5092
B,impostor,0.5564
B,impostor,0.2776
B,impostor,0.3911
B,impostor,0.2434
B,impostor,0.2592
B,impostor,0.3663
B,impostor,0.2265
B,impostor,0.3416
B,impostor,0.2539
B,impostor,0.2206
B,impostor,0.3037
B,impostor,0.2741
B,impostor,0.3258
B,impostor,0.3385
B,impostor,0.3734
B,impostor,0.3678
B,impostor,0.2595
B,impostor,0.3577
B,impostor,0.2721
B,impostor,0.6097
B,impostor,0.2693
B,impostor,0.2297
B,impostor,0.4280
B,impostor,0.3568
B,impostor,0.2143
B,impostor,0.2736
B,impostor,0.1772
B,impostor,0.3481
B,impostor,0.2417
B,impostor,0.1596
B,impostor,0.1498
B,impostor,0.2952
B,impostor,0.3874
B,impostor,0.3208
B,impostor,0.3590
B,impostor,0.2497
B,impostor,0.2545
B,impostor,0.1409
B,impostor,0.2378
B,impostor,0.2031
B,impostor,0.2953
B,impostor,0.3261
B,impostor,0.3098
B,impostor,0.2454
B,impostor,0.3493
B,impostor,0.2943
B,impostor,0.2043
B,impostor,0.1753
B,impostor,0.2496
B,impostor,0.2874
B,impostor,0.2877
B,impostor,0.2785
B,impostor,0.3409
B,impostor,0.2142
B,impostor,0.3547
B,impostor,0.3624
B,impostor,0.2306
B,impostor,0.2512
B,impostor,0.2309
B,impostor,0.3932
B,impostor,0.2282
B,impostor,0.2383
B,impostor,0.3152
B,impostor,0.3229
B,impostor,0.3610
B,impostor,0.3060
B,impostor,0.2779
B,impostor,0.1985
B,impostor,0.2635
B,impostor,0.2678
B,impostor,0.2556
B,impostor,0.2045
B,impostor,0.2014
B,impostor,0.2336
B,impostor,0.2894
B,impostor,0.2412
B,impostor,0.2506
B,impostor,0.2653
B,impostor,0.3125
B,impostor,0.3338
B,impostor,0.3161
B,impostor,0.2746
B,impostor,0.3096
B,impostor,0.3096
B,impostor,0.3027
B,impostor,0.2365
B,impostor,0.2375
B,impostor,0.2534
B,impostor,0.2411
B,impostor,0.2766
B,impostor,0.2331
B,impostor,0.2090
B,impostor,0.2623
B,impostor,0.2813
B,impostor,0.2632
B,impostor,0.3251
B,impostor,0.3394
B,impostor,0.2784
B,impostor,0.3826
B,impostor,0.3223
B,impostor,0.2588
B,impostor,0.2310
B,impostor,0.3216
B,impostor,0.1906
B,impostor,0.0745
B,impostor,0.2299
B,impostor,0.3481
B,impostor,0.1956
B,impostor,0.3081
B,impostor,0.2353
B,impostor,0.2249
B,impostor,0.2306
B,impostor,0.2365
B,impostor,0.5546
B,impostor,0.2659
B,impostor,0.2592
B,impostor,0.2793
B,impostor,0.2693
B,impostor,0.2850
B,impostor,0.2687
B,impostor,0.1652
B,impostor,0.2830
B,impostor,0.1952
B,impostor,0.1980
B,impostor,0.2166
B,impostor,0.2667
B,impostor,0.3318
B,impostor,0.2963
B,impostor,0.2371
B,impostor,0.2568
B,impostor,0.4243
B,impostor,0.3207
B,impostor,0.2513
B,impostor,0.2231
B,impostor,0.3003
B,impostor,0.2795
B,impostor,0.2524
B,impostor,0.2994
B,impostor,0.3015
B,impostor,0.1776
B,impostor,0.4052
B,impostor,0.3774
B,impostor,0.2974
B,impostor,0.2968
B,impostor,0.3466
B,impostor,0.2592
B,impostor,0.2440
B,impostor,0.1775
B,impostor,0.2946
B,impostor,0.3250
B,impostor,0.1710
B,impostor,0.1823
B,impostor,0.3684
B,impostor,0.2991
B,impostor,0.2000
B,impostor,0.3293
B,impostor,0.3492
B,impostor,0.1857
B,impostor,0.2607
B,impostor,0.1888
B,impostor,0.2489
B,impostor,0.2899
B,impostor,0.3064
B,impostor,0.2591
B,impostor,0.2488
B,impostor,0.2299
B,impostor,0.3879
B,impostor,0.2432
B,impostor,0.3339
B,impostor,0.2197
B,impostor,0.2267
B,impostor,0.3407
B,impostor,0.2282
B,impostor,0.1609
B,impostor,0.3330
B,impostor,0.3285
B,impostor,0.2918
B,impostor,0.2754
B,impostor,0.3606
B,impostor,0.2178
B,impostor,0.2679
B,impostor,0.3355
B,impostor,0.2935
B,impostor,0.2748
B,impostor,0.1837
B,impostor,0.3882
B,impostor,0.2973
B,impostor,0.2386
B,impostor,0.3632
B,impostor,0.3300
B,impostor,0.3283
B,impostor,0.2339
B,impostor,0.1562
B,impostor,0.3345
B,impostor,0.3574
B,impostor,0.3243
B,impostor,0.2392
B,impostor,0.3345
B,impostor,0.2386
B,impostor,0.3060
B,impostor,0.3716
B,impostor,0.2925
B,impostor,0.2312
B,impostor,0.1842
B,impostor,0.3221
B,impostor,0.2929
B,impostor,0.3092
B,impostor,0.2093
B,impostor,0.2699
B,impostor,0.3164
B,impostor,0.2630
B,impostor,0.3360
B,impostor,0.5155
B,impostor,0.2472
B,impostor,0.2263
B,impostor,0.4173
B,impostor,0.2894
B,impostor,0.2010
B,impostor,0.3675
B,impostor,0.2708
B,impostor,0.2878
B,impostor,0.2295
B,impostor,0.3516
B,impostor,0.2528
B,impostor,0.2208
B,impostor,0.2703
B,impostor,0.4074
B,impostor,0.3959
B,impostor,0.2306
B,impostor,0.2460
B,impostor,0.2431
B,impostor,0.2273
B,impostor,0.2333
B,impostor,0.2353
B,impostor,0.3284
B,impostor,0.3165
B,impostor,0.4953
B,impostor,0.2910
B,impostor,0.2354
B,impostor,0.1993
B,impostor,0.4226
B,impostor,0.2541
B,impostor,0.2456
B,impostor,0.2797
B,impostor,0.1976
B,impostor,0.3103
B,impostor,0.1962
B,impostor,0.2595
B,impostor,0.2409
B,impostor,0.1834
B,impostor,0.1704
B,impostor,0.2302
B,impostor,0.2351
B,impostor,0.3083
B,impostor,0.3325
B,impostor,0.2319
B,impostor,0.3208
B,impostor,0.2390
B,impostor,0.3250
B,impostor,0.2640
B,impostor,0.2211
B,impostor,0.2801
B,impostor,0.3032
B,impostor,0.2247
B,impostor,0.2530
B,impostor,0.1648
B,impostor,0.3321
B,impostor,0.2123
B,impostor,0.2680
B,impostor,0.2484
B,impostor,0.2342
B,impostor,0.3511
B,impostor,0.3360
B,impostor,0.3269
B,impostor,0.2423
B,impostor,0.2728
B,impostor,0.3217
B,impostor,0.2274
B,impostor,0.1705
B,impostor,0.2710
B,impostor,0.2065
B,impostor,0.2833
B,impostor,0.2937
B,impostor,0.2614
B,impostor,0.3092
B,impostor,0.2657
B,impostor,0.3099
B,impostor,0.3050
B,impostor,0.3229
B,impostor,0.2193
B,impostor,0.2958
B,impostor,0.2885
B,impostor,0.2684
B,impostor,0.4122
B,impostor,0.2398
B,impostor,0.2462
B,impostor,0.3847
B,impostor,0.2242
B,impostor,0.2476
B,impostor,0.2964
B,impostor,0.2414
B,impostor,0.1883
B,impostor,0.3033
B,impostor,0.3238
B,impostor,0.3205
B,impostor,0.3084
B,impostor,0.2259
B,impostor,0.3402
B,impostor,0.3105
B,impostor,0.3343
B,impostor,0.2254
B,impostor,0.3470
B,impostor,0.2485
B,impostor,0.3008
B,impostor,0.3147
B,impostor,0.1358
B,impostor,0.2432
B,impostor,0.2737
B,impostor,0.2948
B,impostor,0.3598
B,impostor,0.2524
B,impostor,0.2607
B,impostor,0.3825
B,impostor,0.2229
B,impostor,0.5851
B,impostor,0.5870
B,impostor,0.4290
B,impostor,0.3119
B,impostor,0.2470
B,impostor,0.2377
B,impostor,0.2678
B,impostor,0.1286
B,impostor,0.3686
B,impostor,0.2176
B,impostor,0.3165
B,impostor,0.3529
B,impostor,0.2828
B,impostor,0.3105
B,impostor,0.1609
B,impostor,0.3078
B,impostor,0.3443
B,impostor,0.2793
B,impostor,0.3151
B,impostor,0.3234
B,impostor,0.2909
B,impostor,0.3922
B,impostor,0.3352
B,impostor,0.2738
B,impostor,0.4204
B,impostor,0.3579
B,impostor,0.2067
B,impostor,0.2435
B,impostor,0.2221
B,impostor,0.2665
B,impostor,0.3626
B,impostor,0.2709
B,impostor,0.2343
B,impostor,0.3928
B,impostor,0.3384
B,impostor,0.3425
B,impostor,0.1897
B,impostor,0.2990
B,impostor,0.2716
B,impostor,0.3268
B,impostor,0.3374
B,impostor,0.2655
B,impostor,0.3532
B,impostor,0.2820
B,impostor,0.2129
B,impostor,0.3523
B,impostor,0.2812
B,impostor,0.2772
B,impostor,0.2307
B,impostor,0.2800
B,impostor,0.2923
B,impostor,0.3368
B,impostor,0.2842
B,impostor,0.2786
B,impostor,0.2215
B,impostor,0.2512
B,impostor,0.1958
B,impostor,0.3525
B,impostor,0.2041
B,impostor,0.3139
B,impostor,0.2354
B,impostor,0.3349
B,impostor,0.2444
B,impostor,0.2427
B,impostor,0.3573
B,impostor,0.3268
B,impostor,0.2989
B,impostor,0.4213
B,impostor,0.3907
B,impostor,0.2885
B,impostor,0.1974
B,impostor,0.2552
B,impostor,0.2477
B,impostor,0.2108
B,impostor,0.2944
B,impostor,0.1846
B,impostor,0.7676
B,impostor,0.2930
B,impostor,0.2419
B,impostor,0.3409
B,impostor,0.3418
B,impostor,0.1187
B,impostor,0.3512
B,impostor,0.3766
B,impostor,0.1506
B,impostor,0.2383
B,impostor,0.2479
B,impostor,0.3199
B,impostor,0.2409
B,impostor,0.2175
B,impostor,0.3781
B,impostor,0.3198
B,impostor,0.3466
B,impostor,0.2180
B,impostor,0.2602
B,impostor,0.3167
B,impostor,0.2238
B,impostor,0.2162
B,impostor,0.1429
B,impostor,0.2939
B,impostor,0.2569
B,impostor,0.3429
B,impostor,0.3012
B,impostor,0.3378
B,impostor,0.2543
B,impostor,0.2324
B,impostor,0.2733
B,impostor,0.3249
B,impostor,0.2495
B,impostor,0.1944
B,impostor,0.3238
B,impostor,0.3806
B,impostor,0.2961
B,impostor,0.2210
B,impostor,0.2739
B,impostor,0.3342
B,impostor,0.2484
B,impostor,0.2510
B,impostor,0.2985
B,impostor,0.3157
B,impostor,0.2683
B,impostor,0.3192
B,impostor,0.2711
B,impostor,0.3294
B,impostor,0.1036
B,impostor,0.3076
B,impostor,0.1990
B,impostor,0.3283
B,impostor,0.3006
B,impostor,0.2653
B,impostor,0.2083
B,impostor,0.2984
B,impostor,0.2759
B,impostor,0.2946
B,impostor,0.2615
B,impostor,0.3523
B,impostor,0.2170
B,impostor,0.2550
B,impostor,0.2640
B,impostor,0.3609
B,impostor,0.2605
B,impostor,0.3920
B,impostor,0.2828
B,impostor,0.1976
B,impostor,0.2112
B,impostor,0.2007
B,impostor,0.3318
B,impostor,0.2542
B,impostor,0.2657
B,impostor,0.3375
B,impostor,0.1786
B,impostor,0.1942
B,impostor,0.2145
B,impostor,0.2533
B,impostor,0.3157
B,impostor,0.7611
B,impostor,0.2883
B,impostor,0.3612
B,impostor,0.2861
B,impostor,0.3839
B,impostor,0.2731
B,impostor,0.2431
B,impostor,0.3732
B,impostor,0.3176
B,impostor,0.3424
B,impostor,0.5586
B,impostor,0.3366
B,impostor,0.2058
B,impostor,0.2992
B,impostor,0.1882
B,impostor,0.3384
B,impostor,0.2934
B,impostor,0.2066
B,impostor,0.1694
B,impostor,0.1673
B,impostor,0.1601
B,impostor,0.3581
B,impostor,0.2999
B,impostor,0.1535
B,impostor,0.2508
B,impostor,0.1978
B,impostor,0.2714
B,impostor,0.1913
B,impostor,0.3522
B,impostor,0.2580
B,impostor,0.3005
B,impostor,0.2648
B,impostor,0.3699
B,impostor,0.2196
B,impostor,0.2657
B,impostor,0.2895
B,impostor,0.3393
B,impostor,0.2448
B,impostor,0.2684
B,impostor,0.2104
B,impostor,0.3649
B,impostor,0.3279
B,impostor,0.2684
B,impostor,0.3858
B,impostor,0.2307
B,impostor,0.2682
B,impostor,0.3017
B,impostor,0.2014
B,impostor,0.2943
B,impostor,0.3512
B,impostor,0.3249
B,impostor,0.1826
B,impostor,0.2218
B,impostor,0.2473
B,impostor,0.2398
B,impostor,0.2977
B,impostor,0.3464
B,impostor,0.2466
B,impostor,0.3055
B,impostor,0.2084
B,impostor,0.1744
B,impostor,0.2733
B,impostor,0.3739
B,impostor,0.3530
B,impostor,0.2779
B,impostor,0.3207
B,impostor,0.1998
B,impostor,0.2898
B,impostor,0.2011
B,impostor,0.3375
B,impostor,0.2967
B,impostor,0.1906
B,impostor,0.3284
B,impostor,0.3719
B,impostor,0.2649
B,impostor,0.3130
B,impostor,0.1900
B,impostor,0.3494
B,impostor,0.2726
B,impostor,0.3135
B,impostor,0.2017
B,impostor,0.2878
B,impostor,0.3120
B,impostor,0.3473
B,impostor,0.3008
B,impostor,0.2063
B,impostor,0.1577
B,impostor,0.3310
B,impostor,0.2230
B,impostor,0.3326
B,impostor,0.2482
B,impostor,0.2860
B,impostor,0.3577
B,impostor,0.3402
B,impostor,0.2017
B,impostor,0.2862
B,impostor,0.2395
B,impostor,0.3323
B,impostor,0.1464
B,impostor,0.2952
B,impostor,0.3072
B,impostor,0.2543
B,impostor,0.2210
B,impostor,0.2582
B,impostor,0.2926
B,impostor,0.1937
B,impostor,0.1507
B,impostor,0.2430
B,impostor,0.2384
B,impostor,0.3052
B,impostor,0.2792
B,impostor,0.2932
B,impostor,0.2647
B,impostor,0.3301
B,impostor,0.2120
B,impostor,0.2870
B,impostor,0.2473
B,impostor,0.4194
B,impostor,0.3469
B,impostor,0.3472
B,impostor,0.2562
B,impostor,0.3936
B,impostor,0.3439
B,impostor,0.3439
B,impostor,0.2729
B,impostor,0.3665
B,impostor,0.6336
B,impostor,0.3221
B,impostor,0.2141
B,impostor,0.3023
B,impostor,0.2673
B,impostor,0.1886
B,impostor,0.3673
B,impostor,0.3454
B,impostor,0.2459
B,impostor,0.4000
B,impostor,0.2432
B,impostor,0.3788
B,impostor,0.3686
B,impostor,0.3392
B,impostor,0.2969
B,impostor,0.2795
B,impostor,0.2731
B,impostor,0.5339
B,impostor,0.4087
B,impostor,0.2886
B,impostor,0.3235
B,impostor,0.2908
B,impostor,0.2099
B,impostor,0.2912
B,impostor,0.2975
B,impostor,0.3657
B,impostor,0.3338
B,impostor,0.2287
B,impostor,0.1885
B,impostor,0.2417
B,impostor,0.3452
B,impostor,0.2838
B,impostor,0.2724
B,impostor,0.3451
B,impostor,0.2415
B,impostor,0.3183
B,impostor,0.3059
B,impostor,0.2941
B,impostor,0.1477
B,impostor,0.2709
B,impostor,0.3001
B,impostor,0.2368
B,impostor,0.2963
B,impostor,0.1870
B,impostor,0.1693
B,impostor,0.2178
B,impostor,0.2690
B,impostor,0.3460
B,impostor,0.2569
B,impostor,0.3080
B,impostor,0.2113
B,impostor,0.2087
B,impostor,0.3682
B,impostor,0.2054
B,impostor,0.2545
B,impostor,0.3075
B,impostor,0.3296
B,impostor,0.3939
B,impostor,0.3255
B,impostor,0.3127
B,impostor,0.2483
B,impostor,0.1818
B,impostor,0.2718
B,impostor,0.3337
B,impostor,0.2042
B,impostor,0.2747
B,impostor,0.3229
B,impostor,0.2151
B,impostor,0.1129
B,impostor,0.3428
B,impostor,0.2818
B,impostor,0.2791
B,impostor,0.3403
B,impostor,0.3389
B,impostor,0.2193
B,impostor,0.2407
B,impostor,0.3161
B,impostor,0.3179
B,impostor,0.2747
B,impostor,0.4133
B,impostor,0.2247
B,impostor,0.2727
B,impostor,0.1943
B,impostor,0.2779
B,impostor,0.3354
B,impostor,0.3488
B,impostor,0.3105
B,impostor,0.3553
B,impostor,0.3816
B,impostor,0.2455
B,impostor,0.1684
B,impostor,0.2464
B,impostor,0.2167
B,impostor,0.2563
B,impostor,0.3307
B,impostor,0.2171
B,impostor,0.1652
B,impostor,0.3682
B,impostor,0.2398
B,impostor,0.3875
B,impostor,0.3248
B,impostor,0.3213
B,impostor,0.3190
B,impostor,0.2944
B,impostor,0.2577
B,impostor,0.3245
B,impostor,0.2387
B,impostor,0.2380
B,impostor,0.3015
B,impostor,0.2203
B,impostor,0.2321
B,impostor,0.2945
B,impostor,0.3199
B,impostor,0.2355
B,impostor,0.2854
B,impostor,0.2365
B,impostor,0.3324
B,impostor,0.3546
B,impostor,0.2968
B,impostor,0.1827
B,impostor,0.2699
B,impostor,0.2396
B,impostor,0.3128
B,impostor,0.2381
B,impostor,0.2042
B,impostor,0.2805
B,impostor,0.3677
B,impostor,0.1397
B,impostor,0.2524
B,impostor,0.3422
B,impostor,0.2567
B,impostor,0.3032
B,impostor,0.2016
B,impostor,0.2576
B,impostor,0.2956
B,impostor,0.2591
B,impostor,0.2242
B,impostor,0.2729
B,impostor,0.3679
B,impostor,0.2528
B,impostor,0.2615
B,impostor,0.3650
B,impostor,0.3152
B,impostor,0.3326
B,impostor,0.6221
B,impostor,0.3120
B,impostor,0.3205
B,impostor,0.3513
B,impostor,0.2707
B,impostor,0.2766
B,impostor,0.3059
B,impostor,0.1693
B,impostor,0.3857
B,impostor,0.2914
B,impostor,0.2637
B,impostor,0.1962
B,impostor,0.2617
B,impostor,0.3761
B,impostor,0.3068
B,impostor,0.3547
B,impostor,0.6078
B,impostor,0.6732
B,impostor,0.3102
B,impostor,0.3123
B,impostor,0.3174
B,impostor,0.2903
B,impostor,0.3004
B,impostor,0.2907
B,impostor,0.2727
B,impostor,0.3164
B,impostor,0.2273
B,impostor,0.2903
B,impostor,0.3342
B,impostor,0.3414
B,impostor,0.2825
B,impostor,0.4450
B,impostor,0.2998
B,impostor,0.2817
B,impostor,0.2458
B,impostor,0.3389
B,impostor,0.2593
B,impostor,0.4007
B,impostor,0.2580
B,impostor,0.1803
B,impostor,0.3117
B,impostor,0.2757
B,impostor,0.5711
B,impostor,0.3292
B,impostor,0.2734
B,impostor,0.3411
B,impostor,0.3204
B,impostor,0.3386
B,impostor,0.2573
B,impostor,0.3452
B,impostor,0.2713
B,impostor,0.2762
B,impostor,0.2211
B,impostor,0.3174
B,impostor,0.3104
B,impostor,0.2964
B,impostor,0.3643
B,impostor,0.2604
B,impostor,0.3400
B,impostor,0.2736
B,impostor,0.3179
B,impostor,0.2214
B,impostor,0.2239
B,impostor,0.2488
B,impostor,0.2851
B,impostor,0.1862
B,impostor,0.2796
B,impostor,0.2403
B,impostor,0.3051
B,impostor,0.2909
B,impostor,0.3419
B,impostor,0.2758
B,impostor,0.2628
B,impostor,0.2000
B,impostor,0.4273
B,impostor,0.3036
B,impostor,0.4034
B,impostor,0.2972
B,impostor,0.2337
B,impostor,0.1685
B,impostor,0.3791
B,impostor,0.3020
B,impostor,0.3759
B,impostor,0.3774
B,impostor,0.2408
B,impostor,0.2336
B,impostor,0.2208
B,impostor,0.3010
B,impostor,0.1962
B,impostor,0.3969
B,impostor,0.3534
B,impostor,0.3689
B,impostor,0.2470
B,impostor,0.3404
B,impostor,0.3122
B,impostor,0.3268
B,impostor,0.3258
B,impostor,0.2862
B,impostor,0.3892
B,impostor,0.3392
B,impostor,0.1721
B,impostor,0.6412
B,impostor,0.3533
B,impostor,0.5189
B,impostor,0.3267
B,impostor,0.3651
B,impostor,0.2714
B,impostor,0.2291
B,impostor,0.3021
B,impostor,0.5834
B,impostor,0.1888
B,impostor,0.2682
B,impostor,0.2916
B,impostor,0.1724
B,impostor,0.2602
B,impostor,0.2004
B,impostor,0.2660
B,impostor,0.3096
B,impostor,0.5598
B,impostor,0.2031
B,impostor,0.1894
B,impostor,0.2099
B,impostor,0.2504
B,impostor,0.1933
B,impostor,0.1578
B,impostor,0.2800
B,impostor,0.2005
B,impostor,0.3041
B,impostor,0.2813
B,impostor,0.2973
B,impostor,0.2573
B,impostor,0.3039
B,impostor,0.3170
B,impostor,0.2542
B,impostor,0.2866
B,impostor,0.2816
B,impostor,0.3024
B,impostor,0.2264
B,impostor,0.1813
B,impostor,0.2951
B,impostor,0.2361
B,impostor,0.2232
B,impostor,0.1538
B,impostor,0.1925
B,impostor,0.2947
B,impostor,0.3329
B,impostor,0.3555
B,impostor,0.3063
B,impostor,0.2439
B,impostor,0.3050
B,impostor,0.2999
B,impostor,0.3238
B,impostor,0.2015
B,impostor,0.2643
B,impostor,0.3220
B,impostor,0.3778
B,impostor,0.2359
B,impostor,0.2220
B,impostor,0.6109
B,impostor,0.2437
B,impostor,0.3426
B,impostor,0.2672
B,impostor,0.2159
B,impostor,0.2895
B,impostor,0.3484
B,impostor,0.2940
B,impostor,0.2993
B,impostor,0.2059
B,impostor,0.2783
B,impostor,0.3302
B,impostor,0.2551
B,impostor,0.1996
B,impostor,0.6459
B,impostor,0.3327
B,impostor,0.1795
B,impostor,0.2993
B,impostor,0.3111
B,impostor,0.2615
B,impostor,0.2172
B,impostor,0.2805
B,impostor,0.1629
B,impostor,0.2256
B,impostor,0.3233
B,impostor,0.2656
B,impostor,0.3448
B,impostor,0.2306
B,impostor,0.3573
B,impostor,0.2135
B,impostor,0.6598
B,impostor,0.3079
B,impostor,0.2365
B,impostor,0.2197
B,impostor,0.2930
B,impostor,0.2598
B,impostor,0.3321
B,impostor,0.3841
B,impostor,0.2772
B,impostor,0.3170
B,impostor,0.2630
B,impostor,0.2910
B,impostor,0.2124
B,impostor,0.6876
B,impostor,0.2705
B,impostor,0.1734
B,impostor,0.3377
B,impostor,0.2055
B,impostor,0.2469
B,impostor,0.2254
B,impostor,0.2524
B,impostor,0.3513
B,impostor,0.2115
B,impostor,0.3557
B,impostor,0.2166
B,impostor,0.3026
B,impostor,0.2615
B,impostor,0.2228
B,impostor,0.3210
B,impostor,0.2653
B,impostor,0.3707
B,impostor,0.2719
B,impostor,0.1953
B,impostor,0.2921
B,impostor,0.3530
B,impostor,0.2517
B,impostor,0.2791
B,impostor,0.3568
B,impostor,0.3063
B,impostor,0.2658
B,impostor,0.3180
B,impostor,0.2432
B,impostor,0.1999
B,impostor,0.3107
B,impostor,0.2417
B,impostor,0.4036
B,impostor,0.2301
B,impostor,0.2500
B,impostor,0.1346
B,impostor,0.2487
B,impostor,0.3118
B,impostor,0.5281
B,impostor,0.2136
B,impostor,0.3257
B,impostor,0.2936
B,impostor,0.2919
B,impostor,0.3192
B,impostor,0.1632
B,impostor,0.3283
B,impostor,0.2812
B,impostor,0.2267
B,impostor,0.2921
B,impostor,0.2948
B,impostor,0.2592
B,impostor,0.3712
B,impostor,0.3351
B,impostor,0.3826
B,impostor,0.2735
B,impostor,0.3273
B,impostor,0.3310
B,impostor,0.2317
B,impostor,0.1927
B,impostor,0.3208
B,impostor,0.3804
B,impostor,0.3598
B,impostor,0.3456
B,impostor,0.3451
B,impostor,0.2740
B,impostor,0.2698
B,impostor,0.3147
B,impostor,0.2839
B,impostor,0.2732
B,impostor,0.2225
B,impostor,0.2897
B,impostor,0.1948
B,impostor,0.3593
B,impostor,0.2047
B,impostor,0.3243
B,impostor,0.3030
B,impostor,0.2226
B,impostor,0.4968
B,impostor,0.2222
B,impostor,0.3243
B,impostor,0.2624
B,impostor,0.2611
B,impostor,0.2671
B,impostor,0.3671
B,impostor,0.2163
B,impostor,0.2577
B,impostor,0.2296
B,impostor,0.3310
B,impostor,0.2235
B,impostor,0.3641
B,impostor,0.3411
B,impostor,0.5209
B,impostor,0.3110
B,impostor,0.3720
B,impostor,0.2837
B,impostor,0.3462
B,impostor,0.2181
B,impostor,0.2994
B,impostor,0.2165
B,impostor,0.3037
B,impostor,0.2227
B,impostor,0.1760
B,impostor,0.2199
B,impostor,0.3529
B,impostor,0.2619
B,impostor,0.2923
B,impostor,0.1360
B,impostor,0.3320
B,impostor,0.2095
B,impostor,0.2617
B,impostor,0.2994
B,impostor,0.2438
B,impostor,0.3027
B,impostor,0.2405
B,impostor,0.2582
B,impostor,0.2659
B,impostor,0.2450
B,impostor,0.2584
B,impostor,0.3462
B,impostor,0.2551
B,impostor,0.2312
B,impostor,0.2463
B,impostor,0.3847
B,impostor,0.3027
B,impostor,0.3591
B,impostor,0.2511
B,impostor,0.2414
B,impostor,0.3016
B,impostor,0.2492
B,impostor,0.3090
B,impostor,0.3346
B,impostor,0.2656
B,impostor,0.2861
B,impostor,0.1769
B,impostor,0.2848
B,impostor,0.2284
B,impostor,0.2087
B,impostor,0.3540
B,impostor,0.3638
B,impostor,0.2889
B,impostor,0.2282
B,impostor,0.2739
B,impostor,0.3363
B,impostor,0.2167
B,impostor,0.1132
B,impostor,0.2473
B,impostor,0.2308
B,impostor,0.2092
B,impostor,0.2743
B,impostor,0.1684
B,impostor,0.3142
B,impostor,0.2944
B,impostor,0.3004
B,impostor,0.2337
B,impostor,0.7220
B,impostor,0.2499
B,impostor,0.2361
B,impostor,0.3812
B,impostor,0.2278
B,impostor,0.3632
B,impostor,0.3214
B,impostor,0.2560
B,impostor,0.2656
B,impostor,0.2501
B,impostor,0.2602
B,impostor,0.6224
B,impostor,0.2108
B,impostor,0.3026
B,impostor,0.1633
B,impostor,0.2397
B,impostor,0.1951
B,impostor,0.1807
B,impostor,0.2945
B,impostor,0.2478
B,impostor,0.2312
B,impostor,0.2503
B,impostor,0.2700
B,impostor,0.2348
B,impostor,0.1996
B,impostor,0.2176
B,impostor,0.2676
B,impostor,0.2311
B,impostor,0.5628
B,impostor,0.2847
B,impostor,0.2960
B,impostor,0.4907
B,impostor,0.2442
B,impostor,0.3017
B,impostor,0.3407
B,impostor,0.2203
B,impostor,0.2871
B,impostor,0.2495
B,impostor,0.2494
B,impostor,0.2324
B,impostor,0.3373
B,impostor,0.3228
B,impostor,0.3259
B,impostor,0.3448
B,impostor,0.2713
B,impostor,0.3985
B,impostor,0.2759
B,impostor,0.3717
B,impostor,0.2976
B,impostor,0.4012
B,impostor,0.3462
B,impostor,0.2809
B,impostor,0.3105
B,impostor,0.2715
B,impostor,0.3106
B,impostor,0.3524
B,impostor,0.3593
B,impostor,0.2785
B,impostor,0.3468
B,impostor,0.1518
B,impostor,0.3721
B,impostor,0.3126
B,impostor,0.2050
B,impostor,0.3063
B,impostor,0.3228
B,impostor,0.3903
B,impostor,0.3514
B,impostor,0.2381
B,impostor,0.3761
B,impostor,0.2947
B,impostor,0.2312
B,impostor,0.2328
B,impostor,0.1721
B,impostor,0.3196
B,impostor,0.3459
B,impostor,0.3570
B,impostor,0.5599
B,impostor,0.3216
B,impostor,0.1399
B,impostor,0.2749
B,impostor,0.4367
B,impostor,0.3215
B,impostor,0.3169
B,impostor,0.2560
B,impostor,0.2539
B,impostor,0.3403
B,impostor,0.3192
B,impostor,0.2994
B,impostor,0.1867
B,impostor,0.3062
B,impostor,0.2485
B,impostor,0.3464
B,impostor,0.3039
B,impostor,0.2790
B,impostor,0.3974
B,impostor,0.3213
B,impostor,0.2298
B,impostor,0.2466
B,impostor,0.2373
B,impostor,0.3149
B,impostor,0.2650
B,impostor,0.2327
B,impostor,0.2199
B,impostor,0.3588
B,impostor,0.2606
B,impostor,0.2861
B,impostor,0.3395
B,impostor,0.1747
B,impostor,0.3004
B,impostor,0.2848
B,impostor,0.2363
B,impostor,0.2619
B,impostor,0.1627
B,impostor,0.2206
B,impostor,0.3725
B,impostor,0.2255
B,impostor,0.3763
B,impostor,0.2321
B,impostor,0.2615
B,impostor,0.1793
B,impostor,0.2480
B,impostor,0.3067
B,impostor,0.3565
B,impostor,0.2393
B,impostor,0.3508
B,impostor,0.2935
B,impostor,0.2532
B,impostor,0.2355
B,impostor,0.2191
B,impostor,0.2330
B,impostor,0.5938
B,impostor,0.3661
B,impostor,0.2361
B,impostor,0.3308
B,impostor,0.3497
B,impostor,0.1887
B,impostor,0.3293
B,impostor,0.3146
B,impostor,0.3078
B,impostor,0.4920
B,impostor,0.2748
B,impostor,0.3297
B,impostor,0.2528
B,impostor,0.1973
B,impostor,0.3424
B,impostor,0.4377
B,impostor,0.2656
B,impostor,0.3471
B,impostor,0.2446
B,impostor,0.3088
B,impostor,0.3308
B,impostor,0.3585
B,impostor,0.3840
B,impostor,0.5645
B,impostor,0.3181
B,impostor,0.2630
B,impostor,0.3050
B,impostor,0.2984
B,impostor,0.1266
B,impostor,0.2523
B,impostor,0.2624
B,impostor,0.3254
B,impostor,0.2454
B,impostor,0.3101
B,impostor,0.2482
B,impostor,0.2569
B,impostor,0.2917
B,impostor,0.2013
B,impostor,0.2933
B,impostor,0.3301
B,impostor,0.2187
B,impostor,0.3474
B,impostor,0.1521
B,impostor,0.3537
B,impostor,0.2739
B,impostor,0.3184
B,impostor,0.2716
B,impostor,0.1985
B,impostor,0.3752
B,impostor,0.2753
B,impostor,0.2462
B,impostor,0.3101
B,impostor,0.3120
B,impostor,0.2724
B,impostor,0.2164
B,impostor,0.2318
B,impostor,0.2954
B,impostor,0.2635
B,impostor,0.2424
B,impostor,0.1719
B,impostor,0.2971
B,impostor,0.2690
B,impostor,0.3062
B,impostor,0.3510
B,impostor,0.4055
B,impostor,0.3828
B,impostor,0.2387
B,impostor,0.2833
B,impostor,0.3497
B,impostor,0.2287
B,impostor,0.2361
B,impostor,0.2555
B,impostor,0.3661
B,impostor,0.3369
B,impostor,0.2506
B,impostor,0.3192
B,impostor,0.2631
B,impostor,0.4483
B,impostor,0.2658
B,impostor,0.1719
B,impostor,0.1927
B,impostor,0.3503
B,impostor,0.2995
B,impostor,0.1651
B,impostor,0.2335
B,impostor,0.1883
B,impostor,0.2536
B,impostor,0.3278
B,impostor,0.3321
B,impostor,0.2625
B,impostor,0.3248
B,impostor,0.3597
B,impostor,0.3357
B,impostor,0.3105
B,impostor,0.3062
B,impostor,0.3377
B,impostor,0.2145
B,impostor,0.1984
B,impostor,0.2853
B,impostor,0.3295
B,impostor,0.1770
B,impostor,0.2327
B,impostor,0.3070
B,impostor,0.2421
B,impostor,0.3944
B,impostor,0.6109
B,impostor,0.3808
B,impostor,0.3202
B,impostor,0.2956
B,impostor,0.2647
B,impostor,0.3258
B,impostor,0.2434
B,impostor,0.2985
B,impostor,0.2766
B,impostor,0.2592
B,impostor,0.3656
B,impostor,0.5954
B,impostor,0.2365
B,impostor,0.2407
B,impostor,0.2711
B,impostor,0.3498
B,impostor,0.2658
B,impostor,0.2937
B,impostor,0.6334
B,impostor,0.2624
B,impostor,0.3219
B,impostor,0.2394
B,impostor,0.3334
B,impostor,0.4206
B,impostor,0.3825
B,impostor,0.2987
B,impostor,0.3741
B,impostor,0.2321
B,impostor,0.2917
B,impostor,0.2467
B,impostor,0.2652
B,impostor,0.3877
B,impostor,0.2570
B,impostor,0.2215
B,impostor,0.3092
B,impostor,0.3101
B,impostor,0.3744
B,impostor,0.2416
B,impostor,0.3192
B,impostor,0.2715
B,impostor,0.4089
B,impostor,0.1749
B,impostor,0.2822
B,impostor,0.2900
B,impostor,0.5000
B,impostor,0.2794
B,impostor,0.2748
B,impostor,0.2413
B,impostor,0.2172
B,impostor,0.2826
B,impostor,0.2808
B,impostor,0.3572
B,impostor,0.2277
B,impostor,0.4824
B,impostor,0.2490
B,impostor,0.2894
B,impostor,0.1455
B,impostor,0.2427
B,impostor,0.2319
B,impostor,0.1989
B,impostor,0.4699
B,impostor,0.2326
B,impostor,0.4224
B,impostor,0.3465
B,impostor,0.2769
B,impostor,0.2809
B,impostor,0.5257
B,impostor,0.3483
B,impostor,0.2869
B,impostor,0.2274
B,impostor,0.2404
B,impostor,0.2775
B,impostor,0.2077
B,impostor,0.3002
B,impostor,0.3041
B,impostor,0.2232
B,impostor,0.2438
B,impostor,0.2240
B,impostor,0.3092
B,impostor,0.1723
B,impostor,0.2380
B,impostor,0.2184
B,impostor,0.2669
B,impostor,0.3508
B,impostor,0.6197
B,impostor,0.2691
B,impostor,0.3032
B,impostor,0.2484
B,impostor,0.3792
B,impostor,0.2100
B,impostor,0.3077
B,impostor,0.1998
B,impostor,0.1689
B,impostor,0.3231
B,impostor,0.2750
B,impostor,0.6103
B,impostor,0.1722
B,impostor,0.3517
B,impostor,0.3504
B,impostor,0.2654
B,impostor,0.2580
B,impostor,0.2341
B,impostor,0.2809
B,impostor,0.2448
B,impostor,0.2816
B,impostor,0.3277
B,impostor,0.2032
B,impostor,0.2780
B,impostor,0.2911
B,impostor,0.2862
B,impostor,0.3438
B,impostor,0.3077
B,impostor,0.2230
B,impostor,0.2156
B,impostor,0.1777
B,impostor,0.2285
B,impostor,0.3102
B,impostor,0.2578
B,impostor,0.3362
B,impostor,0.2806
B,impostor,0.4013
B,impostor,0.2290
B,impostor,0.3240
B,impostor,0.3939
B,impostor,0.1706
B,impostor,0.3213
B,impostor,0.3180
B,impostor,0.2630
B,impostor,0.2456
B,impostor,0.3174
B,impostor,0.3183
B,impostor,0.3156
B,impostor,0.3209
B,impostor,0.2526
B,impostor,0.3784
B,impostor,0.2828
B,impostor,0.2681
B,impostor,0.3378
B,impostor,0.3201
B,impostor,0.2272
B,impostor,0.3394
B,impostor,0.2576
B,impostor,0.5747
B,impostor,0.2994
B,impostor,0.2463
B,impostor,0.2926
B,impostor,0.2012
B,impostor,0.2524
B,impostor,0.3166
B,impostor,0.3297
B,impostor,0.2659
B,impostor,0.3141
B,impostor,0.3072
B,impostor,0.2638
B,impostor,0.3346
B,impostor,0.3058
B,impostor,0.2827
B,impostor,0.2992
B,impostor,0.3492
B,impostor,0.2868
B,impostor,0.3089
B,impostor,0.2253
B,impostor,0.3984
B,impostor,0.2701
B,impostor,0.3892
B,impostor,0.2785
B,impostor,0.3588
B,impostor,0.3571
B,impostor,0.1651
B,impostor,0.1425
B,impostor,0.3511
B,impostor,0.2388
B,impostor,0.2641
B,impostor,0.2610
B,impostor,0.2715
B,impostor,0.2234
B,impostor,0.2970
B,impostor,0.2873
B,impostor,0.1625
B,impostor,0.2354
B,impostor,0.2012
B,impostor,0.2290
B,impostor,0.2550
B,impostor,0.2421
B,impostor,0.2105
B,impostor,0.3564
B,impostor,0.2028
B,impostor,0.3879
B,impostor,0.3804
B,impostor,0.2407
B,impostor,0.2393
B,impostor,0.5752
B,impostor,0.3409
B,impostor,0.3379
B,impostor,0.2685
B,impostor,0.2273
B,impostor,0.2455
B,impostor,0.3440
B,impostor,0.2867
B,impostor,0.3319
B,impostor,0.3413
B,impostor,0.2778
B,impostor,0.3086
B,impostor,0.2843
B,impostor,0.2860
B,impostor,0.3156
B,impostor,0.1987
B,impostor,0.3370
B,impostor,0.3383
B,impostor,0.2729
B,impostor,0.2785
B,impostor,0.2947
B,impostor,0.1958
B,impostor,0.3023
B,impostor,0.3895
B,impostor,0.3514
B,impostor,0.2111
B,impostor,0.3856
B,impostor,0.1953
B,impostor,0.2256
B,impostor,0.2929
B,impostor,0.3399
B,impostor,0.3996
B,impostor,0.2088
B,impostor,0.1360
B,impostor,0.3065
B,impostor,0.3126
B,impostor,0.3766
B,impostor,0.3509
B,impostor,0.2788
B,impostor,0.2103
B,impostor,0.2730
B,impostor,0.2144
B,impostor,0.2060
B,impostor,0.2917
B,impostor,0.2989
B,impostor,0.3046
B,impostor,0.3397
B,impostor,0.7107
B,impostor,0.3027
B,impostor,0.3098
B,impostor,0.3495
B,impostor,0.2764
B,impostor,0.2834
B,impostor,0.3091
B,impostor,0.3075
B,impostor,0.3880
B,impostor,0.3235
B,impostor,0.4217
B,impostor,0.2500
B,impostor,0.3004
B,impostor,0.2840
B,impostor,0.2980
B,impostor,0.2746
B,impostor,0.2609
B,impostor,0.3942
B,impostor,0.2513
B,impostor,0.1705
B,impostor,0.2317
B,impostor,0.2592
B,impostor,0.2601
B,impostor,0.2968
B,impostor,0.5600
B,impostor,0.2756
B,impostor,0.2695
B,impostor,0.2051
B,impostor,0.2458
B,impostor,0.7238
B,impostor,0.2646
B,impostor,0.2207
B,impostor,0.2134
B,impostor,0.2194
B,impostor,0.3569
B,impostor,0.3736
B,impostor,0.3358
B,impostor,0.1707
B,impostor,0.2445
B,impostor,0.3203
B,impostor,0.2571
B,impostor,0.2582
B,impostor,0.3067
B,impostor,0.1614
B,impostor,0.2171
B,impostor,0.5526
B,impostor,0.3215
B,impostor,0.3183
B,impostor,0.2939
B,impostor,0.3240
B,impostor,0.2297
B,impostor,0.3295
B,impostor,0.3347
B,impostor,0.3053
B,impostor,0.1988
B,impostor,0.3880
B,impostor,0.3572
B,impostor,0.2711
B,impostor,0.3277
B,impostor,0.3028
B,impostor,0.2565
B,impostor,0.2351
B,impostor,0.3252
B,impostor,0.2162
B,impostor,0.3071
B,impostor,0.3175
B,impostor,0.3726
B,impostor,0.4589
B,impostor,0.3070
B,impostor,0.3135
B,impostor,0.2458
B,impostor,0.3319
B,impostor,0.2425
B,impostor,0.3750
B,impostor,0.3445
B,impostor,0.4196
B,impostor,0.2953
B,impostor,0.3123
B,impostor,0.3301
B,impostor,0.2542
B,impostor,0.3488
B,impostor,0.2743
B,impostor,0.5534
B,impostor,0.3371
B,impostor,0.2045
B,impostor,0.1703
B,impostor,0.1840
B,impostor,0.2862
B,impostor,0.3058
B,impostor,0.3344
B,impostor,0.2955
B,impostor,0.2475
B,impostor,0.3896
B,impostor,0.3260
B,impostor,0.2445
B,impostor,0.2723
B,impostor,0.2611
B,impostor,0.3307
B,impostor,0.1194
B,impostor,0.3205
B,impostor,0.2609
B,impostor,0.2337
B,impostor,0.2736
B,impostor,0.2341
B,impostor,0.1975
B,impostor,0.2813
B,impostor,0.2826
B,impostor,0.2907
B,impostor,0.3055
B,impostor,0.2687
B,impostor,0.2812
B,impostor,0.3125
B,impostor,0.3742
B,impostor,0.2693
B,impostor,0.3295
B,impostor,0.2662
B,impostor,0.2568
B,impostor,0.1940
B,impostor,0.2772
B,impostor,0.3141
B,impostor,0.1922
B,impostor,0.3254
B,impostor,0.2264
B,impostor,0.3392
B,impostor,0.2784
B,impostor,0.3364
B,impostor,0.3250
B,impostor,0.3313
B,impostor,0.3036
B,impostor,0.3800
B,impostor,0.2480
B,impostor,0.2367
B,impostor,0.2575
B,impostor,0.2438
B,impostor,0.2939
B,impostor,0.3290
B,impostor,0.1330
B,impostor,0.2954
B,impostor,0.2193
B,impostor,0.2210
B,impostor,0.2919
B,impostor,0.1839
B,impostor,0.2441
B,impostor,0.2556
B,impostor,0.2684
B,impostor,0.2735
B,impostor,0.2308
B,impostor,0.2657
B,impostor,0.3361
B,impostor,0.2360
B,impostor,0.2679
B,impostor,0.2795
B,impostor,0.2393
B,impostor,0.3321
B,impostor,0.3018
B,impostor,0.2634
B,impostor,0.3981
B,impostor,0.2097
B,impostor,0.2670
B,impostor,0.4659
B,impostor,0.1802
B,impostor,0.2293
B,impostor,0.2599
B,impostor,0.3301
B,impostor,0.2668
B,impostor,0.3137
B,impostor,0.7060
B,impostor,0.1912
B,impostor,0.2189
B,impostor,0.2138
B,impostor,0.3053
B,impostor,0.2118
B,impostor,0.2339
B,impostor,0.2803
B,impostor,0.2078
B,impostor,0.2573
B,impostor,0.3312
B,impostor,0.1973
B,impostor,0.2971
B,impostor,0.3370
B,impostor,0.2754
B,impostor,0.2123
B,impostor,0.1832
B,impostor,0.2746
B,impostor,0.2227
B,impostor,0.2341
B,impostor,0.3689
B,impostor,0.3169
B,impostor,0.2178
B,impostor,0.3482
B,impostor,0.3149
B,impostor,0.3056
B,impostor,0.1901
B,impostor,0.3049
B,impostor,0.1763
B,impostor,0.6925
B,impostor,0.3540
B,impostor,0.3814
B,impostor,0.2453
B,impostor,0.3335
B,impostor,0.2741
B,impostor,0.3032
B,impostor,0.3383
B,impostor,0.1888
B,impostor,0.0867
B,impostor,0.2972
B,impostor,0.3056
B,impostor,0.2221
B,impostor,0.2732
B,impostor,0.3002
B,impostor,0.1803
B,impostor,0.2672
B,impostor,0.2738
B,impostor,0.2175
B,impostor,0.2779
B,impostor,0.3778
B,impostor,0.1501
B,impostor,0.3458
B,impostor,0.3602
B,impostor,0.2740
B,impostor,0.1972
B,impostor,0.2415
B,impostor,0.2897
B,impostor,0.1183
B,impostor,0.2944
B,impostor,0.3332
B,impostor,0.2375
B,impostor,0.2781
B,impostor,0.3381
B,impostor,0.2492
B,impostor,0.2407
B,impostor,0.2156
B,impostor,0.3455
B,impostor,0.3550
B,impostor,0.2573
B,impostor,0.2281
B,impostor,0.3493
B,impostor,0.2476
B,impostor,0.2694
B,impostor,0.3059
B,impostor,0.4040
B,impostor,0.2667
B,impostor,0.1722
B,impostor,0.2120
B,impostor,0.3485
B,impostor,0.2914
B,impostor,0.3272
B,impostor,0.4057
B,impostor,0.3365
B,impostor,0.2548
B,impostor,0.2964
B,impostor,0.3144
B,impostor,0.2904
B,impostor,0.2193
B,impostor,0.2564
B,impostor,0.2371
B,impostor,0.2623
B,impostor,0.2697
B,impostor,0.1803
B,impostor,0.1929
B,impostor,0.6289
B,impostor,0.2667
B,impostor,0.3084
B,impostor,0.3946
B,impostor,0.2217
B,impostor,0.3158
B,impostor,0.2636
B,impostor,0.2935
B,impostor,0.2415
B,impostor,0.2786
B,impostor,0.6923
B,impostor,0.2179
B,impostor,0.2244
B,impostor,0.2339
B,impostor,0.3718
B,impostor,0.2662
B,impostor,0.2197
B,impostor,0.1926
B,impostor,0.2595
B,impostor,0.3087
B,impostor,0.5678
B,impostor,0.1824
B,impostor,0.2305
B,impostor,0.3369
B,impostor,0.3130
B,impostor,0.3365
B,impostor,0.2934
B,impostor,0.3467
B,impostor,0.2473
B,impostor,0.2594
B,impostor,0.3750
B,impostor,0.1699
B,impostor,0.2283
B,impostor,0.3761
B,impostor,0.3353
B,impostor,0.4049
B,impostor,0.1384
B,impostor,0.3116
B,impostor,0.2837
B,impostor,0.3900
B,impostor,0.2077
B,impostor,0.3561
B,impostor,0.3396
B,impostor,0.3618
B,impostor,0.2032
B,impostor,0.2287
B,impostor,0.1913
B,impostor,0.2977
B,impostor,0.3467
B,impostor,0.1584
B,impostor,0.3434
B,impostor,0.1859
B,impostor,0.3018
B,impostor,0.2854
B,impostor,0.1605
B,impostor,0.3634
B,impostor,0.2539
B,impostor,0.2133
B,impostor,0.3217
B,impostor,0.1528
B,impostor,0.3649
B,impostor,0.2206
B,impostor,0.2025
B,impostor,0.1739
B,impostor,0.3378
B,impostor,0.3412
B,impostor,0.1953
B,impostor,0.2142
B,impostor,0.5985
B,impostor,0.3322
B,impostor,0.2726
B,impostor,0.3673
B,impostor,0.2824
B,impostor,0.3702
B,impostor,0.2856
B,impostor,0.3187
B,impostor,0.3574
B,impostor,0.2615
B,impostor,0.3175
B,impostor,0.3414
B,impostor,0.2575
B,impostor,0.2928
B,impostor,0.2131
B,impostor,0.3102
B,impostor,0.2928
B,impostor,0.3237
B,impostor,0.2383
B,impostor,0.2594
B,impostor,0.3714
B,impostor,0.2919
B,impostor,0.2426
B,impostor,0.2629
B,impostor,0.3242
B,impostor,0.2811
B,impostor,0.2074
B,impostor,0.2853
B,impostor,0.2548
B,impostor,0.2977
B,impostor,0.3331
B,impostor,0.2485
B,impostor,0.3036
B,impostor,0.1804
B,impostor,0.3521
B,impostor,0.2787
B,impostor,0.2875
B,impostor,0.2877
B,impostor,0.3675
B,impostor,0.2968
B,impostor,0.3061
B,impostor,0.3718
B,impostor,0.2348
B,impostor,0.3929
B,impostor,0.3663
B,impostor,0.2974
B,impostor,0.3377
B,impostor,0.2511
B,impostor,0.2127
B,impostor,0.2291
B,impostor,0.2632
B,impostor,0.1378
B,impostor,0.2770
B,impostor,0.1962
B,impostor,0.2174
B,impostor,0.2382
B,impostor,0.2901
B,impostor,0.2349
B,impostor,0.2555
B,impostor,0.3112
B,impostor,0.2362
B,impostor,0.2639
B,impostor,0.2661
B,impostor,0.3344
B,impostor,0.3578
B,impostor,0.2694
B,impostor,0.2280
B,impostor,0.2364
B,impostor,0.2316
B,impostor,0.2732
B,impostor,0.5646
B,impostor,0.2623
B,impostor,0.2596
B,impostor,0.1306
B,impostor,0.2136
B,impostor,0.2114
B,impostor,0.2804
B,impostor,0.3034
B,impostor,0.3268
B,impostor,0.6272
B,impostor,0.2676
B,impostor,0.3277
B,impostor,0.2740
B,impostor,0.2197
B,impostor,0.3803
B,impostor,0.2766
B,impostor,0.2732
B,impostor,0.3329
B,impostor,0.3002
B,impostor,0.3090
B,impostor,0.2712
B,impostor,0.2276
B,impostor,0.3168
B,impostor,0.3208
B,impostor,0.2763
B,impostor,0.2968
B,impostor,0.2382
B,impostor,0.2718
B,impostor,0.2065
B,impostor,0.2522
B,impostor,0.3354
B,impostor,0.2203
B,impostor,0.3118
B,impostor,0.1325
B,impostor,0.8549
B,impostor,0.3479
B,impostor,0.2540
B,impostor,0.2183
B,impostor,0.2662
B,impostor,0.2813
B,impostor,0.3045
B,impostor,0.3459
B,impostor,0.2103
B,impostor,0.3354
B,impostor,0.2488
B,impostor,0.2907
B,impostor,0.2130
B,impostor,0.2869
B,impostor,0.3831
B,impostor,0.1998
B,impostor,0.2203
B,impostor,0.2215
B,impostor,0.2397
B,impostor,0.2350
B,impostor,0.2727
B,impostor,0.3497
B,impostor,0.3775
B,impostor,0.3018
B,impostor,0.3363
B,impostor,0.3091
B,impostor,0.3136
B,impostor,0.4152
B,impostor,0.3583
B,impostor,0.3207
B,impostor,0.2180
B,impostor,0.2114
B,impostor,0.3708
B,impostor,0.1888
B,impostor,0.1925
B,impostor,0.3563
B,impostor,0.2391
B,impostor,0.6424
B,impostor,0.2963
B,impostor,0.1939
B,impostor,0.6337
B,impostor,0.3437
B,impostor,0.3153
B,impostor,0.3084
B,impostor,0.2416
B,impostor,0.2762
B,impostor,0.2070
B,impostor,0.1885
B,impostor,0.1646
B,impostor,0.2551
B,impostor,0.2377
B,impostor,0.2359
B,impostor,0.2831
B,impostor,0.3531
B,impostor,0.2974
B,impostor,0.3086
B,impostor,0.2550
B,impostor,0.2023
B,impostor,0.2910
B,impostor,0.3770
B,impostor,0.1962
B,impostor,0.2726
B,impostor,0.2670
B,impostor,0.2649
B,impostor,0.3042
B,impostor,0.2334
B,impostor,0.2949
B,impostor,0.3041
B,impostor,0.2796
B,impostor,0.3485
B,impostor,0.1541
B,impostor,0.2448
B,impostor,0.4998
B,impostor,0.3185
B,impostor,0.2118
B,impostor,0.1557
B,impostor,0.2918
B,impostor,0.2253
B,impostor,0.2708
B,impostor,0.2025
B,impostor,0.2895
B,impostor,0.2779
B,impostor,0.3515
B,impostor,0.3404
B,impostor,0.3181
B,impostor,0.2017
B,impostor,0.2820
B,impostor,0.3442
B,impostor,0.2419
B,impostor,0.3807
B,impostor,0.2110
B,impostor,0.4343
B,impostor,0.2655
B,impostor,0.2445
B,impostor,0.2866
B,impostor,0.2504
B,impostor,0.3196
B,impostor,0.5159
B,impostor,0.2468
B,impostor,0.3214
B,impostor,0.2384
B,impostor,0.2716
B,impostor,0.3131
B,impostor,0.3798
B,impostor,0.2113
B,impostor,0.2275
B,impostor,0.1748
B,impostor,0.2791
B,impostor,0.2488
B,impostor,0.2543
B,impostor,0.3049
B,impostor,0.3140
B,impostor,0.3072
B,impostor,0.3766
B,impostor,0.2659
B,impostor,0.6189
B,impostor,0.2104
B,impostor,0.2578
B,impostor,0.2820
B,impostor,0.1257
B,impostor,0.2539
B,impostor,0.3070
B,impostor,0.2163
B,impostor,0.2449
B,impostor,0.2319
B,impostor,0.3488
B,impostor,0.3834
B,impostor,0.1865
B,impostor,0.3001
B,impostor,0.3606
B,impostor,0.3298
B,impostor,0.2463
B,impostor,0.2849
B,impostor,0.2278
B,impostor,0.2320
B,impostor,0.4098
B,impostor,0.3262
B,impostor,0.1909
B,impostor,0.2662
B,impostor,0.2569
B,impostor,0.2914
B,impostor,0.2977
B,impostor,0.2280
B,impostor,0.1948
B,impostor,0.2901
B,impostor,0.2063
B,impostor,0.3058
B,impostor,0.2725
B,impostor,0.2967
B,impostor,0.2982
B,impostor,0.2241
B,impostor,0.2585
B,impostor,0.2237
B,impostor,0.1463
B,impostor,0.3118
B,impostor,0.6395
B,impostor,0.3192
B,impostor,0.3148
B,impostor,0.2473
B,impostor,0.2826
B,impostor,0.3456
B,impostor,0.2913
B,impostor,0.3089
B,impostor,0.3134
B,impostor,0.2181
B,impostor,0.3008
B,impostor,0.3469
B,impostor,0.2450
B,impostor,0.3714
B,impostor,0.2624
B,impostor,0.3714
B,impostor,0.3247
B,impostor,0.3371
B,impostor,0.3243
B,impostor,0.1856
B,impostor,0.3216
B,impostor,0.2991
B,impostor,0.2569
B,impostor,0.2845
B,impostor,0.2561
B,impostor,0.2743
B,impostor,0.2459
B,impostor,0.2051
B,impostor,0.3033
B,impostor,0.2612
B,impostor,0.2934
B,impostor,0.3563
B,impostor,0.3490
B,impostor,0.3058
B,impostor,0.2768
B,impostor,0.2348
B,impostor,0.3668
B,impostor,0.1910
B,impostor,0.1390
B,impostor,0.2168
B,impostor,0.2913
B,impostor,0.3451
B,impostor,0.3170
B,impostor,0.3022
B,impostor,0.2522
B,impostor,0.3432
B,impostor,0.2238
B,impostor,0.2103
B,impostor,0.2049
B,impostor,0.1871
B,impostor,0.2856
B,impostor,0.3398
B,impostor,0.3568
B,impostor,0.2211
B,impostor,0.3163
B,impostor,0.2042
B,impostor,0.2884
B,impostor,0.2976
B,impostor,0.3324
B,impostor,0.3943
B,impostor,0.2650
B,impostor,0.3169
B,impostor,0.2663
B,impostor,0.3272
B,impostor,0.3266
B,impostor,0.2909
B,impostor,0.2878
B,impostor,0.3072
B,impostor,0.2557
B,impostor,0.1412
B,impostor,0.2392
B,impostor,0.4136
B,impostor,0.3353
B,impostor,0.3876
B,impostor,0.1892
B,impostor,0.2799
B,impostor,0.2415
B,impostor,0.2102
B,impostor,0.1795
B,impostor,0.3130
B,impostor,0.3113
B,impostor,0.1827
B,impostor,0.3292
B,impostor,0.2302
B,impostor,0.2525
B,impostor,0.2000
B,impostor,0.6085
B,impostor,0.3709
B,impostor,0.3739
B,impostor,0.2711
B,impostor,0.6047
B,impostor,0.3099
B,impostor,0.3198
B,impostor,0.2508
B,impostor,0.3599
B,impostor,0.3332
B,impostor,0.2075
B,impostor,0.2693
B,impostor,0.2720
B,impostor,0.2160
B,impostor,0.2948
B,impostor,0.2751
B,impostor,0.3158
B,impostor,0.2412
B,impostor,0.3374
B,impostor,0.3171
B,impostor,0.2318
B,impostor,0.3122
B,impostor,0.3770
B,impostor,0.3144
B,impostor,0.4037
B,impostor,0.2029
B,impostor,0.2548
B,impostor,0.3418
B,impostor,0.3285
B,impostor,0.4112
B,impostor,0.3484
B,impostor,0.2559
B,impostor,0.2527
B,impostor,0.2530
B,impostor,0.2632
B,impostor,0.2180
B,impostor,0.2370
B,impostor,0.2600
B,impostor,0.3347
B,impostor,0.2793
B,impostor,0.3177
B,impostor,0.2362
B,impostor,0.3017
B,impostor,0.2377
B,impostor,0.2857
B,impostor,0.2132
B,impostor,0.2803
B,impostor,0.3617
B,impostor,0.2045
B,impostor,0.3513
B,impostor,0.2986
B,impostor,0.3069
B,impostor,0.2867
B,impostor,0.3171
B,impostor,0.2026
B,impostor,0.1906
B,impostor,0.1799
B,impostor,0.3321
B,impostor,0.2826
B,impostor,0.3069
B,impostor,0.2004
B,impostor,0.3510
B,impostor,0.2046
B,impostor,0.2651
B,impostor,0.3018
B,impostor,0.2607
B,impostor,0.3506
B,impostor,0.3203
B,impostor,0.3413
B,impostor,0.2633
B,impostor,0.2292
B,impostor,0.2601
B,impostor,0.2056
B,impostor,0.2809
B,impostor,0.3151
B,impostor,0.2695
B,impostor,0.2327
B,impostor,0.2080
B,impostor,0.2446
B,impostor,0.3159
B,impostor,0.2737
B,impostor,0.3109
B,impostor,0.1877
B,impostor,0.2945
B,impostor,0.3524
B,impostor,0.2238
B,impostor,0.5956
B,impostor,0.2013
B,impostor,0.3123
B,impostor,0.2546
B,impostor,0.3469
B,impostor,0.3542
B,impostor,0.2570
B,impostor,0.3115
B,impostor,0.3291
B,impostor,0.2661
B,impostor,0.3488
B,impostor,0.1830
B,impostor,0.2987
B,impostor,0.3268
B,impostor,0.2610
B,impostor,0.2667
B,impostor,0.3294
B,impostor,0.2638
B,impostor,0.3267
B,impostor,0.1875
B,impostor,0.2815
B,impostor,0.2881
B,impostor,0.2357
B,impostor,0.3273
B,impostor,0.2391
B,impostor,0.2724
B,impostor,0.2755
B,impostor,0.5347
B,impostor,0.2773
B,impostor,0.2199
B,impostor,0.2852
B,impostor,0.2369
B,impostor,0.2192
B,impostor,0.2925
B,impostor,0.2383
B,impostor,0.2326
B,impostor,0.2135
B,impostor,0.2659
B,impostor,0.2838
B,impostor,0.2611
B,impostor,0.2650
B,impostor,0.3161
B,impostor,0.1957
B,impostor,0.2502
B,impostor,0.1220
B,impostor,0.2858
B,impostor,0.2420
B,impostor,0.2000
B,impostor,0.2265
B,impostor,0.2253
B,impostor,0.2554
B,impostor,0.1893
B,impostor,0.2123
B,impostor,0.1692
B,impostor,0.1953
B,impostor,0.2234
B,impostor,0.2094
B,impostor,0.3037
B,impostor,0.1730
B,impostor,0.2729
B,impostor,0.2356
B,impostor,0.3611
B,impostor,0.3749
B,impostor,0.3724
B,impostor,0.3570
B,impostor,0.2700
B,impostor,0.3037
B,impostor,0.1885
B,impostor,0.3156
B,impostor,0.3086
B,impostor,0.2396
B,impostor,0.6054
B,impostor,0.2289
B,impostor,0.2894
B,impostor,0.2576
B,impostor,0.2803
B,impostor,0.2804
B,impostor,0.3450
B,impostor,0.3380
B,impostor,0.3667
B,impostor,0.4144
B,impostor,0.3047
B,impostor,0.3703
B,impostor,0.2679
B,impostor,0.3152
B,impostor,0.2807
B,impostor,0.2829
B,impostor,0.3131
B,impostor,0.3027
B,impostor,0.1674
B,impostor,0.3499
B,impostor,0.0800
B,impostor,0.3036
B,impostor,0.2289
B,impostor,0.3829
B,impostor,0.1708
B,impostor,0.2900
B,impostor,0.2439
B,impostor,0.2546
B,impostor,0.2665
B,impostor,0.3033
B,impostor,0.2692
B,impostor,0.3591
B,impostor,0.2728
B,impostor,0.1878
B,impostor,0.2477
B,impostor,0.3562
B,impostor,0.3105
B,impostor,0.2240
B,impostor,0.1723
B,impostor,0.2162
B,impostor,0.3743
B,impostor,0.1907
B,impostor,0.3320
B,impostor,0.3603
B,impostor,0.2915
B,impostor,0.2826
B,impostor,0.3145
B,impostor,0.2698
B,impostor,0.3851
B,impostor,0.2134
B,impostor,0.3000
B,impostor,0.2704
B,impostor,0.3367
B,impostor,0.1698
B,impostor,0.3408
B,impostor,0.2978
B,impostor,0.2712
B,impostor,0.2721
B,impostor,0.2142
B,impostor,0.3810
B,impostor,0.3421
B,impostor,0.2738
B,impostor,0.1680
B,impostor,0.2631
B,impostor,0.3379
B,impostor,0.3418
B,impostor,0.3300
B,impostor,0.2837
B,impostor,0.2920
B,impostor,0.3111
B,impostor,0.2601
B,impostor,0.3413
B,impostor,0.1620
B,impostor,0.2997
B,impostor,0.2749
B,impostor,0.2762
B,impostor,0.1486
B,impostor,0.2091
B,impostor,0.2420
B,impostor,0.3575
B,impostor,0.2485
B,impostor,0.3808
B,impostor,0.2597
B,impostor,0.2376
B,impostor,0.4089
B,impostor,0.3798
B,impostor,0.2108
B,impostor,0.3814
B,impostor,0.2618
B,impostor,0.3530
B,impostor,0.2207
B,impostor,0.3127
B,impostor,0.2464
B,impostor,0.3359
B,impostor,0.3830
B,impostor,0.1678
B,impostor,0.2462
B,impostor,0.3365
B,impostor,0.2463
B,impostor,0.1673
B,impostor,0.3079
B,impostor,0.2896
B,impostor,0.3224
B,impostor,0.2380
B,impostor,0.3562
B,impostor,0.2986
B,impostor,0.2553
B,impostor,0.2321
B,impostor,0.3561
B,impostor,0.2803
B,impostor,0.3823
B,impostor,0.1693
B,impostor,0.2507
B,impostor,0.3296
B,impostor,0.2594
B,impostor,0.3454
B,impostor,0.3223
B,impostor,0.3076
B,impostor,0.3741
B,impostor,0.3060
B,impostor,0.3928
B,impostor,0.3273
B,impostor,0.2198
B,impostor,0.3511
B,impostor,0.2624
B,impostor,0.2594
B,impostor,0.2621
B,impostor,0.2613
B,impostor,0.2353
B,impostor,0.2744
B,impostor,0.3526
B,impostor,0.2961
B,impostor,0.3265
B,impostor,0.2883
B,impostor,0.2168
B,impostor,0.2891
B,impostor,0.2048
B,impostor,0.2911
B,impostor,0.3021
B,impostor,0.2338
B,impostor,0.2601
B,impostor,0.2133
B,impostor,0.2026
B,impostor,0.1698
B,impostor,0.3107
B,impostor,0.3525
B,impostor,0.2783
B,impostor,0.1784
B,impostor,0.2788
B,impostor,0.3351
B,impostor,0.2893
B,impostor,0.3275
B,impostor,0.2446
B,impostor,0.2278
B,impostor,0.3847
B,impostor,0.2956
B,impostor,0.4040
B,impostor,0.2098
B,impostor,0.3140
B,impostor,0.2549
B,impostor,0.2493
B,impostor,0.3056
B,impostor,0.2396
B,impostor,0.2650
B,impostor,0.3498
B,impostor,0.2572
B,impostor,0.3002
B,impostor,0.2577
B,impostor,0.3196
B,impostor,0.3416
B,impostor,0.3217
B,impostor,0.1478
B,impostor,0.2274
B,impostor,0.3016
B,impostor,0.2576
B,impostor,0.2396
B,impostor,0.1836
B,impostor,0.2151
B,impostor,0.2365
B,impostor,0.3748
B,impostor,0.2448
B,impostor,0.2102
B,impostor,0.2842
B,impostor,0.3463
B,impostor,0.3706
B,impostor,0.2405
B,impostor,0.2304
B,impostor,0.2047
B,impostor,0.3275
B,impostor,0.5405
B,impostor,0.1611
B,impostor,0.3096
B,impostor,0.2331
B,impostor,0.2966
B,impostor,0.2359
B,impostor,0.3618
B,impostor,0.2258
B,impostor,0.2494
B,impostor,0.2045
B,impostor,0.3452
B,impostor,0.2953
B,impostor,0.3691
B,impostor,0.2695
B,impostor,0.3450
B,impostor,0.2558
B,impostor,0.3066
B,impostor,0.3537
B,impostor,0.6096
B,impostor,0.2640
B,impostor,0.2717
B,impostor,0.2073
B,impostor,0.3019
B,impostor,0.3621
B,impostor,0.2279
B,impostor,0.3250
B,impostor,0.3423
B,impostor,0.3088
B,impostor,0.3257
B,impostor,0.2370
B,impostor,0.2789
B,impostor,0.3810
B,impostor,0.2463
B,impostor,0.1021
B,impostor,0.3333
B,impostor,0.2881
B,impostor,0.2468
B,impostor,0.2830
B,impostor,0.1475
B,impostor,0.2208
B,impostor,0.2918
B,impostor,0.3694
B,impostor,0.2780
B,impostor,0.2177
B,impostor,0.1934
B,impostor,0.2679
B,impostor,0.3024
B,impostor,0.3166
B,impostor,0.2059
B,impostor,0.3498
B,impostor,0.2504
B,impostor,0.3388
B,impostor,0.2234
B,impostor,0.3162
B,impostor,0.3729
B,impostor,0.2644
B,impostor,0.5370
B,impostor,0.2576
B,impostor,0.1913
B,impostor,0.1950
B,impostor,0.2620
B,impostor,0.1676
B,impostor,0.3130
B,impostor,0.2850
B,impostor,0.2668
B,impostor,0.3437
B,impostor,0.2131
B,impostor,0.4311
B,impostor,0.2599
B,impostor,0.1968
B,impostor,0.2860
B,impostor,0.2510
B,impostor,0.1903
B,impostor,0.3279
B,impostor,0.6560
B,impostor,0.2874
B,impostor,0.2490
B,impostor,0.3365
B,impostor,0.3112
B,impostor,0.2106
B,impostor,0.2279
B,impostor,0.3079
B,impostor,0.3335
B,impostor,0.2307
B,impostor,0.2785
B,impostor,0.2920
B,impostor,0.3134
B,impostor,0.3139
B,impostor,0.3532
B,impostor,0.2393
B,impostor,0.2262
B,impostor,0.3167
B,impostor,0.2811
B,impostor,0.2817
B,impostor,0.3440
B,impostor,0.3023
B,impostor,0.1604
B,impostor,0.2867
B,impostor,0.4153
B,impostor,0.2827
B,impostor,0.3685
B,impostor,0.4801
B,impostor,0.3072
B,impostor,0.4601
B,impostor,0.2396
B,impostor,0.2460
B,impostor,0.3373
B,impostor,0.3288
B,impostor,0.2750
B,impostor,0.3506
B,impostor,0.3168
B,impostor,0.2716
B,impostor,0.2544
B,impostor,0.4713
B,impostor,0.3434
B,impostor,0.2376
B,impostor,0.2610
B,impostor,0.3947
B,impostor,0.3140
B,impostor,0.3113
B,impostor,0.2719
B,impostor,0.2517
B,impostor,0.2878
B,impostor,0.3383
B,impostor,0.1869
B,impostor,0.4247
B,impostor,0.2416
B,impostor,0.2312
B,impostor,0.2066
B,impostor,0.3536
B,impostor,0.3449
B,impostor,0.2260
B,impostor,0.3308
B,impostor,0.5645
B,impostor,0.2469
B,impostor,0.4008
B,impostor,0.2700
B,impostor,0.2096
B,impostor,0.2101
B,impostor,0.6143
B,impostor,0.2595
B,impostor,0.4176
B,impostor,0.3014
B,impostor,0.3068
B,impostor,0.1834
B,impostor,0.2996
B,impostor,0.3500
B,impostor,0.3445
B,impostor,0.2654
B,impostor,0.3673
B,impostor,0.3345
B,impostor,0.2497
B,impostor,0.2261
B,impostor,0.3701
B,impostor,0.3058
B,impostor,0.3007
B,impostor,0.3849
B,impostor,0.2912
B,impostor,0.3547
B,impostor,0.3086
B,impostor,0.2782
B,impostor,0.3097
B,impostor,0.2568
B,impostor,0.2722
B,impostor,0.2213
B,impostor,0.2438
B,impostor,0.3212
B,impostor,0.2409
B,impostor,0.3431
B,impostor,0.1791
B,impostor,0.2333
B,impostor,0.2643
B,impostor,0.2676
B,impostor,0.3461
B,impostor,0.2959
B,impostor,0.1777
B,impostor,0.2211
B,impostor,0.2945
B,impostor,0.3172
B,impostor,0.2892
B,impostor,0.2413
B,impostor,0.1534
B,impostor,0.2283
B,impostor,0.3066
B,impostor,0.2921
B,impostor,0.2179
B,impostor,0.3018
B,impostor,0.2002
B,impostor,0.2191
B,impostor,0.2951
B,impostor,0.3338
B,impostor,0.3346
B,impostor,0.2753
B,impostor,0.1904
B,impostor,0.2594
B,impostor,0.2827
B,impostor,0.2353
B,impostor,0.2256
B,impostor,0.3199
B,impostor,0.2540
B,impostor,0.6201
B,impostor,0.3401
B,impostor,0.3456
B,impostor,0.2224
B,impostor,0.2773
B,impostor,0.3642
B,impostor,0.1891
B,impostor,0.2546
B,impostor,0.2943
B,impostor,0.3971
B,impostor,0.3437
B,impostor,0.3821
B,impostor,0.2195
B,impostor,0.3781
B,impostor,0.3037
B,impostor,0.3139
B,impostor,0.2902
B,impostor,0.3102
B,impostor,0.2898
B,impostor,0.3291
B,impostor,0.3148
B,impostor,0.2222
B,impostor,0.3034
B,impostor,0.3115
B,impostor,0.3047
B,impostor,0.2652
B,impostor,0.3141
B,impostor,0.3225
B,impostor,0.3233
B,impostor,0.3089
B,impostor,0.2682
B,impostor,0.2519
B,impostor,0.3345
B,impostor,0.2939
B,impostor,0.2183
B,impostor,0.2725
B,impostor,0.4246
B,impostor,0.2106
B,impostor,0.2198
B,impostor,0.2771
B,impostor,0.3078
B,impostor,0.2402
B,impostor,0.2653
B,impostor,0.3059
B,impostor,0.2602
B,impostor,0.3052
B,impostor,0.2833
B,impostor,0.1789
B,impostor,0.2170
B,impostor,0.3207
B,impostor,0.1579
B,impostor,0.2645
B,impostor,0.1941
B,impostor,0.2498
B,impostor,0.3415
B,impostor,0.2518
B,impostor,0.2164
B,impostor,0.3326
B,impostor,0.3009
B,impostor,0.1678
B,impostor,0.2929
B,impostor,0.2674
B,impostor,0.2331
B,impostor,0.3518
B,impostor,0.2319
B,impostor,0.5907
B,impostor,0.2098
B,impostor,0.1880
B,impostor,0.2221
B,impostor,0.2458
B,impostor,0.3232
B,impostor,0.1508
B,impostor,0.2378
B,impostor,0.2631
B,impostor,0.2372
B,impostor,0.3309
B,impostor,0.2764
B,impostor,0.2308
B,impostor,0.2203
B,impostor,0.2244
B,impostor,0.3675
B,impostor,0.2545
B,impostor,0.2898
B,impostor,0.1054
B,impostor,0.2307
B,impostor,0.3102
B,impostor,0.2219
B,impostor,0.3438
B,impostor,0.2971
B,impostor,0.2099
B,impostor,0.3202
B,impostor,0.2250
B,impostor,0.2768
B,impostor,0.1983
B,impostor,0.3615
B,impostor,0.2398
B,impostor,0.1985
B,impostor,0.1967
B,impostor,0.1656
B,impostor,0.2548
B,impostor,0.2407
B,impostor,0.2860
B,impostor,0.3152
B,impostor,0.2093
B,impostor,0.2222
B,impostor,0.2691
B,impostor,0.2792
B,impostor,0.2418
B,impostor,0.2654
B,impostor,0.3262
B,impostor,0.3349
B,impostor,0.2717
B,impostor,0.1991
B,impostor,0.2656
B,impostor,0.2196
B,impostor,0.1768
B,impostor,0.2070
B,impostor,0.2213
B,impostor,0.1486
B,impostor,0.2337
B,impostor,0.1791
B,impostor,0.3445
B,impostor,0.2458
B,impostor,0.2200
B,impostor,0.2563
B,impostor,0.1918
B,impostor,0.3155
B,impostor,0.1815
B,impostor,0.2929
B,impostor,0.1275
B,impostor,0.2025
B,impostor,0.2834
B,impostor,0.2400
B,impostor,0.3273
B,impostor,0.4342
B,impostor,0.3116
B,impostor,0.3176
B,impostor,0.3368
B,impostor,0.2270
B,impostor,0.3012
B,impostor,0.3051
B,impostor,0.1826
B,impostor,0.2830
B,impostor,0.3113
B,impostor,0.3150
B,impostor,0.3170
B,impostor,0.2329
B,impostor,0.2978
B,impostor,0.2774
B,impostor,0.2384
B,impostor,0.2545
B,impostor,0.2721
B,impostor,0.2791
B,impostor,0.6241
B,impostor,0.3201
B,impostor,0.2819
B,impostor,0.2648
B,impostor,0.2255
B,impostor,0.1592
B,impostor,0.3891
B,impostor,0.5329
B,impostor,0.3343
B,impostor,0.3179
B,impostor,0.1804
B,impostor,0.1936
B,impostor,0.1796
B,impostor,0.2734
B,impostor,0.2109
B,impostor,0.3034
B,impostor,0.3644
B,impostor,0.2673
B,impostor,0.2265
B,impostor,0.4065
B,impostor,0.3002
B,impostor,0.3977
B,impostor,0.2227
B,impostor,0.2588
B,impostor,0.3489
B,impostor,0.2517
B,impostor,0.3577
B,impostor,0.2505
B,impostor,0.3462
B,impostor,0.2136
B,impostor,0.2917
B,impostor,0.3400
B,impostor,0.3194
B,impostor,0.3070
B,impostor,0.2481
B,impostor,0.2390
B,impostor,0.2195
B,impostor,0.2846
B,impostor,0.2102
B,impostor,0.2487
B,impostor,0.2633
B,impostor,0.3014
B,impostor,0.2436
B,impostor,0.3258
B,impostor,0.3491
B,impostor,0.2477
B,impostor,0.2695
B,impostor,0.3195
B,impostor,0.3338
B,impostor,0.2210
B,impostor,0.3581
B,impostor,0.3698
B,impostor,0.3109
B,impostor,0.1994
B,impostor,0.3723
B,impostor,0.2306
B,impostor,0.2803
B,impostor,0.5671
B,impostor,0.3009
B,impostor,0.1928
B,impostor,0.1839
B,impostor,0.3435
B,impostor,0.2923
B,impostor,0.2496
B,impostor,0.3249
B,impostor,0.3067
B,impostor,0.3010
B,impostor,0.2247
B,impostor,0.3035
B,impostor,0.3307
B,impostor,0.2380
B,impostor,0.3206
B,impostor,0.2252
B,impostor,0.2677
B,impostor,0.2472
B,impostor,0.2410
B,impostor,0.3546
B,impostor,0.2713
B,impostor,0.2261
B,impostor,0.3002
B,impostor,0.4064
B,impostor,0.2607
B,impostor,0.3604
B,impostor,0.2178
B,impostor,0.2806
B,impostor,0.2566
B,impostor,0.2124
B,impostor,0.3267
B,impostor,0.3045
B,impostor,0.3166
B,impostor,0.2512
B,impostor,0.3334
B,impostor,0.2727
B,impostor,0.2206
B,impostor,0.2855
B,impostor,0.2988
B,impostor,0.2784
B,impostor,0.5834
B,impostor,0.2308
B,impostor,0.2899
B,impostor,0.2789
B,impostor,0.2872
B,impostor,0.3300
B,impostor,0.2568
B,impostor,0.3497
B,impostor,0.2854
B,impostor,0.7725
B,impostor,0.3189
B,impostor,0.3760
B,impostor,0.3162
B,impostor,0.1675
B,impostor,0.2618
B,impostor,0.3037
B,impostor,0.3528
B,impostor,0.1997
B,impostor,0.2302
B,impostor,0.1588
B,impostor,0.2720
B,impostor,0.3819
B,impostor,0.3119
B,impostor,0.3862
B,impostor,0.3038
B,impostor,0.2678
B,impostor,0.2278
B,impostor,0.3638
B,impostor,0.3275
B,impostor,0.3927
B,impostor,0.2402
B,impostor,0.1744
B,impostor,0.2048
B,impostor,0.1803
B,impostor,0.2890
B,impostor,0.2029
B,impostor,0.4063
B,impostor,0.1956
B,impostor,0.3542
B,impostor,0.2487
B,impostor,0.4078
B,impostor,0.3161
B,impostor,0.2345
B,impostor,0.2522
B,impostor,0.1704
B,impostor,0.3508
B,impostor,0.2555
B,impostor,0.2563
B,impostor,0.3202
B,impostor,0.3273
B,impostor,0.2884
B,impostor,0.3049
B,impostor,0.1865
B,impostor,0.2929
B,impostor,0.6354
B,impostor,0.2095
B,impostor,0.2576
B,impostor,0.3139
B,impostor,0.2908
B,impostor,0.2022
B,impostor,0.6611
B,impostor,0.2524
B,impostor,0.2930
B,impostor,0.2571
B,impostor,0.2970
B,impostor,0.2970
B,impostor,0.2891
B,impostor,0.3864
B,impostor,0.3715
B,impostor,0.2874
B,impostor,0.3537
B,impostor,0.2507
B,impostor,0.2980
B,impostor,0.3441
B,impostor,0.2967
B,impostor,0.2542
B,impostor,0.1985
B,impostor,0.2507
B,impostor,0.3297
B,impostor,0.2347
B,impostor,0.3319
B,impostor,0.3028
B,impostor,0.3287
B,impostor,0.3005
B,impostor,0.2403
B,impostor,0.2682
B,impostor,0.2916
B,impostor,0.2414
B,impostor,0.1547
B,impostor,0.3376
B,impostor,0.2623
B,impostor,0.2399
B,impostor,0.2159
B,impostor,0.3264
B,impostor,0.3058
B,impostor,0.3222
B,impostor,0.3313
B,impostor,0.2764
B,impostor,0.2618
B,impostor,0.2009
B,impostor,0.2585
B,impostor,0.2697
B,impostor,0.3523
B,impostor,0.2954
B,impostor,0.2731
B,impostor,0.2884
B,impostor,0.1880
B,impostor,0.2625
B,impostor,0.2702
B,impostor,0.1747
B,impostor,0.2884
B,impostor,0.1375
B,impostor,0.3613
B,impostor,0.2377
B,impostor,0.2430
B,impostor,0.3601
B,impostor,0.3215
B,impostor,0.2882
B,impostor,0.3018
B,impostor,0.3140
B,impostor,0.3243
B,impostor,0.2472
B,impostor,0.3020
B,impostor,0.2816
B,impostor,0.2759
B,impostor,0.3317
B,impostor,0.3536
B,impostor,0.3090
B,impostor,0.2131
B,impostor,0.3525
B,impostor,0.3729
B,impostor,0.1639
B,impostor,0.2961
B,impostor,0.3375
B,impostor,0.3970
B,impostor,0.3112
B,impostor,0.2321
B,impostor,0.2554
B,impostor,0.2657
B,impostor,0.2538
B,impostor,0.1963
B,impostor,0.2360
B,impostor,0.2719
B,impostor,0.3438
B,impostor,0.2953
B,impostor,0.2564
B,impostor,0.5721
B,impostor,0.2637
B,impostor,0.2689
B,impostor,0.3362
B,impostor,0.7169
B,impostor,0.3089
B,impostor,0.2378
B,impostor,0.2115
B,impostor,0.2778
B,impostor,0.2657
B,impostor,0.2248
B,impostor,0.4676
B,impostor,0.1766
B,impostor,0.3573
B,impostor,0.2893
B,impostor,0.3019
B,impostor,0.2175
B,impostor,0.3225
B,impostor,0.2641
B,impostor,0.3031
B,impostor,0.3062
B,impostor,0.1549
B,impostor,0.1937
B,impostor,0.2813
B,impostor,0.2533
B,impostor,0.2853
B,impostor,0.3165
B,impostor,0.1982
B,impostor,0.2520
B,impostor,0.2406
B,impostor,0.2078
B,impostor,0.2686
B,impostor,0.7020
B,impostor,0.2833
B,impostor,0.2607
B,impostor,0.2521
B,impostor,0.2373
B,impostor,0.3064
B,impostor,0.1714
B,impostor,0.1882
B,impostor,0.2749
B,impostor,0.3648
B,impostor,0.2974
B,impostor,0.2850
B,impostor,0.2574
B,impostor,0.3214
B,impostor,0.1721
B,impostor,0.5713
B,impostor,0.1806
B,impostor,0.1702
B,impostor,0.3800
B,impostor,0.3053
B,impostor,0.2264
B,impostor,0.2991
B,impostor,0.2488
B,impostor,0.2465
B,impostor,0.3277
B,impostor,0.3433
B,impostor,0.1822
B,impostor,0.2720
B,impostor,0.1801
B,impostor,0.3612
B,impostor,0.2419
B,impostor,0.3292
B,impostor,0.3476
B,impostor,0.2603
B,impostor,0.1979
B,impostor,0.2906
B,impostor,0.3445
B,impostor,0.2751
B,impostor,0.7174
B,impostor,0.3114
B,impostor,0.2836
B,impostor,0.2781
B,impostor,0.2680
B,impostor,0.3029
B,impostor,0.2884
B,impostor,0.3023
B,impostor,0.3541
B,impostor,0.3206
B,impostor,0.3751
B,impostor,0.3423
B,impostor,0.1700
B,impostor,0.2799
B,impostor,0.3112
B,impostor,0.3338
B,impostor,0.2931
B,impostor,0.3312
B,impostor,0.2341
B,impostor,0.1952
B,impostor,0.4687
B,impostor,0.2399
B,impostor,0.1746
B,impostor,0.6120
B,impostor,0.2973
B,impostor,0.2317
B,impostor,0.3342
B,impostor,0.2446
B,impostor,0.0679
B,impostor,0.3965
B,impostor,0.3387
B,impostor,0.2804
B,impostor,0.1945
B,impostor,0.3751
B,impostor,0.2650
B,impostor,0.1455
B,impostor,0.3780
B,impostor,0.2625
B,impostor,0.2694
B,impostor,0.5863
B,impostor,0.3665
B,impostor,0.2663
B,impostor,0.3487
B,impostor,0.2766
B,impostor,0.3635
B,impostor,0.2796
B,impostor,0.3046
B,impostor,0.5194
B,impostor,0.2461
B,impostor,0.2127
B,impostor,0.2464
B,impostor,0.3205
B,impostor,0.3645
B,impostor,0.2767
B,impostor,0.2161
B,impostor,0.2395
B,impostor,0.2855
B,impostor,0.2237
B,impostor,0.4542
B,impostor,0.2228
B,impostor,0.2588
B,impostor,0.3673
B,impostor,0.3754
B,impostor,0.2520
B,impostor,0.3729
B,impostor,0.2077
B,impostor,0.2201
B,impostor,0.2370
B,impostor,0.3072
B,impostor,0.2917
B,impostor,0.2068
B,impostor,0.2637
B,impostor,0.6045
B,impostor,0.3012
B,impostor,0.3417
B,impostor,0.3631
B,impostor,0.2754
B,impostor,0.2078
B,impostor,0.3696
B,impostor,0.2879
B,impostor,0.2559
B,impostor,0.3158
B,impostor,0.3127
B,impostor,0.2828
B,impostor,0.2342
B,impostor,0.2806
B,impostor,0.2028
B,impostor,0.2643
B,impostor,0.3578
B,impostor,0.2780
B,impostor,0.3869
B,impostor,0.2569
B,impostor,0.2872
B,impostor,0.2836
B,impostor,0.3483
B,impostor,0.2335
B,impostor,0.3486
B,impostor,0.2295
B,impostor,0.2094
B,impostor,0.2569
B,impostor,0.3957
B,impostor,0.2854
B,impostor,0.2297
B,impostor,0.2968
B,impostor,0.3518
B,impostor,0.3117
B,impostor,0.1820
B,impostor,0.2128
B,impostor,0.1206
B,impostor,0.3077
B,impostor,0.2577
B,impostor,0.2536
B,impostor,0.8043
B,impostor,0.2619
B,impostor,0.2241
B,impostor,0.3335
B,impostor,0.2120
B,impostor,0.4542
B,impostor,0.2880
B,impostor,0.1717
B,impostor,0.3037
B,impostor,0.2711
B,impostor,0.2705
B,impostor,0.2247
B,impostor,0.1958
B,impostor,0.2234
B,impostor,0.3431
B,impostor,0.3011
B,impostor,0.4053
B,impostor,0.2071
B,impostor,0.3133
B,impostor,0.2666
B,impostor,0.1798
B,impostor,0.2815
B,impostor,0.3214
B,impostor,0.2195
B,impostor,0.2461
B,impostor,0.2916
B,impostor,0.3775
B,impostor,0.2402
B,impostor,0.2699
B,impostor,0.2441
B,impostor,0.3293
B,impostor,0.1947
B,impostor,0.3584
B,impostor,0.2646
B,impostor,0.3912
B,impostor,0.2931
B,impostor,0.2419
B,impostor,0.3571
B,impostor,0.2809
B,impostor,0.2573
B,impostor,0.2636
B,impostor,0.2974
B,impostor,0.2991
B,impostor,0.2408
B,impostor,0.1466
B,impostor,0.2821
B,impostor,0.3033
B,impostor,0.2722
B,impostor,0.3381
B,impostor,0.3325
B,impostor,0.3344
B,impostor,0.1972
B,impostor,0.1700
B,impostor,0.3089
B,impostor,0.3676
B,impostor,0.3381
B,impostor,0.1872
B,impostor,0.3379
B,impostor,0.2524
B,impostor,0.3366
B,impostor,0.3000
B,impostor,0.4327
B,impostor,0.1237
B,impostor,0.2146
B,impostor,0.3087
B,impostor,0.2788
B,impostor,0.2976
B,impostor,0.2560
B,impostor,0.2871
B,impostor,0.2117
B,impostor,0.2989
B,impostor,0.2035
B,impostor,0.3053
B,impostor,0.2675
B,impostor,0.2536
B,impostor,0.1107
B,impostor,0.4230
B,impostor,0.2254
B,impostor,0.3345
B,impostor,0.2946
B,impostor,0.2834
B,impostor,0.2260
B,impostor,0.2784
B,impostor,0.3315
B,impostor,0.2744
B,impostor,0.3329
B,impostor,0.2802
B,impostor,0.4936
B,impostor,0.2874
B,impostor,0.2451
B,impostor,0.1468
B,impostor,0.3417
B,impostor,0.6051
B,impostor,0.2707
B,impostor,0.2611
B,impostor,0.1391
B,impostor,0.2978
B,impostor,0.2759
B,impostor,0.1483
B,impostor,0.2822
B,impostor,0.2345
B,impostor,0.2283
B,impostor,0.2173
B,impostor,0.3335
B,impostor,0.2919
B,impostor,0.3015
B,impostor,0.3286
B,impostor,0.2215
B,impostor,0.3060
B,impostor,0.2511
B,impostor,0.2479
B,impostor,0.2729
B,impostor,0.2623
B,impostor,0.2571
B,impostor,0.2211
B,impostor,0.3308
B,impostor,0.2298
B,impostor,0.3305
B,impostor,0.2125
B,impostor,0.2446
B,impostor,0.4000
B,impostor,0.2916
B,impostor,0.2697
B,impostor,0.3304
B,impostor,0.1789
B,impostor,0.1572
B,impostor,0.1828
B,impostor,0.2963
B,impostor,0.2820
B,impostor,0.2904
B,impostor,0.2799
B,impostor,0.2586
B,impostor,0.2317
B,impostor,0.2241
B,impostor,0.2537
B,impostor,0.3017
B,impostor,0.2313
B,impostor,0.2347
B,impostor,0.3738
B,impostor,0.2904
B,impostor,0.2798
B,impostor,0.3328
B,impostor,0.2922
B,impostor,0.2078
B,impostor,0.2451
B,impostor,0.2883
B,impostor,0.2362
B,impostor,0.1960
B,impostor,0.2764
B,impostor,0.3751
B,impostor,0.3074
B,impostor,0.3072
B,impostor,0.2943
B,impostor,0.2683
B,impostor,0.2753
B,impostor,0.2554
B,impostor,0.2076
B,impostor,0.2732
B,impostor,0.2538
B,impostor,0.3195
B,impostor,0.3894
B,impostor,0.2710
B,impostor,0.2322
B,impostor,0.1245
B,impostor,0.2293
B,impostor,0.3634
B,impostor,0.2180
B,impostor,0.3249
B,impostor,0.2480
B,impostor,0.2440
B,impostor,0.3621
B,impostor,0.2906
B,impostor,0.2952
B,impostor,0.2321
B,impostor,0.6436
B,impostor,0.1350
B,impostor,0.3060
B,impostor,0.2313
B,impostor,0.2759
B,impostor,0.2244
B,impostor,0.3529
B,impostor,0.1908
B,impostor,0.2708
B,impostor,0.1560
B,impostor,0.2780
B,impostor,0.3005
B,impostor,0.3491
B,impostor,0.3085
B,impostor,0.2422
B,impostor,0.2562
B,impostor,0.2001
B,impostor,0.5925
B,impostor,0.2606
B,impostor,0.2716
B,impostor,0.2261
B,impostor,0.3505
B,impostor,0.3649
B,impostor,0.2474
B,impostor,0.2999
B,impostor,0.2473
B,impostor,0.2768
B,impostor,0.3906
B,impostor,0.3878
B,impostor,0.2629
B,impostor,0.2566
B,impostor,0.2886
B,impostor,0.1520
B,impostor,0.2543
B,impostor,0.3207
B,impostor,0.3379
B,impostor,0.3770
B,impostor,0.2643
B,impostor,0.3144
B,impostor,0.1726
B,impostor,0.2876
B,impostor,0.5052
B,impostor,0.2963
B,impostor,0.5361
B,impostor,0.2897
B,impostor,0.2215
B,impostor,0.2370
B,impostor,0.2813
B,impostor,0.2675
B,impostor,0.3330
B,impostor,0.3166
B,impostor,0.3490
B,impostor,0.2721
B,impostor,0.2749
B,impostor,0.2797
B,impostor,0.2311
B,impostor,0.2710
B,impostor,0.2833
B,impostor,0.3490
B,impostor,0.2698
B,impostor,0.3951
B,impostor,0.2272
B,impostor,0.2823
B,impostor,0.2526
B,impostor,0.2404
B,impostor,0.3115
B,impostor,0.3151
B,impostor,0.2676
B,impostor,0.2272
B,impostor,0.3329
B,impostor,0.4272
B,impostor,0.3049
B,impostor,0.1772
B,impostor,0.2384
B,impostor,0.2342
B,impostor,0.6053
B,impostor,0.4913
B,impostor,0.2504
B,impostor,0.2410
B,impostor,0.6339
B,impostor,0.2467
B,impostor,0.3495
B,impostor,0.2427
B,impostor,0.6228
B,impostor,0.2689
B,impostor,0.6150
B,impostor,0.3221
B,impostor,0.3176
B,impostor,0.2172
B,impostor,0.3021
B,impostor,0.2190
B,impostor,0.3315
B,impostor,0.3817
B,impostor,0.2661
B,impostor,0.2817
B,impostor,0.3505
B,impostor,0.3559
B,impostor,0.3182
B,impostor,0.2525
B,impostor,0.2878
B,impostor,0.2189
B,impostor,0.3493
B,impostor,0.2938
B,impostor,0.2123
B,impostor,0.3181
B,impostor,0.3248
B,impostor,0.3284
B,impostor,0.2181
B,impostor,0.2781
B,impostor,0.2657
B,impostor,0.3345
B,impostor,0.2624
B,impostor,0.2800
B,impostor,0.3048
B,impostor,0.2820
B,impostor,0.2526
B,impostor,0.2627
B,impostor,0.2741
B,impostor,0.2070
B,impostor,0.2770
B,impostor,0.2646
B,impostor,0.2750
B,impostor,0.3133
B,impostor,0.1860
B,impostor,0.3010
B,impostor,0.1809
B,impostor,0.2227
B,impostor,0.2103
B,impostor,0.2874
B,impostor,0.2977
B,impostor,0.1917
B,impostor,0.2420
B,impostor,0.2964
B,impostor,0.2034
B,impostor,0.2946
B,impostor,0.6573
B,impostor,0.3083
B,impostor,0.3336
B,impostor,0.4136
B,impostor,0.3064
B,impostor,0.2343
B,impostor,0.1890
B,impostor,0.3545
B,impostor,0.3299
B,impostor,0.1929
B,impostor,0.1851
B,impostor,0.3086
B,impostor,0.3621
B,impostor,0.3555
B,impostor,0.2911
B,impostor,0.2352
B,impostor,0.2933
B,impostor,0.1604
B,impostor,0.5288
B,impostor,0.2997
B,impostor,0.2643
B,impostor,0.2821
B,impostor,0.3259
B,impostor,0.2440
B,impostor,0.3358
B,impostor,0.2985
B,impostor,0.1861
B,impostor,0.3505
B,impostor,0.1564
B,impostor,0.2319
B,impostor,0.3607
B,impostor,0.2769
B,impostor,0.2699
B,impostor,0.2489
B,impostor,0.3503
B,impostor,0.2277
B,impostor,0.3550
B,impostor,0.1743
B,impostor,0.4060
B,impostor,0.1790
B,impostor,0.3304
B,impostor,0.2476
B,impostor,0.3294
B,impostor,0.2884
B,impostor,0.3431
B,impostor,0.2587
B,impostor,0.2579
B,impostor,0.1890
B,impostor,0.2652
B,impostor,0.2680
B,impostor,0.5983
B,impostor,0.3284
B,impostor,0.2082
B,impostor,0.2866
B,impostor,0.2290
B,impostor,0.3176
B,impostor,0.3002
B,impostor,0.2910
B,impostor,0.2748
B,impostor,0.2226
B,impostor,0.2699
B,impostor,0.3249
B,impostor,0.3067
B,impostor,0.2608
B,impostor,0.2739
B,impostor,0.2400
B,impostor,0.3356
B,impostor,0.2902
B,impostor,0.2559
B,impostor,0.3118
B,impostor,0.3907
B,impostor,0.3305
B,impostor,0.2951
B,impostor,0.3219
B,impostor,0.2956
B,impostor,0.2727
B,impostor,0.1781
B,impostor,0.2899
B,impostor,0.2341
B,impostor,0.2915
B,impostor,0.3043
B,impostor,0.2295
B,impostor,0.6205
B,impostor,0.2405
B,impostor,0.2226
B,impostor,0.1878
B,impostor,0.2587
B,impostor,0.3280
B,impostor,0.3579
B,impostor,0.2380
B,impostor,0.4190
B,impostor,0.3432
B,impostor,0.2716
B,impostor,0.3103
B,impostor,0.2415
B,impostor,0.1912
B,impostor,0.2294
B,impostor,0.2109
B,impostor,0.3110
B,impostor,0.2766
B,impostor,0.2775
B,impostor,0.2775
B,impostor,0.2072
B,impostor,0.3672
B,impostor,0.2136
B,impostor,0.2286
B,impostor,0.2061
B,impostor,0.3044
B,impostor,0.1794
B,impostor,0.5573
B,impostor,0.1938
B,impostor,0.3017
B,impostor,0.5415
B,impostor,0.3657
B,impostor,0.3077
B,impostor,0.5468
B,impostor,0.2810
B,impostor,0.3015
B,impostor,0.3863
B,impostor,0.2665
B,impostor,0.2487
B,impostor,0.3675
B,impostor,0.2924
B,impostor,0.2780
B,impostor,0.2882
B,impostor,0.2107
B,impostor,0.2955
B,impostor,0.3816
B,impostor,0.3040
B,impostor,0.2410
B,impostor,0.2832
B,impostor,0.6271
B,impostor,0.3463
B,impostor,0.3533
B,impostor,0.2254
B,impostor,0.3349
B,impostor,0.3006
B,impostor,0.2658
B,impostor,0.3136
B,impostor,0.3413
B,impostor,0.2886
B,impostor,0.3293
B,impostor,0.2893
B,impostor,0.3484
B,impostor,0.2886
B,impostor,0.3260
B,impostor,0.2110
B,impostor,0.3616
B,impostor,0.2826
B,impostor,0.2403
B,impostor,0.7117
B,impostor,0.2298
B,impostor,0.2486
B,impostor,0.7106
B,impostor,0.3260
B,impostor,0.2147
B,impostor,0.4800
B,impostor,0.3779
B,impostor,0.3700
B,impostor,0.3542
B,impostor,0.2123
B,impostor,0.2619
B,impostor,0.2677
B,impostor,0.2509
B,impostor,0.2650
B,impostor,0.2229
B,impostor,0.2013
B,impostor,0.2487
B,impostor,0.2132
B,impostor,0.3725
B,impostor,0.2987
B,impostor,0.2697
B,impostor,0.3676
B,impostor,0.3822
B,impostor,0.2850
B,impostor,0.3122
B,impostor,0.3249
B,impostor,0.3112
B,impostor,0.2840
B,impostor,0.2655
B,impostor,0.3920
B,impostor,0.3905
B,impostor,0.5574
B,impostor,0.3419
B,impostor,0.2681
B,impostor,0.3009
B,impostor,0.2590
B,impostor,0.3024
B,impostor,0.3324
B,impostor,0.3004
B,impostor,0.1970
B,impostor,0.2292
B,impostor,0.2944
B,impostor,0.2658
B,impostor,0.2558
B,impostor,0.3180
B,impostor,0.3649
B,impostor,0.3011
B,impostor,0.2149
B,impostor,0.3277
B,impostor,0.5722
B,impostor,0.1956
B,impostor,0.3732
B,impostor,0.3754
B,impostor,0.3456
B,impostor,0.3736
B,impostor,0.3274
B,impostor,0.3393
B,impostor,0.2353
B,impostor,0.2347
B,impostor,0.2460
B,impostor,0.3326
B,impostor,0.1806
B,impostor,0.3540
B,impostor,0.5714
B,impostor,0.1845
B,impostor,0.2801
B,impostor,0.2832
B,impostor,0.2743
B,impostor,0.1651
B,impostor,0.2092
B,impostor,0.2975
B,impostor,0.2069
B,impostor,0.2811
B,impostor,0.2852
B,impostor,0.3267
B,impostor,0.1894
B,impostor,0.3082
B,impostor,0.2831
B,impostor,0.3508
B,impostor,0.2996
B,impostor,0.2165
B,impostor,0.2872
B,impostor,0.2874
B,impostor,0.2873
B,impostor,0.3465
B,impostor,0.2735
B,impostor,0.3100
B,impostor,0.1360
B,impostor,0.2069
B,impostor,0.2671
B,impostor,0.1768
B,impostor,0.3114
B,impostor,0.5989
B,impostor,0.5539
B,impostor,0.2435
B,impostor,0.2381
B,impostor,0.2359
B,impostor,0.3299
B,impostor,0.2261
B,impostor,0.1685
B,impostor,0.2979
B,impostor,0.3098
B,impostor,0.3134
B,impostor,0.2385
B,impostor,0.6512
B,impostor,0.2879
B,impostor,0.2931
B,impostor,0.2761
B,impostor,0.3866
B,impostor,0.2047
B,impostor,0.2814
B,impostor,0.2368
B,impostor,0.2822
B,impostor,0.2886
B,impostor,0.2989
B,impostor,0.2656
B,impostor,0.1917
B,impostor,0.2254
B,impostor,0.2693
B,impostor,0.2877
B,impostor,0.2510
B,impostor,0.3669
B,impostor,0.2642
B,impostor,0.2633
B,impostor,0.2032
B,impostor,0.2434
B,impostor,0.3304
B,impostor,0.3682
B,impostor,0.3185
B,impostor,0.1593
B,impostor,0.1737
B,impostor,0.2051
B,impostor,0.2645
B,impostor,0.3400
B,impostor,0.2302
B,impostor,0.3100
B,impostor,0.4097
B,impostor,0.2398
B,impostor,0.2287
B,impostor,0.3822
B,impostor,0.2554
B,impostor,0.1842
B,impostor,0.3112
B,impostor,0.2657
B,impostor,0.2588
B,impostor,0.1566
B,impostor,0.2864
B,impostor,0.1000
B,impostor,0.2774
B,impostor,0.3190
B,impostor,0.2589
B,impostor,0.2737
B,impostor,0.3633
B,impostor,0.2351
B,impostor,0.2348
B,impostor,0.2290
B,impostor,0.3411
B,impostor,0.3444
B,impostor,0.2127
B,impostor,0.1946
B,impostor,0.2216
B,impostor,0.2940
B,impostor,0.2751
B,impostor,0.1831
B,impostor,0.3799
B,impostor,0.4093
B,impostor,0.2855
B,impostor,0.2534
B,impostor,0.2854
B,impostor,0.2457
B,impostor,0.2771
B,impostor,0.2240
B,impostor,0.3418
B,impostor,0.1795
B,impostor,0.1728
B,impostor,0.3514
B,impostor,0.2385
B,impostor,0.2681
B,impostor,0.3495
B,impostor,0.2058
B,impostor,0.2972
B,impostor,0.2303
B,impostor,0.2203
B,impostor,0.2750
B,impostor,0.3017
B,impostor,0.2753
B,impostor,0.2385
B,impostor,0.3618
B,impostor,0.2854
B,impostor,0.3687
B,impostor,0.2405
B,impostor,0.3454
B,impostor,0.1763
B,impostor,0.3101
B,impostor,0.3768
B,impostor,0.5905
B,impostor,0.3084
B,impostor,0.3674
B,impostor,0.2272
B,impostor,0.2527
B,impostor,0.3333
B,impostor,0.3003
B,impostor,0.2990
B,impostor,0.2719
B,impostor,0.2244
B,impostor,0.3498
B,impostor,0.2005
B,impostor,0.2634
B,impostor,0.3504
B,impostor,0.2651
B,impostor,0.3453
B,impostor,0.2237
B,impostor,0.1842
B,impostor,0.2319
B,impostor,0.3330
B,impostor,0.3613
B,impostor,0.2379
B,impostor,0.2884
B,impostor,0.2250
B,impostor,0.2827
B,impostor,0.2370
B,impostor,0.3174
B,impostor,0.3078
B,impostor,0.2403
B,impostor,0.1388
B,impostor,0.3288
B,impostor,0.2667
B,impostor,0.2558
B,impostor,0.2903
B,impostor,0.5944
B,impostor,0.1764
B,impostor,0.2167
B,impostor,0.3452
B,impostor,0.2705
B,impostor,0.2430
B,impostor,0.1714
B,impostor,0.2141
B,impostor,0.3340
B,impostor,0.2562
B,impostor,0.3999
B,impostor,0.1903
B,impostor,0.3023
B,impostor,0.2120
B,impostor,0.2743
B,impostor,0.2739
B,impostor,0.1905
B,impostor,0.1838
B,impostor,0.1587
B,impostor,0.2349
B,impostor,0.6400
B,impostor,0.3124
B,impostor,0.2513
B,impostor,0.2965
B,impostor,0.2502
B,impostor,0.2706
B,impostor,0.2839
B,impostor,0.2535
B,impostor,0.3052
B,impostor,0.2590
B,impostor,0.2161
B,impostor,0.2619
B,impostor,0.2188
B,impostor,0.2099
B,impostor,0.3475
B,impostor,0.3180
B,impostor,0.2078
B,impostor,0.3310
B,impostor,0.3294
B,impostor,0.2902
B,impostor,0.2604
B,impostor,0.2487
B,impostor,0.2728
B,impostor,0.3375
B,impostor,0.3815
B,impostor,0.3760
B,impostor,0.2423
B,impostor,0.2317
B,impostor,0.1806
B,impostor,0.1890
B,impostor,0.2494
B,impostor,0.2830
B,impostor,0.2945
B,impostor,0.2202
B,impostor,0.3777
B,impostor,0.2352
B,impostor,0.3002
B,impostor,0.2925
B,impostor,0.4071
B,impostor,0.1367
B,impostor,0.6333
B,impostor,0.2460
B,impostor,0.2344
B,impostor,0.2531
B,impostor,0.3255
B,impostor,0.3929
B,impostor,0.6078
B,impostor,0.3249
B,impostor,0.2301
B,impostor,0.2239
B,impostor,0.3130
B,impostor,0.2706
B,impostor,0.3889
B,impostor,0.3052
B,impostor,0.2685
B,impostor,0.1841
B,impostor,0.1948
B,impostor,0.1991
B,impostor,0.1954
B,impostor,0.6664
B,impostor,0.3499
B,impostor,0.2924
B,impostor,0.1873
B,impostor,0.2651
B,impostor,0.3323
B,impostor,0.2437
B,impostor,0.2730
B,impostor,0.3055
B,impostor,0.3242
B,impostor,0.2961
B,impostor,0.1765
B,impostor,0.2779
B,impostor,0.1840
B,impostor,0.3704
B,impostor,0.2712
B,impostor,0.3547
B,impostor,0.3050
B,impostor,0.2784
B,impostor,0.2649
B,impostor,0.3317
B,impostor,0.2030
B,impostor,0.3115
B,impostor,0.2846
B,impostor,0.3233
B,impostor,0.2804
B,impostor,0.3090
B,impostor,0.2037
B,impostor,0.1974
B,impostor,0.1949
B,impostor,0.2998
B,impostor,0.3153
B,impostor,0.3106
B,impostor,0.4939
B,impostor,0.2995
B,impostor,0.2464
B,impostor,0.3001
B,impostor,0.4063
B,impostor,0.3324
B,impostor,0.3066
B,impostor,0.2577
B,impostor,0.2820
B,impostor,0.2313
B,impostor,0.6004
B,impostor,0.2818
B,impostor,0.2621
B,impostor,0.3682
B,impostor,0.2600
B,impostor,0.2465
B,impostor,0.3763
B,impostor,0.3264
B,impostor,0.2248
B,impostor,0.2681
B,impostor,0.2714
B,impostor,0.3204
B,impostor,0.2737
B,impostor,0.3616
B,impostor,0.2340
B,impostor,0.1538
B,impostor,0.3520
B,impostor,0.1975
B,impostor,0.1211
B,impostor,0.3405
B,impostor,0.2617
B,impostor,0.3572
B,impostor,0.2199
B,impostor,0.2613
B,impostor,0.3369
B,impostor,0.2918
B,impostor,0.2498
B,impostor,0.2535
B,impostor,0.3461
B,impostor,0.4384
B,impostor,0.2606
B,impostor,0.3122
B,impostor,0.2762
B,impostor,0.4132
B,impostor,0.2732
B,impostor,0.2596
B,impostor,0.2232
B,impostor,0.3152
B,impostor,0.1779
B,impostor,0.2658
B,impostor,0.3063
B,impostor,0.2546
B,impostor,0.2061
B,impostor,0.3492
B,impostor,0.1462
B,impostor,0.2685
B,impostor,0.2655
B,impostor,0.3309
B,impostor,0.2770
B,impostor,0.2702
B,impostor,0.2336
B,impostor,0.2410
B,impostor,0.2027
B,impostor,0.2591
B,impostor,0.3194
B,impostor,0.3374
B,impostor,0.1572
B,impostor,0.2495
B,impostor,0.2360
B,impostor,0.2661
B,impostor,0.2693
B,impostor,0.2728
B,impostor,0.2828
B,impostor,0.2746
B,impostor,0.2740
B,impostor,0.2389
B,impostor,0.2724
B,impostor,0.3328
B,impostor,0.2859
B,impostor,0.1584
B,impostor,0.3693
B,impostor,0.2414
B,impostor,0.1819
B,impostor,0.3126
B,impostor,0.2448
B,impostor,0.2701
B,impostor,0.2382
B,impostor,0.3451
B,impostor,0.2087
B,impostor,0.1925
B,impostor,0.2635
B,impostor,0.3341
B,impostor,0.4230
B,impostor,0.2474
B,impostor,0.2887
B,impostor,0.2310
B,impostor,0.3615
B,impostor,0.3243
B,impostor,0.3199
B,impostor,0.2464
B,impostor,0.3156
B,impostor,0.2887
B,impostor,0.2535
B,impostor,0.1524
B,impostor,0.3372
B,impostor,0.2900
B,impostor,0.2566
B,impostor,0.2205
B,impostor,0.2851
B,impostor,0.2586
B,impostor,0.2750
B,impostor,0.2839
B,impostor,0.2092
B,impostor,0.2994
B,impostor,0.2180
B,impostor,0.3128
B,impostor,0.2291
B,impostor,0.2336
B,impostor,0.2894
B,impostor,0.3252
B,impostor,0.5460
B,impostor,0.3813
B,impostor,0.3487
B,impostor,0.2789
B,impostor,0.2082
B,impostor,0.1675
B,impostor,0.2573
B,impostor,0.3015
B,impostor,0.2392
B,impostor,0.3248
B,impostor,0.3128
B,impostor,0.2927
B,impostor,0.3454
B,impostor,0.3556
B,impostor,0.4181
B,impostor,0.4118
B,impostor,0.2161
B,impostor,0.2416
B,impostor,0.3265
B,impostor,0.2501
B,impostor,0.3514
B,impostor,0.3211
B,impostor,0.3493
B,impostor,0.3851
B,impostor,0.2283
B,impostor,0.3479
B,impostor,0.2730
B,impostor,0.3125
B,impostor,0.2941
B,impostor,0.2734
B,impostor,0.3686
B,impostor,0.3050
B,impostor,0.3146
B,impostor,0.2720
B,impostor,0.2481
B,impostor,0.5294
B,impostor,0.3745
B,impostor,0.2847
B,impostor,0.2834
B,impostor,0.6670
B,impostor,0.2681
B,impostor,0.2305
B,impostor,0.2752
B,impostor,0.3865
B,impostor,0.2963
B,impostor,0.3177
B,impostor,0.3611
B,impostor,0.2718
B,impostor,0.3228
B,impostor,0.1912
B,impostor,0.1511
B,impostor,0.2907
B,impostor,0.2840
B,impostor,0.2830
B,impostor,0.2982
B,impostor,0.3586
B,impostor,0.2247
B,impostor,0.1951
B,impostor,0.2391
B,impostor,0.3693
B,impostor,0.2450
B,impostor,0.2376
B,impostor,0.3299
B,impostor,0.2610
B,impostor,0.3582
B,impostor,0.1939
B,impostor,0.2929
B,impostor,0.2599
B,impostor,0.3681
B,impostor,0.2548
B,impostor,0.3411
B,impostor,0.3335
B,impostor,0.2987
B,impostor,0.4121
B,impostor,0.3370
B,impostor,0.3579
B,impostor,0.2843
B,impostor,0.1836
B,impostor,0.2377
B,impostor,0.3121
B,impostor,0.3711
B,impostor,0.2829
B,impostor,0.4463
B,impostor,0.2473
B,impostor,0.1571
B,impostor,0.2225
B,impostor,0.2832
B,impostor,0.2501
B,impostor,0.2898
B,impostor,0.3895
B,impostor,0.2127
B,impostor,0.3007
B,impostor,0.3182
B,impostor,0.2509
B,impostor,0.2455
B,impostor,0.2440
B,impostor,0.3904
B,impostor,0.2058
B,impostor,0.1881
B,impostor,0.3096
B,impostor,0.3214
B,impostor,0.2018
B,impostor,0.3541
B,impostor,0.3179
B,impostor,0.2810
B,impostor,0.3152
B,impostor,0.3324
B,impostor,0.3348
B,impostor,0.3808
B,impostor,0.2472
B,impostor,0.3039
B,impostor,0.2696
B,impostor,0.2283
B,impostor,0.2397
B,impostor,0.2525
B,impostor,0.2564
B,impostor,0.3526
B,impostor,0.3253
B,impostor,0.2791
B,impostor,0.3794
B,impostor,0.2835
B,impostor,0.2583
B,impostor,0.3330
B,impostor,0.2940
B,impostor,0.3034
B,impostor,0.2181
B,impostor,0.6112
B,impostor,0.2835
B,impostor,0.2717
B,impostor,0.2599
B,impostor,0.3994
B,impostor,0.3471
B,impostor,0.2753
B,impostor,0.3354
B,impostor,0.3708
B,impostor,0.2329
B,impostor,0.2871
B,impostor,0.3860
B,impostor,0.2293
B,impostor,0.6460
B,impostor,0.2321
B,impostor,0.1776
B,impostor,0.3016
B,impostor,0.3290
B,impostor,0.1749
B,impostor,0.1997
B,impostor,0.3062
B,impostor,0.1790
B,impostor,0.2409
B,impostor,0.3180
B,impostor,0.3166
B,impostor,0.2644
B,impostor,0.2636
B,impostor,0.2886
B,impostor,0.2441
B,impostor,0.3115
B,impostor,0.3415
B,impostor,0.3716
B,impostor,0.3652
B,impostor,0.4376
B,impostor,0.2856
B,impostor,0.1598
B,impostor,0.3432
B,impostor,0.3091
B,impostor,0.2743
B,impostor,0.3213
B,impostor,0.2865
B,impostor,0.3142
B,impostor,0.2518
B,impostor,0.3096
B,impostor,0.2802
B,impostor,0.2814
B,impostor,0.2505
B,impostor,0.2683
B,impostor,0.2700
B,impostor,0.2244
B,impostor,0.3453
B,impostor,0.2036
B,impostor,0.1907
B,impostor,0.3759
B,impostor,0.1762
B,impostor,0.3615
B,impostor,0.3974
B,impostor,0.1476
B,impostor,0.3626
B,impostor,0.2809
B,impostor,0.3763
B,impostor,0.2120
B,impostor,0.2545
B,impostor,0.1971
B,impostor,0.2369
B,impostor,0.2766
B,impostor,0.2937
B,impostor,0.3650
B,impostor,0.2761
B,impostor,0.2221
B,impostor,0.1219
B,impostor,0.3241
B,impostor,0.2794
B,impostor,0.3368
B,impostor,0.2683
B,impostor,0.3175
B,impostor,0.3194
B,impostor,0.2537
B,impostor,0.2542
B,impostor,0.2542
B,impostor,0.3261
B,impostor,0.4034
B,impostor,0.2878
B,impostor,0.2159
B,impostor,0.2238
B,impostor,0.2608
B,impostor,0.3806
B,impostor,0.2685
B,impostor,0.1476
B,impostor,0.3161
B,impostor,0.2735
B,impostor,0.3280
B,impostor,0.2772
B,impostor,0.2973
B,impostor,0.2229
B,impostor,0.1838
B,impostor,0.2910
B,impostor,0.2790
B,impostor,0.4344
B,impostor,0.4598
B,impostor,0.2675
B,impostor,0.3087
B,impostor,0.2762
B,impostor,0.2475
B,impostor,0.2438
B,impostor,0.2030
B,impostor,0.2404
B,impostor,0.3032
B,impostor,0.3050
B,impostor,0.2523
B,impostor,0.2550
B,impostor,0.2519
B,impostor,0.3144
B,impostor,0.2449
B,impostor,0.2735
B,impostor,0.2520
B,impostor,0.2867
B,impostor,0.2441
B,impostor,0.3244
B,impostor,0.2689
B,impostor,0.3128
B,impostor,0.2475
B,impostor,0.2521
B,impostor,0.2686
B,impostor,0.3130
B,impostor,0.3750
B,impostor,0.3913
B,impostor,0.1826
B,impostor,0.3897
B,impostor,0.2730
B,impostor,0.4033
B,impostor,0.2425
B,impostor,0.3501
B,impostor,0.3416
B,impostor,0.3439
B,impostor,0.2733
B,impostor,0.2310
B,impostor,0.4275
B,impostor,0.3062
B,impostor,0.2162
B,impostor,0.2998
B,impostor,0.1743
B,impostor,0.2102
B,impostor,0.3817
B,impostor,0.2818
B,impostor,0.3546
B,impostor,0.3988
B,impostor,0.2875
B,impostor,0.3777
B,impostor,0.2540
B,impostor,0.2840
B,impostor,0.2290
B,impostor,0.3451
B,impostor,0.2607
B,impostor,0.2936
B,impostor,0.2816
B,impostor,0.3008
B,impostor,0.3656
B,impostor,0.2648
B,impostor,0.2848
B,impostor,0.2868
B,impostor,0.2435
B,impostor,0.2875
B,impostor,0.3168
B,impostor,0.3050
B,impostor,0.3537
B,impostor,0.2550
B,impostor,0.2960
B,impostor,0.2455
B,impostor,0.2344
B,impostor,0.3142
B,impostor,0.3739
B,impostor,0.3509
B,impostor,0.2813
B,impostor,0.2455
B,impostor,0.3957
B,impostor,0.3398
B,impostor,0.1494
B,impostor,0.2480
B,impostor,0.2976
B,impostor,0.2108
B,impostor,0.2716
B,impostor,0.3509
B,impostor,0.2864
B,impostor,0.2403
B,impostor,0.3882
B,impostor,0.3550
B,impostor,0.4509
B,impostor,0.2812
B,impostor,0.4697
B,impostor,0.1711
B,impostor,0.3633
B,impostor,0.2212
B,impostor,0.3006
B,impostor,0.2135
B,impostor,0.2520
B,impostor,0.2603
B,impostor,0.2270
B,impostor,0.2987
B,impostor,0.4315
B,impostor,0.2395
B,impostor,0.1948
B,impostor,0.2934
B,impostor,0.5062
B,impostor,0.3036
B,impostor,0.3198
B,impostor,0.2796
B,impostor,0.2777
B,impostor,0.2484
B,impostor,0.2474
B,impostor,0.3355
B,impostor,0.2655
B,impostor,0.3318
B,impostor,0.1653
B,impostor,0.2939
B,impostor,0.2726
B,impostor,0.3449
B,impostor,0.2842
B,impostor,0.2805
B,impostor,0.6114
B,impostor,0.3086
B,impostor,0.2014
B,impostor,0.3550
B,impostor,0.2062
B,impostor,0.1603
B,impostor,0.2815
B,impostor,0.3375
B,impostor,0.3254
B,impostor,0.3158
B,impostor,0.3784
B,impostor,0.3871
B,impostor,0.2365
B,impostor,0.2222
B,impostor,0.3367
B,impostor,0.2577
B,impostor,0.1981
B,impostor,0.2044
B,impostor,0.3163
B,impostor,0.1883
B,impostor,0.2780
B,impostor,0.6360
B,impostor,0.2443
B,impostor,0.4297
B,impostor,0.2873
B,impostor,0.2250
B,impostor,0.4359
B,impostor,0.3743
B,impostor,0.2836
B,impostor,0.2847
B,impostor,0.2113
B,impostor,0.2446
B,impostor,0.8219
B,impostor,0.3372
B,impostor,0.2771
B,impostor,0.2343
B,impostor,0.3303
B,impostor,0.2926
B,impostor,0.2749
B,impostor,0.2790
B,impostor,0.3082
B,impostor,0.2473
B,impostor,0.3158
B,impostor,0.2662
B,impostor,0.2292
B,impostor,0.3392
B,impostor,0.3051
B,impostor,0.2716
B,impostor,0.2149
B,impostor,0.3122
B,impostor,0.2916
B,impostor,0.7118
B,impostor,0.2688
B,impostor,0.2039
B,impostor,0.3041
B,impostor,0.2528
B,impostor,0.2168
B,impostor,0.2756
B,impostor,0.4300
B,impostor,0.3542
B,impostor,0.2001
B,impostor,0.2075
B,impostor,0.3556
B,impostor,0.2748
B,impostor,0.3418
B,impostor,0.2577
B,impostor,0.3257
B,impostor,0.1987
B,impostor,0.3927
B,impostor,0.3009
B,impostor,0.4575
B,impostor,0.2763
B,impostor,0.3344
B,impostor,0.3265
B,impostor,0.2349
B,impostor,0.2530
B,impostor,0.3086
B,impostor,0.3711
B,impostor,0.2360
B,impostor,0.3745
B,impostor,0.2860
B,impostor,0.4333
B,impostor,0.2342
B,impostor,0.3047
B,impostor,0.1471
B,impostor,0.2744
B,impostor,0.2745
B,impostor,0.2453
B,impostor,0.2680
B,impostor,0.1640
B,impostor,0.2908
B,impostor,0.2369
B,impostor,0.2721
B,impostor,0.2583
B,impostor,0.3238
B,impostor,0.2431
B,impostor,0.2385
B,impostor,0.2656
B,impostor,0.1530
B,impostor,0.3140
B,impostor,0.2088
B,impostor,0.3282
B,impostor,0.2830
B,impostor,0.2700
B,impostor,0.2818
B,impostor,0.3589
B,impostor,0.1983
B,impostor,0.3328
B,impostor,0.3622
B,impostor,0.2647
B,impostor,0.2552
B,impostor,0.2368
B,impostor,0.3163
B,impostor,0.3454
B,impostor,0.3000
B,impostor,0.2607
B,impostor,0.3679
B,impostor,0.2259
B,impostor,0.3039
B,impostor,0.4289
B,impostor,0.3666
B,impostor,0.2258
B,impostor,0.1802
B,impostor,0.3220
B,impostor,0.3207
B,impostor,0.4984
B,impostor,0.2910
B,impostor,0.3235
B,impostor,0.2807
B,impostor,0.2741
B,impostor,0.3126
B,impostor,0.2505
B,impostor,0.2767
B,impostor,0.2529
B,impostor,0.3025
B,impostor,0.2652
B,impostor,0.3508
B,impostor,0.2291
B,impostor,0.3521
B,impostor,0.2772
B,impostor,0.2375
B,impostor,0.2250
B,impostor,0.2842
B,impostor,0.2459
B,impostor,0.2216
B,impostor,0.2914
B,impostor,0.1716
B,impostor,0.2930
B,impostor,0.2228
B,impostor,0.3803
B,impostor,0.2401
B,impostor,0.2144
B,impostor,0.2517
B,impostor,0.2656
B,impostor,0.2178
B,impostor,0.3136
B,impostor,0.2726
B,impostor,0.2187
B,impostor,0.2287
B,impostor,0.2562
B,impostor,0.3266
B,impostor,0.6514
B,impostor,0.1822
B,impostor,0.2107
B,impostor,0.2908
B,impostor,0.2904
B,impostor,0.3206
B,impostor,0.3101
B,impostor,0.1306
B,impostor,0.2637
B,impostor,0.2801
B,impostor,0.1033
B,impostor,0.4287
B,impostor,0.3694
B,impostor,0.2477
B,impostor,0.3161
B,impostor,0.2892
B,impostor,0.3298
B,impostor,0.2622
B,impostor,0.3167
B,impostor,0.2674
B,impostor,0.2863
B,impostor,0.2958
B,impostor,0.1987
B,impostor,0.2711
B,impostor,0.5183
B,impostor,0.3647
B,impostor,0.2895
B,impostor,0.2984
B,impostor,0.3090
B,impostor,0.3562
B,impostor,0.3035
B,impostor,0.1751
B,impostor,0.2246
B,impostor,0.2717
B,impostor,0.3353
B,impostor,0.3212
B,impostor,0.2807
B,impostor,0.3240
B,impostor,0.3929
B,impostor,0.2374
B,impostor,0.4156
B,impostor,0.2174
B,impostor,0.3827
B,impostor,0.2173
B,impostor,0.2648
B,impostor,0.1825
B,impostor,0.3036
B,impostor,0.2185
B,impostor,0.2720
B,impostor,0.3210
B,impostor,0.2204
B,impostor,0.3627
B,impostor,0.2149
B,impostor,0.3107
B,impostor,0.3381
B,impostor,0.3006
B,impostor,0.2499
B,impostor,0.1529
B,impostor,0.3092
B,impostor,0.2798
B,impostor,0.2233
B,impostor,0.2826
B,impostor,0.3001
B,impostor,0.3808
B,impostor,0.1760
B,impostor,0.3068
B,impostor,0.1906
B,impostor,0.2866
B,impostor,0.3259
B,impostor,0.3396
B,impostor,0.2825
B,impostor,0.2822
B,impostor,0.3626
B,impostor,0.2928
B,impostor,0.2541
B,impostor,0.1781
B,impostor,0.2586
B,impostor,0.2675
B,impostor,0.2914
B,impostor,0.1669
B,impostor,0.2941
B,impostor,0.3091
B,impostor,0.6361
B,impostor,0.2931
B,impostor,0.2998
B,impostor,0.3521
B,impostor,0.1800
B,impostor,0.3902
B,impostor,0.2331
B,impostor,0.2535
B,impostor,0.2524
B,impostor,0.2056
B,impostor,0.3873
B,impostor,0.3060
B,impostor,0.3208
B,impostor,0.2701
B,impostor,0.3199
B,impostor,0.2586
B,impostor,0.2135
B,impostor,0.3078
B,impostor,0.2355
B,impostor,0.2569
B,impostor,0.3407
B,impostor,0.3374
B,impostor,0.2641
B,impostor,0.2252
B,impostor,0.2692
B,impostor,0.2674
B,impostor,0.1865
B,impostor,0.2662
B,impostor,0.3185
B,impostor,0.2898
B,impostor,0.3203
B,impostor,0.3115
B,impostor,0.3437
B,impostor,0.3854
B,impostor,0.2919
B,impostor,0.2235
B,impostor,0.2114
B,impostor,0.1462
B,impostor,0.3468
B,impostor,0.1968
B,impostor,0.3350
B,impostor,0.2721
B,impostor,0.1257
B,impostor,0.2365
B,impostor,0.4028
B,impostor,0.3124
B,impostor,0.2018
B,impostor,0.2391
B,impostor,0.2262
B,impostor,0.3757
B,impostor,0.1849
B,impostor,0.2494
B,impostor,0.2636
B,impostor,0.1862
B,impostor,0.1447
B,impostor,0.3861
B,impostor,0.2760
B,impostor,0.2124
B,impostor,0.2083
B,impostor,0.1478
B,impostor,0.1601
B,impostor,0.2721
B,impostor,0.3089
B,impostor,0.2439
B,impostor,0.3319
B,impostor,0.2741
B,impostor,0.2237
B,impostor,0.2649
B,impostor,0.3190
B,impostor,0.1953
B,impostor,0.6178
B,impostor,0.2963
B,impostor,0.2700
B,impostor,0.2693
B,impostor,0.3002
B,impostor,0.2543
B,impostor,0.2798
B,impostor,0.6805
B,impostor,0.2995
B,impostor,0.3650
B,impostor,0.3383
B,impostor,0.2110
B,impostor,0.3982
B,impostor,0.2778
B,impostor,0.2568
B,impostor,0.2355
B,impostor,0.2577
B,impostor,0.1748
B,impostor,0.2227
B,impostor,0.1938
B,impostor,0.2580
B,impostor,0.2101
B,impostor,0.2582
B,impostor,0.3102
B,impostor,0.2610
B,impostor,0.2680
B,impostor,0.2820
B,impostor,0.1945
B,impostor,0.2727
B,impostor,0.3019
B,impostor,0.2887
B,impostor,0.2729
B,impostor,0.2938
B,impostor,0.2756
B,impostor,0.2403
B,impostor,0.2920
B,impostor,0.3062
B,impostor,0.3072
B,impostor,0.5570
B,impostor,0.3013
B,impostor,0.3609
B,impostor,0.3704
B,impostor,0.3159
B,impostor,0.2666
B,impostor,0.2901
B,impostor,0.2559
B,impostor,0.2328
B,impostor,0.2362
B,impostor,0.4043
B,impostor,0.3226
B,impostor,0.3414
B,impostor,0.3048
B,impostor,0.3602
B,impostor,0.3572
B,impostor,0.2902
B,impostor,0.3591
B,impostor,0.2143
B,impostor,0.3019
B,impostor,0.2419
B,impostor,0.3116
B,impostor,0.2665
B,impostor,0.3203
B,impostor,0.2813
B,impostor,0.3253
B,impostor,0.3003
B,impostor,0.5936
B,impostor,0.2689
B,impostor,0.2182
B,impostor,0.3415
B,impostor,0.2266
B,impostor,0.1535
B,impostor,0.3163
B,impostor,0.1939
B,impostor,0.3751
B,impostor,0.2777
B,impostor,0.2549
B,impostor,0.2439
B,impostor,0.3161
B,impostor,0.2182
B,impostor,0.2927
B,impostor,0.5058
B,impostor,0.2885
B,impostor,0.2430
B,impostor,0.3203
B,impostor,0.2312
B,impostor,0.3524
B,impostor,0.2237
B,impostor,0.2830
B,impostor,0.2740
B,impostor,0.3861
B,impostor,0.3740
B,impostor,0.2932
B,impostor,0.1804
B,impostor,0.2017
B,impostor,0.1852
B,impostor,0.3835
B,impostor,0.3587
B,impostor,0.3113
B,impostor,0.2723
B,impostor,0.2982
B,impostor,0.2486
B,impostor,0.3259
B,impostor,0.1780
B,impostor,0.3297
B,impostor,0.2324
B,impostor,0.2958
B,impostor,0.1628
B,impostor,0.2172
B,impostor,0.2352
B,impostor,0.2850
B,impostor,0.3091
B,impostor,0.3451
B,impostor,0.3445
B,impostor,0.2204
B,impostor,0.3327
B,impostor,0.3095
B,impostor,0.2642
B,impostor,0.3146
B,impostor,0.6569
B,impostor,0.2858
B,impostor,0.2562
B,impostor,0.3446
B,impostor,0.2021
B,impostor,0.1771
B,impostor,0.3027
B,impostor,0.2753
B,impostor,0.2467
B,impostor,0.2128
B,impostor,0.3824
B,impostor,0.2722
B,impostor,0.1866
B,impostor,0.2821
B,impostor,0.2498
B,impostor,0.2158
B,impostor,0.4795
B,impostor,0.2670
B,impostor,0.2713
B,impostor,0.5032
B,impostor,0.3451
B,impostor,0.1845
B,impostor,0.2376
B,impostor,0.1394
B,impostor,0.3853
B,impostor,0.2493
B,impostor,0.2575
B,impostor,0.2298
B,impostor,0.2526
B,impostor,0.2134
B,impostor,0.3928
B,impostor,0.2518
B,impostor,0.4087
B,impostor,0.3160
B,impostor,0.3146
B,impostor,0.3339
B,impostor,0.2066
B,impostor,0.3248
B,impostor,0.3674
B,impostor,0.1969
B,impostor,0.1953
B,impostor,0.3118
B,impostor,0.1511
B,impostor,0.3217
B,impostor,0.3482
B,impostor,0.2023
B,impostor,0.2939
B,impostor,0.2091
B,impostor,0.2660
B,impostor,0.3837
B,impostor,0.5094
B,impostor,0.2825
B,impostor,0.3451
B,impostor,0.3860
B,impostor,0.3526
B,impostor,0.1569
B,impostor,0.3063
B,impostor,0.2888
B,impostor,0.2837
B,impostor,0.2658
B,impostor,0.1511
B,impostor,0.1606
B,impostor,0.1837
B,impostor,0.2545
B,impostor,0.3535
B,impostor,0.2618
B,impostor,0.3046
B,impostor,0.2706
B,impostor,0.2909
B,impostor,0.2701
B,impostor,0.3278
B,impostor,0.2450
B,impostor,0.3369
B,impostor,0.2018
B,impostor,0.3030
B,impostor,0.2322
B,impostor,0.2101
B,impostor,0.2251
B,impostor,0.1945
B,impostor,0.3129
B,impostor,0.2625
B,impostor,0.2013
B,impostor,0.2030
B,impostor,0.3730
B,impostor,0.1880
B,impostor,0.2456
B,impostor,0.3061
B,impostor,0.2686
B,impostor,0.2820
B,impostor,0.2532
B,impostor,0.2658
B,impostor,0.2709
B,impostor,0.1516
B,impostor,0.3105
B,impostor,0.2494
B,impostor,0.2150
B,impostor,0.2564
B,impostor,0.2822
B,impostor,0.3402
B,impostor,0.2678
B,impostor,0.3996
B,impostor,0.2044
B,impostor,0.3403
B,impostor,0.2475
B,impostor,0.3170
B,impostor,0.4526
B,impostor,0.2195
B,impostor,0.2830
B,impostor,0.3017
B,impostor,0.2131
B,impostor,0.3712
B,impostor,0.2216
B,impostor,0.2866
B,impostor,0.3115
B,impostor,0.4114
B,impostor,0.2897
B,impostor,0.3012
B,impostor,0.2901
B,impostor,0.1994
B,impostor,0.2719
B,impostor,0.3695
B,impostor,0.2019
B,impostor,0.3614
B,impostor,0.2353
B,impostor,0.2271
B,impostor,0.2223
B,impostor,0.2281
B,impostor,0.2910
B,impostor,0.2530
B,impostor,0.2754
B,impostor,0.3825
B,impostor,0.3518
B,impostor,0.1670
B,impostor,0.1933
B,impostor,0.1792
B,impostor,0.2521
B,impostor,0.2000
B,impostor,0.2976
B,impostor,0.2020
B,impostor,0.3538
B,impostor,0.2541
B,impostor,0.2147
B,impostor,0.2552
B,impostor,0.3030
B,impostor,0.2764
B,impostor,0.2713
B,impostor,0.3438
B,impostor,0.3114
B,impostor,0.1890
B,impostor,0.2578
B,impostor,0.2618
B,impostor,0.3117
B,impostor,0.2676
B,impostor,0.2518
B,impostor,0.3010
B,impostor,0.3115
B,impostor,0.2349
B,impostor,0.2910
B,impostor,0.2125
B,impostor,0.2818
B,impostor,0.2888
B,impostor,0.2430
B,impostor,0.1687
B,impostor,0.3279
B,impostor,0.2505
B,impostor,0.3039
B,impostor,0.2369
B,impostor,0.2331
B,impostor,0.3393
B,impostor,0.3513
B,impostor,0.2891
B,impostor,0.2153
B,impostor,0.2577
B,impostor,0.2338
B,impostor,0.3000
B,impostor,0.2274
B,impostor,0.2526
B,impostor,0.3564
B,impostor,0.3159
B,impostor,0.1900
B,impostor,0.1774
B,impostor,0.2432
B,impostor,0.3848
B,impostor,0.2774
B,impostor,0.2372
B,impostor,0.2959
B,impostor,0.2033
B,impostor,0.3195
B,impostor,0.1712
B,impostor,0.3065
B,impostor,0.1957
B,impostor,0.3717
B,impostor,0.2460
B,impostor,0.2218
B,impostor,0.3175
B,impostor,0.2594
B,impostor,0.3747
B,impostor,0.2269
B,impostor,0.2203
B,impostor,0.2757
B,impostor,0.2412
B,impostor,0.2804
B,impostor,0.1954
B,impostor,0.3290
B,impostor,0.4142
B,impostor,0.2814
B,impostor,0.2559
B,impostor,0.3199
B,impostor,0.2738
B,impostor,0.1883
B,impostor,0.2373
B,impostor,0.1659
B,impostor,0.2991
B,impostor,0.3841
B,impostor,0.2571
B,impostor,0.1783
B,impostor,0.1861
B,impostor,0.3629
B,impostor,0.3303
B,impostor,0.2355
B,impostor,0.2000
B,impostor,0.3206
B,impostor,0.2625
B,impostor,0.3361
B,impostor,0.1273
B,impostor,0.3417
B,impostor,0.3390
B,impostor,0.2851
B,impostor,0.1804
B,impostor,0.2775
B,impostor,0.2150
B,impostor,0.2921
B,impostor,0.3267
B,impostor,0.3131
B,impostor,0.2082
B,impostor,0.2516
B,impostor,0.3540
B,impostor,0.2663
B,impostor,0.1565
B,impostor,0.6195
B,impostor,0.1611
B,impostor,0.3618
B,impostor,0.2669
B,impostor,0.2742
B,impostor,0.2239
B,impostor,0.2312
B,impostor,0.2455
B,impostor,0.2397
B,impostor,0.2955
B,impostor,0.2228
B,impostor,0.2097
B,impostor,0.2458
B,impostor,0.2619
B,impostor,0.2413
B,impostor,0.1849
B,impostor,0.3319
B,impostor,0.2930
B,impostor,0.3033
B,impostor,0.2804
B,impostor,0.2443
B,impostor,0.3691
B,impostor,0.3211
B,impostor,0.2777
B,impostor,0.2556
B,impostor,0.3576
B,impostor,0.2901
B,impostor,0.2537
B,impostor,0.2608
B,impostor,0.2335
B,impostor,0.3009
B,impostor,0.3627
B,impostor,0.3373
B,impostor,0.2619
B,impostor,0.2880
B,impostor,0.3373
B,impostor,0.5248
B,impostor,0.2431
B,impostor,0.1414
B,impostor,0.3134
B,impostor,0.2677
B,impostor,0.3085
B,impostor,0.3402
B,impostor,0.3523
B,impostor,0.3753
B,impostor,0.2494
B,impostor,0.3456
B,impostor,0.1910
B,impostor,0.2477
B,impostor,0.3285
B,impostor,0.2739
B,impostor,0.2586
B,impostor,0.1597
B,impostor,0.1750
B,impostor,0.2928
B,impostor,0.3753
B,impostor,0.2601
B,impostor,0.2830
B,impostor,0.3130
B,impostor,0.3313
B,impostor,0.2990
B,impostor,0.3139
B,impostor,0.4759
B,impostor,0.3094
B,impostor,0.3417
B,impostor,0.3031
B,impostor,0.2963
B,impostor,0.2445
B,impostor,0.2070
B,impostor,0.2496
B,impostor,0.3498
B,impostor,0.3104
B,impostor,0.3188
B,impostor,0.2687
B,impostor,0.3456
B,impostor,0.3348
B,impostor,0.2650
B,impostor,0.3737
B,impostor,0.6549
B,impostor,0.2327
B,impostor,0.2925
B,impostor,0.3073
B,impostor,0.3511
B,impostor,0.4324
B,impostor,0.2855
B,impostor,0.3262
B,impostor,0.3899
B,impostor,0.2355
B,impostor,0.1786
B,impostor,0.3013
B,impostor,0.3678
B,impostor,0.3389
B,impostor,0.2331
B,impostor,0.3217
B,impostor,0.2336
B,impostor,0.2711
B,impostor,0.3397
B,impostor,0.1956
B,impostor,0.2976
B,impostor,0.2513
B,impostor,0.2539
B,impostor,0.2985
B,impostor,0.2947
B,impostor,0.2663
B,impostor,0.2675
B,impostor,0.2621
B,impostor,0.2469
B,impostor,0.3027
B,impostor,0.2561
B,impostor,0.3693
B,impostor,0.3301
B,impostor,0.3492
B,impostor,0.2551
B,impostor,0.3434
B,impostor,0.2187
B,impostor,0.1618
B,impostor,0.2312
B,impostor,0.1462
B,impostor,0.2853
B,impostor,0.2868
B,impostor,0.2269
B,impostor,0.3366
B,impostor,0.2918
B,impostor,0.3529
B,impostor,0.3650
B,impostor,0.2581
B,impostor,0.2972
B,impostor,0.2080
B,impostor,0.2909
B,impostor,0.3250
B,impostor,0.2040
B,impostor,0.2626
B,impostor,0.2572
B,impostor,0.2852
B,impostor,0.2673
B,impostor,0.3835
B,impostor,0.2825
B,impostor,0.3511
B,impostor,0.2980
B,impostor,0.2207
B,impostor,0.1821
B,impostor,0.2800
B,impostor,0.2486
B,impostor,0.3338
B,impostor,0.2148
B,impostor,0.2371
B,impostor,0.2471
B,impostor,0.2262
B,impostor,0.3225
B,impostor,0.2472
B,impostor,0.2298
B,impostor,0.2224
B,impostor,0.2608
B,impostor,0.3449
B,impostor,0.2528
B,impostor,0.2494
B,impostor,0.3426
B,impostor,0.3949
B,impostor,0.2848
B,impostor,0.2659
B,impostor,0.3763
B,impostor,0.2204
B,impostor,0.3120
B,impostor,0.2920
B,impostor,0.4198
B,impostor,0.2298
B,impostor,0.2799
B,impostor,0.3175
B,impostor,0.2528
B,impostor,0.1498
B,impostor,0.2081
B,impostor,0.1721
B,impostor,0.3144
B,impostor,0.3113
B,impostor,0.2807
B,impostor,0.2616
B,impostor,0.1868
B,impostor,0.4117
B,impostor,0.3775
B,impostor,0.4411
B,impostor,0.1913
B,impostor,0.3380
B,impostor,0.1852
B,impostor,0.3403
B,impostor,0.3798
B,impostor,0.6470
B,impostor,0.1841
B,impostor,0.2899
B,impostor,0.1184
B,impostor,0.2218
B,impostor,0.2368
B,impostor,0.3589
B,impostor,0.2794
B,impostor,0.2571
B,impostor,0.2337
B,impostor,0.2470
B,impostor,0.2601
B,impostor,0.3294
B,impostor,0.2639
B,impostor,0.1943
B,impostor,0.2750
B,impostor,0.2014
B,impostor,0.3786
B,impostor,0.2933
B,impostor,0.2270
B,impostor,0.3757
B,impostor,0.3230
B,impostor,0.3435
B,impostor,0.2901
B,impostor,0.2924
B,impostor,0.1898
B,impostor,0.5187
B,impostor,0.2670
B,impostor,0.3947
B,impostor,0.1784
B,impostor,0.2648
B,impostor,0.2810
B,impostor,0.3305
B,impostor,0.3148
B,impostor,0.3385
B,impostor,0.1691
B,impostor,0.1952
B,impostor,0.2165
B,impostor,0.3580
B,impostor,0.6423
B,impostor,0.1764
B,impostor,0.2401
B,impostor,0.2190
B,impostor,0.2108
B,impostor,0.2195
B,impostor,0.1862
B,impostor,0.3964
B,impostor,0.2778
B,impostor,0.1631
B,impostor,0.2126
B,impostor,0.3842
B,impostor,0.2551
B,impostor,0.2957
B,impostor,0.3038
B,impostor,0.3894
B,impostor,0.2298
B,impostor,0.2967
B,impostor,0.2210
B,impostor,0.3547
B,impostor,0.2563
B,impostor,0.2916
B,impostor,0.1962
B,impostor,0.2176
B,impostor,0.2769
B,impostor,0.1613
B,impostor,0.2062
B,impostor,0.2601
B,impostor,0.2879
B,impostor,0.3967
B,impostor,0.2842
B,impostor,0.3964
B,impostor,0.4031
B,impostor,0.2180
B,impostor,0.2489
B,impostor,0.2806
B,impostor,0.2878
B,impostor,0.2659
B,impostor,0.2665
B,impostor,0.3702
B,impostor,0.3369
B,impostor,0.2739
B,impostor,0.1806
B,impostor,0.2860
B,impostor,0.2826
B,impostor,0.2612
B,impostor,0.3474
B,impostor,0.1468
B,impostor,0.3056
B,impostor,0.2937
B,impostor,0.3314
B,impostor,0.2675
B,impostor,0.2402
B,impostor,0.3762
B,impostor,0.3362
B,impostor,0.2565
B,impostor,0.2666
B,impostor,0.3449
B,impostor,0.2346
B,impostor,0.3140
B,impostor,0.3220
B,impostor,0.2489
B,impostor,0.1981
B,impostor,0.2021
B,impostor,0.1765
B,impostor,0.2184
B,impostor,0.3046
B,impostor,0.2583
B,impostor,0.2305
B,impostor,0.2842
B,impostor,0.2827
B,impostor,0.3107
B,impostor,0.5057
B,impostor,0.2347
B,impostor,0.3657
B,impostor,0.3440
B,impostor,0.1991
B,impostor,0.1433
B,impostor,0.2927
B,impostor,0.2084
B,impostor,0.1901
B,impostor,0.2536
B,impostor,0.2675
B,impostor,0.3448
B,impostor,0.2729
B,impostor,0.3772
B,impostor,0.3774
B,impostor,0.2638
B,impostor,0.3348
B,impostor,0.3706
B,impostor,0.3294
B,impostor,0.2103
B,impostor,0.3284
B,impostor,0.2984
B,impostor,0.2374
B,impostor,0.1863
B,impostor,0.2512
B,impostor,0.2862
B,impostor,0.3007
B,impostor,0.3304
B,impostor,0.2853
B,impostor,0.1022
B,impostor,0.2480
B,impostor,0.3120
B,impostor,0.2361
B,impostor,0.1875
B,impostor,0.2213
B,impostor,0.2970
B,impostor,0.3715
B,impostor,0.2840
B,impostor,0.4079
B,impostor,0.3647
B,impostor,0.2986
B,impostor,0.2767
B,impostor,0.1627
B,impostor,0.7072
B,impostor,0.3276
B,impostor,0.2492
B,impostor,0.2783
B,impostor,0.3261
B,impostor,0.3675
B,impostor,0.5858
B,impostor,0.3136
B,impostor,0.4508
B,impostor,0.1738
B,impostor,0.3072
B,impostor,0.2514
B,impostor,0.2613
B,impostor,0.2087
B,impostor,0.2793
B,impostor,0.3522
B,impostor,0.2833
B,impostor,0.3048
B,impostor,0.1799
B,impostor,0.2831
B,impostor,0.2646
B,impostor,0.2814
B,impostor,0.3241
B,impostor,0.3776
B,impostor,0.3491
B,impostor,0.2775
B,impostor,0.2382
B,impostor,0.3240
B,impostor,0.2849
B,impostor,0.2491
B,impostor,0.2887
B,impostor,0.2898
B,impostor,0.2955
B,impostor,0.3418
B,impostor,0.2828
B,impostor,0.2686
B,impostor,0.1756
B,impostor,0.3212
B,impostor,0.3011
B,impostor,0.3053
B,impostor,0.2301
B,impostor,0.1931
B,impostor,0.3931
B,impostor,0.2599
B,impostor,0.2848
B,impostor,0.3055
B,impostor,0.2818
B,impostor,0.3663
B,impostor,0.2579
B,impostor,0.2334
B,impostor,0.3279
B,impostor,0.3388
B,impostor,0.3372
B,impostor,0.2816
B,impostor,0.2905
B,impostor,0.2600
B,impostor,0.2728
B,impostor,0.2763
B,impostor,0.3569
B,impostor,0.3455
B,impostor,0.3218
B,impostor,0.3421
B,impostor,0.3260
B,impostor,0.3196
B,impostor,0.2467
B,impostor,0.4424
B,impostor,0.3323
B,impostor,0.6366
B,impostor,0.1964
B,impostor,0.5590
B,impostor,0.2167
B,impostor,0.2854
B,impostor,0.1343
B,impostor,0.2759
B,impostor,0.1986
B,impostor,0.2537
B,impostor,0.3657
B,impostor,0.3216
B,impostor,0.1507
B,impostor,0.3205
B,impostor,0.3613
B,impostor,0.1676
B,impostor,0.3111
B,impostor,0.1918
B,impostor,0.3259
B,impostor,0.2928
B,impostor,0.1384
B,impostor,0.2722
B,impostor,0.2578
B,impostor,0.2400
B,impostor,0.2953
B,impostor,0.3031
B,impostor,0.2303
B,impostor,0.2428
B,impostor,0.2570
B,impostor,0.1983
B,impostor,0.3061
B,impostor,0.1642
B,impostor,0.2089
B,impostor,0.2425
B,impostor,0.3021
B,impostor,0.3969
B,impostor,0.3711
B,impostor,0.2896
B,impostor,0.2964
B,impostor,0.2702
B,impostor,0.2316
B,impostor,0.3275
B,impostor,0.3033
B,impostor,0.2506
B,impostor,0.1797
B,impostor,0.3718
B,impostor,0.2871
B,impostor,0.3015
B,impostor,0.2710
B,impostor,0.4289
B,impostor,0.2324
B,impostor,0.2228
B,impostor,0.3338
B,impostor,0.3147
B,impostor,0.3200
B,impostor,0.2541
B,impostor,0.3331
B,impostor,0.1316
B,impostor,0.2341
B,impostor,0.2779
B,impostor,0.3198
B,impostor,0.2542
B,impostor,0.3066
B,impostor,0.3074
B,impostor,0.2793
B,impostor,0.1376
B,impostor,0.3080
B,impostor,0.2557
B,impostor,0.2754
B,impostor,0.2405
B,impostor,0.2448
B,impostor,0.3610
B,impostor,0.2919
B,impostor,0.2831
B,impostor,0.3235
B,impostor,0.2772
B,impostor,0.3129
B,impostor,0.2634
B,impostor,0.2783
B,impostor,0.3800
B,impostor,0.2579
B,impostor,0.2003
B,impostor,0.5202
B,impostor,0.3393
B,impostor,0.2565
B,impostor,0.1732
B,impostor,0.2828
B,impostor,0.3784
B,impostor,0.3471
B,impostor,0.2502
B,impostor,0.3241
B,impostor,0.1829
B,impostor,0.3309
B,impostor,0.3718
B,impostor,0.2532
B,impostor,0.2295
B,impostor,0.2700
B,impostor,0.2719
B,impostor,0.2550
B,impostor,0.2630
B,impostor,0.3957
B,impostor,0.7381
B,impostor,0.3070
B,impostor,0.1050
B,impostor,0.2556
B,impostor,0.2538
B,impostor,0.2092
B,impostor,0.3275
B,impostor,0.3087
B,impostor,0.3724
B,impostor,0.3089
B,impostor,0.3160
B,impostor,0.2855
B,impostor,0.1116
B,impostor,0.2315
B,impostor,0.3207
B,impostor,0.1653
B,impostor,0.2707
B,impostor,0.2060
B,impostor,0.3506
B,impostor,0.2917
B,impostor,0.2532
B,impostor,0.3496
B,impostor,0.2439
B,impostor,0.2158
B,impostor,0.2736
B,impostor,0.2629
B,impostor,0.2789
B,impostor,0.2338
B,impostor,0.3175
B,impostor,0.3250
B,impostor,0.1816
B,impostor,0.2931
B,impostor,0.3185
B,impostor,0.2619
B,impostor,0.3140
B,impostor,0.2751
B,impostor,0.3120
B,impostor,0.2704
B,impostor,0.4867
B,impostor,0.1891
B,impostor,0.2057
B,impostor,0.2210
B,impostor,0.1603
B,impostor,0.2339
B,impostor,0.4057
B,impostor,0.3470
B,impostor,0.2558
B,impostor,0.4174
B,impostor,0.3207
B,impostor,0.2968
B,impostor,0.1570
B,impostor,0.3019
B,impostor,0.1894
B,impostor,0.2760
B,impostor,0.2346
B,impostor,0.3307
B,impostor,0.3763
B,impostor,0.3051
B,impostor,0.3332
B,impostor,0.3022
B,impostor,0.2167
B,impostor,0.3092
B,impostor,0.3220
B,impostor,0.3248
B,impostor,0.3567
B,impostor,0.3164
B,impostor,0.5513
B,impostor,0.3218
B,impostor,0.4375
B,impostor,0.2560
B,impostor,0.3777
B,impostor,0.2810
B,impostor,0.1837
B,impostor,0.2419
B,impostor,0.2543
B,impostor,0.1688
B,impostor,0.3130
B,impostor,0.3023
B,impostor,0.0543
B,impostor,0.3709
B,impostor,0.2715
B,impostor,0.2996
B,impostor,0.3254
B,impostor,0.2350
B,impostor,0.2409
B,impostor,0.2810
B,impostor,0.3258
B,impostor,0.2265
B,impostor,0.2141
B,impostor,0.1752
B,impostor,0.2431
B,impostor,0.2035
B,impostor,0.4025
B,impostor,0.3290
B,impostor,0.4931
B,impostor,0.2572
B,impostor,0.3632
B,impostor,0.2395
B,impostor,0.2767
B,impostor,0.2673
B,impostor,0.3331
B,impostor,0.3076
B,impostor,0.3108
B,impostor,0.2723
B,impostor,0.2889
B,impostor,0.2255
B,impostor,0.2917
B,impostor,0.3745
B,impostor,0.4268
B,impostor,0.2684
B,impostor,0.2953
B,impostor,0.6410
B,impostor,0.3289
B,impostor,0.2667
B,impostor,0.3165
B,impostor,0.2710
B,impostor,0.2312
B,impostor,0.3678
B,impostor,0.2531
B,impostor,0.3387
B,impostor,0.3336
B,impostor,0.1696
B,impostor,0.2563
B,impostor,0.2599
B,impostor,0.3786
B,impostor,0.3229
B,impostor,0.2883
B,impostor,0.5293
B,impostor,0.3497
B,impostor,0.2834
B,impostor,0.2225
B,impostor,0.2447
B,impostor,0.1588
B,impostor,0.3251
B,impostor,0.2887
B,impostor,0.2679
B,impostor,0.2648
B,impostor,0.2924
B,impostor,0.3707
B,impostor,0.2698
B,impostor,0.2960
B,impostor,0.3534
B,impostor,0.2926
B,impostor,0.2617
B,impostor,0.2045
B,impostor,0.2823
B,impostor,0.2900
B,impostor,0.3608
B,impostor,0.2661
B,impostor,0.3303
B,impostor,0.2199
B,impostor,0.2918
B,impostor,0.1572
B,impostor,0.2302
B,impostor,0.2473
B,impostor,0.2082
B,impostor,0.3521
B,impostor,0.2075
B,impostor,0.2664
B,impostor,0.3531
B,impostor,0.3059
B,impostor,0.2430
B,impostor,0.2679
B,impostor,0.4423
B,impostor,0.3252
B,impostor,0.1721
B,impostor,0.4507
B,impostor,0.2203
B,impostor,0.5468
B,impostor,0.3441
B,impostor,0.3108
B,impostor,0.3431
B,impostor,0.2913
B,impostor,0.2352
B,impostor,0.3633
B,impostor,0.2750
B,impostor,0.4821
B,impostor,0.3081
B,impostor,0.2458
B,impostor,0.2436
B,impostor,0.3351
B,impostor,0.3239
B,impostor,0.2441
B,impostor,0.3600
B,impostor,0.3571
B,impostor,0.3496
B,impostor,0.2943
B,impostor,0.2821
B,impostor,0.2722
B,impostor,0.3167
B,impostor,0.3013
B,impostor,0.3164
B,impostor,0.2830
B,impostor,0.5721
B,impostor,0.4025
B,impostor,0.3539
B,impostor,0.2955
B,impostor,0.2924
B,impostor,0.3009
B,impostor,0.2798
B,impostor,0.1792
B,impostor,0.3822
B,impostor,0.2841
B,impostor,0.2897
B,impostor,0.2285
B,impostor,0.3589
B,impostor,0.2389
B,impostor,0.3347
B,impostor,0.2247
B,impostor,0.2456
B,impostor,0.2164
B,impostor,0.3723
B,impostor,0.2735
B,impostor,0.3389
B,impostor,0.4011
B,impostor,0.2346
B,impostor,0.3898
B,impostor,0.1987
B,impostor,0.3771
B,impostor,0.3300
B,impostor,0.2128
B,impostor,0.2633
B,impostor,0.1521
B,impostor,0.2551
B,impostor,0.2752
B,impostor,0.2803
B,impostor,0.2706
B,impostor,0.2488
B,impostor,0.2403
B,impostor,0.3078
B,impostor,0.2013
B,impostor,0.2989
B,impostor,0.2472
B,impostor,0.3032
B,impostor,0.2543
B,impostor,0.2657
B,impostor,0.2193
B,impostor,0.3660
B,impostor,0.2559
B,impostor,0.2390
B,impostor,0.2878
B,impostor,0.2955
B,impostor,0.2682
B,impostor,0.2568
B,impostor,0.2973
B,impostor,0.3149
B,impostor,0.2475
B,impostor,0.2927
B,impostor,0.2883
B,impostor,0.2860
B,impostor,0.2022
B,impostor,0.2727
B,impostor,0.3338
B,impostor,0.3180
B,impostor,0.5549
B,impostor,0.3660
B,impostor,0.2219
B,impostor,0.3292
B,impostor,0.2894
B,impostor,0.2094
B,impostor,0.1543
B,impostor,0.3071
B,impostor,0.2636
B,impostor,0.3414
B,impostor,0.2649
B,impostor,0.1921
B,impostor,0.3590
B,impostor,0.2764
B,impostor,0.2833
B,impostor,0.2487
B,impostor,0.3529
B,impostor,0.3886
B,impostor,0.2703
B,impostor,0.3404
B,impostor,0.2297
B,impostor,0.2329
B,impostor,0.2530
B,impostor,0.3102
B,impostor,0.2455
B,impostor,0.2107
B,impostor,0.3530
B,impostor,0.2220
B,impostor,0.2833
B,impostor,0.3268
B,impostor,0.1959
B,impostor,0.3868
B,impostor,0.2976
B,impostor,0.2889
B,impostor,0.1975
B,impostor,0.3439
B,impostor,0.2804
B,impostor,0.2471
B,impostor,0.2222
B,impostor,0.3799
B,impostor,0.2424
B,impostor,0.2211
B,impostor,0.2716
B,impostor,0.2230
B,impostor,0.2664
B,impostor,0.1161
B,impostor,0.2466
B,impostor,0.3101
B,impostor,0.2816
B,impostor,0.2958
B,impostor,0.2820
B,impostor,0.1901
B,impostor,0.2594
B,impostor,0.2530
B,impostor,0.3127
B,impostor,0.2604
B,impostor,0.2946
B,impostor,0.3281
B,impostor,0.2333
B,impostor,0.3955
B,impostor,0.1716
B,impostor,0.2761
B,impostor,0.3217
B,impostor,0.1739
B,impostor,0.3346
B,impostor,0.2326
B,impostor,0.2479
B,impostor,0.2626
B,impostor,0.3618
B,impostor,0.3383
B,impostor,0.3013
B,impostor,0.2614
B,impostor,0.3111
B,impostor,0.3773
B,impostor,0.7301
B,impostor,0.2272
B,impostor,0.2156
B,impostor,0.2605
B,impostor,0.2244
B,impostor,0.2018
B,impostor,0.3133
B,impostor,0.2035
B,impostor,0.2493
B,impostor,0.2595
B,impostor,0.3032
B,impostor,0.3118
B,impostor,0.2255
B,impostor,0.2210
B,impostor,0.2642
B,impostor,0.2427
B,impostor,0.2238
B,impostor,0.2110
B,impostor,0.2508
B,impostor,0.2666
B,impostor,0.2687
B,impostor,0.2672
B,impostor,0.2159
B,impostor,0.2333
B,impostor,0.3500
B,impostor,0.1472
B,impostor,0.2149
B,impostor,0.2890
B,impostor,0.1729
B,impostor,0.4237
B,impostor,0.1784
B,impostor,0.2753
B,impostor,0.2893
B,impostor,0.2337
B,impostor,0.1689
B,impostor,0.1918
B,impostor,0.2456
B,impostor,0.2959
B,impostor,0.2383
B,impostor,0.3286
B,impostor,0.3263
B,impostor,0.2319
B,impostor,0.3885
B,impostor,0.2451
B,impostor,0.3063
B,impostor,0.2424
B,impostor,0.1126
B,impostor,0.2742
B,impostor,0.3406
B,impostor,0.3053
B,impostor,0.2070
B,impostor,0.2360
B,impostor,0.3521
B,impostor,0.2770
B,impostor,0.2666
B,impostor,0.1043
B,impostor,0.2994
B,impostor,0.3432
B,impostor,0.2454
B,impostor,0.2670
B,impostor,0.1896
B,impostor,0.3280
B,impostor,0.2591
B,impostor,0.3897
B,impostor,0.2504
B,impostor,0.2758
B,impostor,0.3675
B,impostor,0.3735
B,impostor,0.5884
B,impostor,0.2051
B,impostor,0.1639
B,impostor,0.2944
B,impostor,0.2628
B,impostor,0.2454
B,impostor,0.3260
B,impostor,0.1819
B,impostor,0.3593
B,impostor,0.4063
B,impostor,0.2288
B,impostor,0.3221
B,impostor,0.3437
B,impostor,0.2729
B,impostor,0.1382
B,impostor,0.2859
B,impostor,0.2791
B,impostor,0.3599
B,impostor,0.1169
B,impostor,0.2812
B,impostor,0.3190
B,impostor,0.3126
B,impostor,0.2493
B,impostor,0.2574
B,impostor,0.2711
B,impostor,0.3427
B,impostor,0.3629
B,impostor,0.3510
B,impostor,0.3224
B,impostor,0.2739
B,impostor,0.3705
B,impostor,0.2348
B,impostor,0.2589
B,impostor,0.2770
B,impostor,0.3957
B,impostor,0.4184
B,impostor,0.2445
B,impostor,0.1471
B,impostor,0.2442
B,impostor,0.3070
B,impostor,0.3269
B,impostor,0.3107
B,impostor,0.2739
B,impostor,0.4154
B,impostor,0.2258
B,impostor,0.2608
B,impostor,0.2680
B,impostor,0.2708
B,impostor,0.1946
B,impostor,0.3332
B,impostor,0.1347
B,impostor,0.3625
B,impostor,0.1463
B,impostor,0.2466
B,impostor,0.3235
B,impostor,0.2929
B,impostor,0.2711
B,impostor,0.2907
B,impostor,0.2090
B,impostor,0.3591
B,impostor,0.2986
B,impostor,0.3017
B,impostor,0.3385
B,impostor,0.3898
B,impostor,0.2287
B,impostor,0.2196
B,impostor,0.3790
B,impostor,0.3503
B,impostor,0.3399
B,impostor,0.2690
B,impostor,0.2979
B,impostor,0.3259
B,impostor,0.2842
B,impostor,0.3017
B,impostor,0.3650
B,impostor,0.2656
B,impostor,0.1684
B,impostor,0.2594
B,impostor,0.3158
B,impostor,0.2548
B,impostor,0.2623
B,impostor,0.2757
B,impostor,0.2061
B,impostor,0.2717
B,impostor,0.1868
B,impostor,0.2047
B,impostor,0.2751
B,impostor,0.3286
B,impostor,0.3527
B,impostor,0.2510
B,impostor,0.2317
B,impostor,0.3235
B,impostor,0.6065
B,impostor,0.2241
B,impostor,0.2954
B,impostor,0.3405
B,impostor,0.2866
B,impostor,0.2936
B,impostor,0.2376
B,impostor,0.2876
B,impostor,0.2261
B,impostor,0.3184
B,impostor,0.2502
B,impostor,0.1592
B,impostor,0.2258
B,impostor,0.3555
B,impostor,0.2965
B,impostor,0.2490
B,impostor,0.3794
B,impostor,0.1390
B,impostor,0.2489
B,impostor,0.2913
B,impostor,0.3754
B,impostor,0.2152
B,impostor,0.3308
B,impostor,0.2124
B,impostor,0.2539
B,impostor,0.2556
B,impostor,0.3279
B,impostor,0.1685
B,impostor,0.3741
B,impostor,0.1925
B,impostor,0.2145
B,impostor,0.2281
B,impostor,0.3201
B,impostor,0.1917
B,impostor,0.2629
B,impostor,0.2663
B,impostor,0.2567
B,impostor,0.3254
B,impostor,0.3090
B,impostor,0.3382
B,impostor,0.2234
B,impostor,0.2703
B,impostor,0.2611
B,impostor,0.2188
B,impostor,0.2387
B,impostor,0.3538
B,impostor,0.2830
B,impostor,0.2689
B,impostor,0.2421
B,impostor,0.2719
B,impostor,0.2843
B,impostor,0.2892
B,impostor,0.2280
B,impostor,0.2211
B,impostor,0.3158
B,impostor,0.3079
B,impostor,0.2999
B,impostor,0.6161
B,impostor,0.2287
B,impostor,0.2188
B,impostor,0.2536
B,impostor,0.3016
B,impostor,0.2977
B,impostor,0.2597
B,impostor,0.3379
B,impostor,0.3445
B,impostor,0.3485
B,impostor,0.3030
B,impostor,0.2269
B,impostor,0.2634
B,impostor,0.3319
B,impostor,0.3508
B,impostor,0.3164
B,impostor,0.3370
B,impostor,0.3172
B,impostor,0.2151
B,impostor,0.2125
B,impostor,0.2530
B,impostor,0.3677
B,impostor,0.2762
B,impostor,0.2120
B,impostor,0.4240
B,impostor,0.3237
B,impostor,0.3480
B,impostor,0.2857
B,impostor,0.3096
B,impostor,0.2091
B,impostor,0.2765
B,impostor,0.3257
B,impostor,0.3083
B,impostor,0.2297
B,impostor,0.2447
B,impostor,0.3380
B,impostor,0.4110
B,impostor,0.4444
B,impostor,0.2887
B,impostor,0.2932
B,impostor,0.3259
B,impostor,0.3780
B,impostor,0.2540
B,impostor,0.3649
B,impostor,0.2913
B,impostor,0.2808
B,impostor,0.3748
B,impostor,0.3050
B,impostor,0.3496
B,impostor,0.3116
B,impostor,0.2031
B,impostor,0.2562
B,impostor,0.2250
B,impostor,0.2726
B,impostor,0.3157
B,impostor,0.2017
B,impostor,0.2007
B,impostor,0.2918
B,impostor,0.1753
B,impostor,0.3132
B,impostor,0.2560
B,impostor,0.2554
B,impostor,0.2174
B,impostor,0.2765
B,impostor,0.3268
B,impostor,0.2148
B,impostor,0.2202
B,impostor,0.3264
B,impostor,0.2951
B,impostor,0.2877
B,impostor,0.2331
B,impostor,0.2647
B,impostor,0.3159
B,impostor,0.3242
B,impostor,0.2488
B,impostor,0.4007
B,impostor,0.2472
B,impostor,0.2708
B,impostor,0.2441
B,impostor,0.2684
B,impostor,0.2195
B,impostor,0.4555
B,impostor,0.2716
B,impostor,0.2581
B,impostor,0.3120
B,impostor,0.2570
B,impostor,0.3271
B,impostor,0.4868
B,impostor,0.3038
B,impostor,0.6278
B,impostor,0.3841
B,impostor,0.2850
B,impostor,0.3315
B,impostor,0.3301
B,impostor,0.2223
B,impostor,0.3062
B,impostor,0.2998
B,impostor,0.2911
B,impostor,0.4144
B,impostor,0.3193
B,impostor,0.3146
B,impostor,0.2909
B,impostor,0.3783
B,impostor,0.2889
B,impostor,0.2742
B,impostor,0.3536
B,impostor,0.3359
B,impostor,0.3469
B,impostor,0.3943
B,impostor,0.3859
B,impostor,0.2856
B,impostor,0.2653
B,impostor,0.2417
B,impostor,0.2561
B,impostor,0.1704
B,impostor,0.3659
B,impostor,0.5420
B,impostor,0.2583
B,impostor,0.2327
B,impostor,0.3957
B,impostor,0.2867
B,impostor,0.3103
B,impostor,0.7106
B,impostor,0.3699
B,impostor,0.4492
B,impostor,0.2734
B,impostor,0.2189
B,impostor,0.3048
B,impostor,0.2147
B,impostor,0.2149
B,impostor,0.2495
B,impostor,0.2644
B,impostor,0.4312
B,impostor,0.3131
B,impostor,0.2511
B,impostor,0.1914
B,impostor,0.3454
B,impostor,0.2281
B,impostor,0.2350
B,impostor,0.2895
B,impostor,0.2331
B,impostor,0.2468
B,impostor,0.2525
B,impostor,0.3020
B,impostor,0.2411
B,impostor,0.2569
B,impostor,0.2696
B,impostor,0.2697
B,impostor,0.3492
B,impostor,0.1783
B,impostor,0.3536
B,impostor,0.2166
B,impostor,0.3025
B,impostor,0.2899
B,impostor,0.3992
B,impostor,0.3036
B,impostor,0.2385
B,impostor,0.2575
B,impostor,0.3294
B,impostor,0.6531
B,impostor,0.4043
B,impostor,0.2058
B,impostor,0.2352
B,impostor,0.2658
B,impostor,0.3187
B,impostor,0.2694
B,impostor,0.3941
B,impostor,0.2674
B,impostor,0.2248
B,impostor,0.5163
B,impostor,0.1986
B,impostor,0.3064
B,impostor,0.2029
B,impostor,0.2761
B,impostor,0.3335
B,impostor,0.2088
B,impostor,0.2565
B,impostor,0.1805
B,impostor,0.3018
B,impostor,0.3392
B,impostor,0.2241
B,impostor,0.2852
B,impostor,0.2941
B,impostor,0.2647
B,impostor,0.2893
B,impostor,0.3588
B,impostor,0.2962
B,impostor,0.2816
B,impostor,0.4935
B,impostor,0.3195
B,impostor,0.2645
B,impostor,0.2082
B,impostor,0.1683
B,impostor,0.2508
B,impostor,0.2832
B,impostor,0.2976
B,impostor,0.3093
B,impostor,0.3192
B,impostor,0.2614
B,impostor,0.5576
B,impostor,0.2223
B,impostor,0.2652
B,impostor,0.3360
B,impostor,0.2400
B,impostor,0.1903
B,impostor,0.1489
B,impostor,0.2935
B,impostor,0.1427
B,impostor,0.2030
B,impostor,0.2861
B,impostor,0.2730
B,impostor,0.2954
B,impostor,0.3649
B,impostor,0.2890
B,impostor,0.2154
B,impostor,0.2201
B,impostor,0.3137
B,impostor,0.3668
B,impostor,0.2898
B,impostor,0.1666
B,impostor,0.2442
B,impostor,0.1743
B,impostor,0.2600
B,impostor,0.3376
B,impostor,0.2235
B,impostor,0.3885
B,impostor,0.2879
B,impostor,0.2126
B,impostor,0.1925
B,impostor,0.1934
B,impostor,0.3549
B,impostor,0.2655
B,impostor,0.2986
B,impostor,0.2502
B,impostor,0.1837
B,impostor,0.3766
B,impostor,0.2831
B,impostor,0.2369
B,impostor,0.3243
B,impostor,0.2255
B,impostor,0.2887
B,impostor,0.3007
B,impostor,0.2893
B,impostor,0.3920
B,impostor,0.2889
B,impostor,0.2902
B,impostor,0.3069
B,impostor,0.2953
B,impostor,0.2953
B,impostor,0.2576
B,impostor,0.3708
B,impostor,0.2246
B,impostor,0.2168
B,impostor,0.2755
B,impostor,0.3694
B,impostor,0.2249
B,impostor,0.2776
B,impostor,0.2629
B,impostor,0.3600
B,impostor,0.1720
B,impostor,0.2893
B,impostor,0.3209
B,impostor,0.2644
B,impostor,0.2667
B,impostor,0.2229
B,impostor,0.2852
B,impostor,0.2979
B,impostor,0.2093
B,impostor,0.6240
B,impostor,0.1866
B,impostor,0.3447
B,impostor,0.3059
B,impostor,0.2622
B,impostor,0.2565
B,impostor,0.1792
B,impostor,0.2371
B,impostor,0.2861
B,impostor,0.2104
B,impostor,0.3255
B,impostor,0.3489
B,impostor,0.3009
B,impostor,0.1473
B,impostor,0.3304
B,impostor,0.2211
B,impostor,0.1942
B,impostor,0.2539
B,impostor,0.3353
B,impostor,0.2897
B,impostor,0.2136
B,impostor,0.3417
B,impostor,0.2546
B,impostor,0.3564
B,impostor,0.2841
B,impostor,0.2847
B,impostor,0.3083
B,impostor,0.3275
B,impostor,0.3496
B,impostor,0.2992
B,impostor,0.3020
B,impostor,0.1556
B,impostor,0.2565
B,impostor,0.2418
B,impostor,0.2488
B,impostor,0.2291
B,impostor,0.2231
B,impostor,0.2682
B,impostor,0.2653
B,impostor,0.2093
B,impostor,0.1497
B,impostor,0.2133
B,impostor,0.1928
B,impostor,0.3420
B,impostor,0.3311
B,impostor,0.2506
B,impostor,0.3031
B,impostor,0.1954
B,impostor,0.2376
B,impostor,0.2399
B,impostor,0.2620
B,impostor,0.3804
B,impostor,0.2496
B,impostor,0.3300
B,impostor,0.2592
B,impostor,0.2916
B,impostor,0.3116
B,impostor,0.2903
B,impostor,0.2506
B,impostor,0.2821
B,impostor,0.2865
B,impostor,0.2578
B,impostor,0.2629
B,impostor,0.2906
B,impostor,0.3175
B,impostor,0.6289
B,impostor,0.2234
B,impostor,0.6096
B,impostor,0.3625
B,impostor,0.3207
B,impostor,0.1739
B,impostor,0.3124
B,impostor,0.4206
B,impostor,0.3471
B,impostor,0.3293
B,impostor,0.4110
B,impostor,0.2699
B,impostor,0.2598
B,impostor,0.2449
B,impostor,0.2744
B,impostor,0.2814
B,impostor,0.3493
B,impostor,0.2782
B,impostor,0.1614
B,impostor,0.2704
B,impostor,0.3548
B,impostor,0.2625
B,impostor,0.2930
B,impostor,0.4331
B,impostor,0.2340
B,impostor,0.2487
B,impostor,0.2746
B,impostor,0.2953
B,impostor,0.2962
B,impostor,0.3939
B,impostor,0.2883
B,impostor,0.2957
B,impostor,0.1853
B,impostor,0.2759
B,impostor,0.3286
B,impostor,0.4155
B,impostor,0.2839
B,impostor,0.3584
B,impostor,0.3633
B,impostor,0.3942
B,impostor,0.4247
B,impostor,0.1831
B,impostor,0.2854
B,impostor,0.3413
B,impostor,0.3090
B,impostor,0.2045
B,impostor,0.5213
B,impostor,0.3235
B,impostor,0.2153
B,impostor,0.3545
B,impostor,0.3698
B,impostor,0.1683
B,impostor,0.2964
B,impostor,0.2583
B,impostor,0.3077
B,impostor,0.3070
B,impostor,0.2082
B,impostor,0.2514
B,impostor,0.2599
B,impostor,0.2792
B,impostor,0.2216
B,impostor,0.2455
B,impostor,0.3323
B,impostor,0.3102
B,impostor,0.2977
B,impostor,0.3112
B,impostor,0.3120
B,impostor,0.2913
B,impostor,0.2178
B,impostor,0.2048
B,impostor,0.2929
B,impostor,0.3499
B,impostor,0.2540
B,impostor,0.2923
B,impostor,0.2378
B,impostor,0.2297
B,impostor,0.2638
B,impostor,0.3475
B,impostor,0.2750
B,impostor,0.2774
B,impostor,0.1414
B,impostor,0.2343
B,impostor,0.2392
B,impostor,0.2081
B,impostor,0.5468
B,impostor,0.0516
B,impostor,0.2851
B,impostor,0.2892
B,impostor,0.2356
B,impostor,0.2154
B,impostor,0.2108
B,impostor,0.2805
B,impostor,0.1797
B,impostor,0.3675
B,impostor,0.2912
B,impostor,0.3061
B,impostor,0.3277
B,impostor,0.3093
B,impostor,0.3346
B,impostor,0.3727
B,impostor,0.2263
B,impostor,0.1737
B,impostor,0.1901
B,impostor,0.2305
B,impostor,0.4134
B,impostor,0.2598
B,impostor,0.2678
B,impostor,0.2849
B,impostor,0.2355
B,impostor,0.3128
B,impostor,0.2733
B,impostor,0.1570
B,impostor,0.3287
B,impostor,0.2841
B,impostor,0.3560
B,impostor,0.2823
B,impostor,0.1998
B,impostor,0.3275
B,impostor,0.2816
B,impostor,0.3661
B,impostor,0.2324
B,impostor,0.2922
B,impostor,0.3409
B,impostor,0.1920
B,impostor,0.6758
B,impostor,0.3291
B,impostor,0.3171
B,impostor,0.2721
B,impostor,0.2451
B,impostor,0.2831
B,impostor,0.1746
B,impostor,0.2881
B,impostor,0.1447
B,impostor,0.3194
B,impostor,0.2332
B,impostor,0.3173
B,impostor,0.3273
B,impostor,0.2413
B,impostor,0.3064
B,impostor,0.2799
B,impostor,0.2314
B,impostor,0.2417
B,impostor,0.2163
B,impostor,0.2669
B,impostor,0.3399
B,impostor,0.2809
B,impostor,0.2427
B,impostor,0.3388
B,impostor,0.3944
B,impostor,0.2796
B,impostor,0.3518
B,impostor,0.2666
B,impostor,0.2449
B,impostor,0.2725
B,impostor,0.1926
B,impostor,0.3530
B,impostor,0.2991
B,impostor,0.2889
B,impostor,0.2653
B,impostor,0.2884
B,impostor,0.2925
B,impostor,0.2564
B,impostor,0.2588
B,impostor,0.2494
B,impostor,0.2071
B,impostor,0.2974
B,impostor,0.1646
B,impostor,0.3405
B,impostor,0.2548
B,impostor,0.2631
B,impostor,0.3101
B,impostor,0.2137
B,impostor,0.3421
B,impostor,0.3160
B,impostor,0.2490
B,impostor,0.3091
B,impostor,0.3392
B,impostor,0.3441
B,impostor,0.1524
B,impostor,0.2318
B,impostor,0.3241
B,impostor,0.2500
B,impostor,0.2943
B,impostor,0.2043
B,impostor,0.2533
B,impostor,0.3225
B,impostor,0.2457
B,impostor,0.1705
B,impostor,0.2139
B,impostor,0.3258
B,impostor,0.2415
B,impostor,0.3390
B,impostor,0.5460
B,impostor,0.2680
B,impostor,0.3413
B,impostor,0.3383
B,impostor,0.2333
B,impostor,0.1651
B,impostor,0.3912
B,impostor,0.2210
B,impostor,0.2808
B,impostor,0.4759
B,impostor,0.3526
B,impostor,0.2436
B,impostor,0.2772
B,impostor,0.1944
B,impostor,0.2913
B,impostor,0.3148
B,impostor,0.2867
B,impostor,0.3734
B,impostor,0.3031
B,impostor,0.3165
B,impostor,0.1401
B,impostor,0.3262
B,impostor,0.2193
B,impostor,0.2737
B,impostor,0.2888
B,impostor,0.3294
B,impostor,0.4066
B,impostor,0.2779
B,impostor,0.3117
B,impostor,0.3270
B,impostor,0.3268
B,impostor,0.2332
B,impostor,0.2942
B,impostor,0.2834
B,impostor,0.6480
B,impostor,0.2753
B,impostor,0.3523
B,impostor,0.3036
B,impostor,0.2918
B,impostor,0.2640
B,impostor,0.1979
B,impostor,0.2323
B,impostor,0.1743
B,impostor,0.2520
B,impostor,0.2654
B,impostor,0.3189
B,impostor,0.3019
B,impostor,0.2498
B,impostor,0.2495
B,impostor,0.2273
B,impostor,0.4842
B,impostor,0.3023
B,impostor,0.3892
B,impostor,0.2824
B,impostor,0.2911
B,impostor,0.3277
B,impostor,0.2244
B,impostor,0.3478
B,impostor,0.2682
B,impostor,0.2683
B,impostor,0.2329
B,impostor,0.3087
B,impostor,0.2267
B,impostor,0.2090
B,impostor,0.2187
B,impostor,0.2382
B,impostor,0.2393
B,impostor,0.2286
B,impostor,0.2972
B,impostor,0.3366
B,impostor,0.1670
B,impostor,0.2819
B,impostor,0.2830
B,impostor,0.2914
B,impostor,0.2500
B,impostor,0.3979
B,impostor,0.3663
B,impostor,0.1899
B,impostor,0.2964
B,impostor,0.2835
B,impostor,0.2844
B,impostor,0.3398
B,impostor,0.2298
B,impostor,0.3455
B,impostor,0.2293
B,impostor,0.3224
B,impostor,0.3024
B,impostor,0.3404
B,impostor,0.3178
B,impostor,0.3037
B,impostor,0.2134
B,impostor,0.2565
B,impostor,0.3908
B,impostor,0.2313
B,impostor,0.2884
B,impostor,0.2263
B,impostor,0.4963
B,impostor,0.2500
B,impostor,0.2834
B,impostor,0.2326
B,impostor,0.3756
B,impostor,0.1956
B,impostor,0.2839
B,impostor,0.2854
B,impostor,0.3652
B,impostor,0.1925
B,impostor,0.2689
B,impostor,0.2565
B,impostor,0.2497
B,impostor,0.3023
B,impostor,0.3722
B,impostor,0.3229
B,impostor,0.3360
B,impostor,0.2229
B,impostor,0.3996
B,impostor,0.2682
B,impostor,0.2923
B,impostor,0.2937
B,impostor,0.3370
B,impostor,0.3594
B,impostor,0.1835
B,impostor,0.3566
B,impostor,0.3041
B,impostor,0.2303
B,impostor,0.2798
B,impostor,0.2668
B,impostor,0.2517
B,impostor,0.3953
B,impostor,0.1709
B,impostor,0.3004
B,impostor,0.2703
B,impostor,0.2755
B,impostor,0.2893
B,impostor,0.3449
B,impostor,0.3587
B,impostor,0.2354
B,impostor,0.2794
B,impostor,0.3151
B,impostor,0.3395
B,impostor,0.1940
B,impostor,0.2988
B,impostor,0.3617
B,impostor,0.2325
B,impostor,0.2645
B,impostor,0.2366
B,impostor,0.2971
B,impostor,0.1516
B,impostor,0.2328
B,impostor,0.2069
B,impostor,0.3450
B,impostor,0.1990
B,impostor,0.3286
B,impostor,0.1949
B,impostor,0.1691
B,impostor,0.2605
B,impostor,0.1830
B,impostor,0.3567
B,impostor,0.2833
B,impostor,0.3529
B,impostor,0.3210
B,impostor,0.5509
B,impostor,0.3370
B,impostor,0.2009
B,impostor,0.3049
B,impostor,0.2425
B,impostor,0.3258
B,impostor,0.3596
B,impostor,0.2742
B,impostor,0.2004
B,impostor,0.3834
B,impostor,0.2875
B,impostor,0.1863
B,impostor,0.3772
B,impostor,0.3270
B,impostor,0.3357
B,impostor,0.2485
B,impostor,0.3870
B,impostor,0.2895
B,impostor,0.1743
B,impostor,0.4524
B,impostor,0.3040
B,impostor,0.2342
B,impostor,0.2916
B,impostor,0.2269
B,impostor,0.2490
B,impostor,0.2298
B,impostor,0.1830
B,impostor,0.2728
B,impostor,0.2916
B,impostor,0.2473
B,impostor,0.3375
B,impostor,0.3678
B,impostor,0.2525
B,impostor,0.3165
B,impostor,0.3072
B,impostor,0.6830
B,impostor,0.2195
B,impostor,0.4100
B,impostor,0.2546
B,impostor,0.2621
B,impostor,0.2481
B,impostor,0.2110
B,impostor,0.2482
B,impostor,0.2806
B,impostor,0.3389
B,impostor,0.3352
B,impostor,0.1798
B,impostor,0.1986
B,impostor,0.1866
B,impostor,0.2033
B,impostor,0.2297
B,impostor,0.3227
B,impostor,0.3036
B,impostor,0.2316
B,impostor,0.3404
B,impostor,0.3311
B,impostor,0.2711
B,impostor,0.3367
B,impostor,0.1925
B,impostor,0.3852
B,impostor,0.2753
B,impostor,0.2809
B,impostor,0.3747
B,impostor,0.2416
B,impostor,0.1655
B,impostor,0.2612
B,impostor,0.3998
B,impostor,0.2387
B,impostor,0.1734
B,impostor,0.3926
B,impostor,0.3559
B,impostor,0.2330
B,impostor,0.3295
B,impostor,0.3161
B,impostor,0.2240
B,impostor,0.5361
B,impostor,0.2819
B,impostor,0.2600
B,impostor,0.3316
B,impostor,0.3802
B,impostor,0.3140
B,impostor,0.2952
B,impostor,0.3267
B,impostor,0.2910
B,impostor,0.2571
B,impostor,0.2681
B,impostor,0.3352
B,impostor,0.2842
B,impostor,0.3304
B,impostor,0.3105
B,impostor,0.2244
B,impostor,0.2204
B,impostor,0.2916
B,impostor,0.3038
B,impostor,0.2054
B,impostor,0.1711
B,impostor,0.2634
B,impostor,0.2858
B,impostor,0.3386
B,impostor,0.2902
B,impostor,0.2948
B,impostor,0.3226
B,impostor,0.1498
B,impostor,0.2838
B,impostor,0.3101
B,impostor,0.5610
B,impostor,0.2163
B,impostor,0.2146
B,impostor,0.4051
B,impostor,0.2322
B,impostor,0.3671
B,impostor,0.3056
B,impostor,0.3625
B,impostor,0.2448
B,impostor,0.3047
B,impostor,0.2537
B,impostor,0.2617
B,impostor,0.2948
B,impostor,0.3537
B,impostor,0.3067
B,impostor,0.3977
B,impostor,0.2715
B,impostor,0.1868
B,impostor,0.5210
B,impostor,0.3130
B,impostor,0.2126
B,impostor,0.2210
B,impostor,0.3066
B,impostor,0.1720
B,impostor,0.3202
B,impostor,0.2769
B,impostor,0.2087
B,impostor,0.2996
B,impostor,0.3479
B,impostor,0.2783
B,impostor,0.1917
B,impostor,0.3209
B,impostor,0.3979
B,impostor,0.3839
B,impostor,0.2296
B,impostor,0.3613
B,impostor,0.4240
B,impostor,0.3245
B,impostor,0.2053
B,impostor,0.2030
B,impostor,0.2088
B,impostor,0.2605
B,impostor,0.2753
B,impostor,0.2081
B,impostor,0.2506
B,impostor,0.2331
B,impostor,0.2158
B,impostor,0.2502
B,impostor,0.2156
B,impostor,0.2886
B,impostor,0.2413
B,impostor,0.2480
B,impostor,0.2793
B,impostor,0.2641
B,impostor,0.2148
B,impostor,0.2702
B,impostor,0.1543
B,impostor,0.5287
B,impostor,0.3544
B,impostor,0.2938
B,impostor,0.2134
B,impostor,0.1907
B,impostor,0.3345
B,impostor,0.2431
B,impostor,0.3139
B,impostor,0.3790
B,impostor,0.2835
B,impostor,0.2932
B,impostor,0.3627
B,impostor,0.6396
B,impostor,0.2259
B,impostor,0.3593
B,impostor,0.3334
B,impostor,0.2926
B,impostor,0.2816
B,impostor,0.3686
B,impostor,0.2443
B,impostor,0.2824
B,impostor,0.3799
B,impostor,0.3103
B,impostor,0.2591
B,impostor,0.2992
B,impostor,0.2527
B,impostor,0.3706
B,impostor,0.3175
B,impostor,0.2355
B,impostor,0.3118
B,impostor,0.3569
B,impostor,0.2131
B,impostor,0.3279
B,impostor,0.2695
B,impostor,0.4455
B,impostor,0.2216
B,impostor,0.2760
B,impostor,0.3457
B,impostor,0.2219
B,impostor,0.2454
B,impostor,0.3262
B,impostor,0.3850
B,impostor,0.2555
B,impostor,0.7487
B,impostor,0.3436
B,impostor,0.2103
B,impostor,0.2103
B,impostor,0.5659
B,impostor,0.1597
B,impostor,0.3921
B,impostor,0.3059
B,impostor,0.3100
B,impostor,0.2936
B,impostor,0.2528
B,impostor,0.3194
B,impostor,0.3267
B,impostor,0.3087
B,impostor,0.2553
B,impostor,0.2829
B,impostor,0.2256
B,impostor,0.2926
B,impostor,0.3625
B,impostor,0.3054
B,impostor,0.6289
B,impostor,0.2255
B,impostor,0.3310
B,impostor,0.2294
B,impostor,0.2361
B,impostor,0.3464
B,impostor,0.1935
B,impostor,0.3734
B,impostor,0.2687
B,impostor,0.3217
B,impostor,0.2716
B,impostor,0.1898
B,impostor,0.2161
B,impostor,0.2941
B,impostor,0.2276
B,impostor,0.1279
B,impostor,0.2239
B,impostor,0.2370
B,impostor,0.2948
B,impostor,0.2778
B,impostor,0.3467
B,impostor,0.3279
B,impostor,0.2785
B,impostor,0.1928
B,impostor,0.1863
B,impostor,0.2954
B,impostor,0.2266
B,impostor,0.3746
B,impostor,0.2490
B,impostor,0.2817
B,impostor,0.2803
B,impostor,0.2473
B,impostor,0.2977
B,impostor,0.2822
B,impostor,0.2613
B,impostor,0.3118
B,impostor,0.2483
B,impostor,0.2537
B,impostor,0.2250
B,impostor,0.3337
B,impostor,0.3258
B,impostor,0.2451
B,impostor,0.3010
B,impostor,0.3702
B,impostor,0.2518
B,impostor,0.3151
B,impostor,0.2169
B,impostor,0.3296
B,impostor,0.3210
B,impostor,0.3004
B,impostor,0.4846
B,impostor,0.3678
B,impostor,0.2726
B,impostor,0.2437
B,impostor,0.3414
B,impostor,0.4351
B,impostor,0.3914
B,impostor,0.2933
B,impostor,0.2894
B,impostor,0.3154
B,impostor,0.2789
B,impostor,0.2713
B,impostor,0.3991
B,impostor,0.1946
B,impostor,0.3790
B,impostor,0.2755
B,impostor,0.2889
B,impostor,0.2935
B,impostor,0.3068
B,impostor,0.2110
B,impostor,0.3574
B,impostor,0.3982
B,impostor,0.3564
B,impostor,0.2250
B,impostor,0.3853
B,impostor,0.2236
B,impostor,0.6946
B,impostor,0.3221
B,impostor,0.2347
B,impostor,0.2104
B,impostor,0.3517
B,impostor,0.2960
B,impostor,0.2718
B,impostor,0.2987
B,impostor,0.3043
B,impostor,0.3204
B,impostor,0.2467
B,impostor,0.2526
B,impostor,0.2608
B,impostor,0.3081
B,impostor,0.2157
B,impostor,0.3641
B,impostor,0.2231
B,impostor,0.4485
B,impostor,0.2062
B,impostor,0.7064
B,impostor,0.2408
B,impostor,0.3428
B,impostor,0.2336
B,impostor,0.1674
B,impostor,0.3230
B,impostor,0.2118
B,impostor,0.2840
B,impostor,0.2404
B,impostor,0.3373
B,impostor,0.3207
B,impostor,0.2930
B,impostor,0.4589
B,impostor,0.1337
B,impostor,0.2337
B,impostor,0.2433
B,impostor,0.2142
B,impostor,0.3096
B,impostor,0.2335
B,impostor,0.2315
B,impostor,0.3798
B,impostor,0.2420
B,impostor,0.2611
B,impostor,0.2598
B,impostor,0.3498
B,impostor,0.1424
B,impostor,0.1543
B,impostor,0.3297
B,impostor,0.2531
B,impostor,0.2447
B,impostor,0.3072
B,impostor,0.2081
B,impostor,0.3778
B,impostor,0.0939
B,impostor,0.2863
B,impostor,0.2086
B,impostor,0.3363
B,impostor,0.2315
B,impostor,0.2735
B,impostor,0.3456
B,impostor,0.4553
B,impostor,0.3041
B,impostor,0.3200
B,impostor,0.2535
B,impostor,0.2716
B,impostor,0.2705
B,impostor,0.1902
B,impostor,0.2361
B,impostor,0.1408
B,impostor,0.1681
B,impostor,0.2012
B,impostor,0.2627
B,impostor,0.3182
B,impostor,0.2831
B,impostor,0.3184
B,impostor,0.2360
B,impostor,0.2119
B,impostor,0.2585
B,impostor,0.2557
B,impostor,0.1946
B,impostor,0.3149
B,impostor,0.3377
B,impostor,0.3064
B,impostor,0.3376
B,impostor,0.3541
B,impostor,0.6106
B,impostor,0.2741
B,impostor,0.2110
B,impostor,0.2351
B,impostor,0.2075
B,impostor,0.2448
B,impostor,0.3211
B,impostor,0.3578
B,impostor,0.3036
B,impostor,0.3137
B,impostor,0.1477
B,impostor,0.3042
B,impostor,0.3205
B,impostor,0.2569
B,impostor,0.3096
B,impostor,0.3613
B,impostor,0.2146
B,impostor,0.2640
B,impostor,0.2637
B,impostor,0.3303
B,impostor,0.2336
B,impostor,0.3559
B,impostor,0.2780
B,impostor,0.2544
B,impostor,0.3299
B,impostor,0.3798
B,impostor,0.1492
B,impostor,0.2017
B,impostor,0.2836
B,impostor,0.2978
B,impostor,0.3240
B,impostor,0.2499
B,impostor,0.2927
B,impostor,0.3523
B,impostor,0.4352
B,impostor,0.2895
B,impostor,0.2731
B,impostor,0.2525
B,impostor,0.3700
B,impostor,0.3881
B,impostor,0.3002
B,impostor,0.3173
B,impostor,0.3258
B,impostor,0.2345
B,impostor,0.3207
B,impostor,0.2011
B,impostor,0.2668
B,impostor,0.2565
B,impostor,0.2848
B,impostor,0.1943
B,impostor,0.2884
B,impostor,0.2540
B,impostor,0.2924
B,impostor,0.2086
B,impostor,0.2022
B,impostor,0.3168
B,impostor,0.2918
B,impostor,0.2647
B,impostor,0.3522
B,impostor,0.2003
B,impostor,0.2808
B,impostor,0.1858
B,impostor,0.2318
B,impostor,0.3157
B,impostor,0.2521
B,impostor,0.6331
B,impostor,0.3486
B,impostor,0.2902
B,impostor,0.3150
B,impostor,0.2426
B,impostor,0.3802
B,impostor,0.3935
B,impostor,0.1824
B,impostor,0.2467
B,impostor,0.2829
B,impostor,0.1959
B,impostor,0.2333
B,impostor,0.3851
B,impostor,0.3630
B,impostor,0.4323
B,impostor,0.3804
B,impostor,0.1740
B,impostor,0.1951
B,impostor,0.2428
B,impostor,0.2558
B,impostor,0.3244
B,impostor,0.5339
B,impostor,0.2663
B,impostor,0.2942
B,impostor,0.2842
B,impostor,0.2725
B,impostor,0.2555
B,impostor,0.2800
B,impostor,0.2344
B,impostor,0.2278
B,impostor,0.2844
B,impostor,0.3693
B,impostor,0.3306
B,impostor,0.1141
B,impostor,0.2807
B,impostor,0.6513
B,impostor,0.2543
B,impostor,0.2224
B,impostor,0.2421
B,impostor,0.1545
B,impostor,0.2982
B,impostor,0.3071
B,impostor,0.2873
B,impostor,0.2398
B,impostor,0.2211
B,impostor,0.3549
B,impostor,0.6389
B,impostor,0.2798
B,impostor,0.3271
B,impostor,0.2094
B,impostor,0.1575
B,impostor,0.2584
B,impostor,0.3655
B,impostor,0.3226
B,impostor,0.1794
B,impostor,0.2909
B,impostor,0.2565
B,impostor,0.1959
B,impostor,0.1998
B,impostor,0.3527
B,impostor,0.1939
B,impostor,0.2565
B,impostor,0.2753
B,impostor,0.2547
B,impostor,0.2613
B,impostor,0.3765
B,impostor,0.3442
B,impostor,0.3729
B,impostor,0.2595
B,impostor,0.3521
B,impostor,0.2199
B,impostor,0.3288
B,impostor,0.3146
B,impostor,0.2523
B,impostor,0.2388
B,impostor,0.3000
B,impostor,0.1832
B,impostor,0.2248
B,impostor,0.2701
B,impostor,0.2937
B,impostor,0.2160
B,impostor,0.2686
B,impostor,0.2096
B,impostor,0.2501
B,impostor,0.3292
B,impostor,0.3092
B,impostor,0.2086
B,impostor,0.2966
B,impostor,0.3205
B,impostor,0.2788
B,impostor,0.2993
B,impostor,0.3315
B,impostor,0.3391
B,impostor,0.2890
B,impostor,0.2697
B,impostor,0.2839
B,impostor,0.2197
B,impostor,0.2493
B,impostor,0.3374
B,impostor,0.2717
B,impostor,0.2906
B,impostor,0.2788
B,impostor,0.2322
B,impostor,0.2749
B,impostor,0.3331
B,impostor,0.2631
B,impostor,0.3512
B,impostor,0.2665
B,impostor,0.3476
B,impostor,0.2045
B,impostor,0.2628
B,impostor,0.2098
B,impostor,0.2893
B,impostor,0.3491
B,impostor,0.2468
B,impostor,0.3466
B,impostor,0.2971
B,impostor,0.2110
B,impostor,0.3376
B,impostor,0.2621
B,impostor,0.4145
B,impostor,0.2727
B,impostor,0.3177
B,impostor,0.3301
B,impostor,0.2739
B,impostor,0.2376
B,impostor,0.2835
B,impostor,0.4116
B,impostor,0.3563
B,impostor,0.2401
B,impostor,0.4064
B,impostor,0.2980
B,impostor,0.3491
B,impostor,0.2510
B,impostor,0.2454
B,impostor,0.2968
B,impostor,0.3625
B,impostor,0.3281
B,impostor,0.2851
B,impostor,0.3120
B,impostor,0.3410
B,impostor,0.2363
B,impostor,0.3210
B,impostor,0.3191
B,impostor,0.2226
B,impostor,0.2546
B,impostor,0.2450
B,impostor,0.3394
B,impostor,0.2836
B,impostor,0.3337
B,impostor,0.2986
B,impostor,0.2315
B,impostor,0.3219
B,impostor,0.3243
B,impostor,0.3255
B,impostor,0.3262
B,impostor,0.3355
B,impostor,0.2682
B,impostor,0.3018
B,impostor,0.2807
B,impostor,0.1976
B,impostor,0.2155
B,impostor,0.2805
B,impostor,0.3575
B,impostor,0.3438
B,impostor,0.3053
B,impostor,0.3054
B,impostor,0.4485
B,impostor,0.2994
B,impostor,0.3395
B,impostor,0.6014
B,impostor,0.2578
B,impostor,0.3775
B,impostor,0.2375
B,impostor,0.4393
B,impostor,0.3337
B,impostor,0.2182
B,impostor,0.2587
B,impostor,0.5588
B,impostor,0.2672
B,impostor,0.1481
B,impostor,0.2428
B,impostor,0.3564
B,impostor,0.2113
B,impostor,0.2837
B,impostor,0.1650
B,impostor,0.2187
B,impostor,0.3051
B,impostor,0.2216
B,impostor,0.3425
B,impostor,0.1907
B,impostor,0.2387
B,impostor,0.2292
B,impostor,0.3094
B,impostor,0.2679
B,impostor,0.2839
B,impostor,0.2803
B,impostor,0.3233
B,impostor,0.2965
B,impostor,0.2676
B,impostor,0.2988
B,impostor,0.2946
B,impostor,0.4401
B,impostor,0.2246
B,impostor,0.2945
B,impostor,0.3250
B,impostor,0.3807
B,impostor,0.4048
B,impostor,0.3134
B,impostor,0.2122
B,impostor,0.2800
B,impostor,0.3375
B,impostor,0.3439
B,impostor,0.2960
B,impostor,0.3190
B,impostor,0.2593
B,impostor,0.3566
B,impostor,0.2809
B,impostor,0.3254
B,impostor,0.3580
B,impostor,0.6498
B,impostor,0.2329
B,impostor,0.1818
B,impostor,0.3403
B,impostor,0.2881
B,impostor,0.3599
B,impostor,0.3290
B,impostor,0.3807
B,impostor,0.2241
B,impostor,0.2339
B,impostor,0.2272
B,impostor,0.3030
B,impostor,0.2401
B,impostor,0.2480
B,impostor,0.2503
B,impostor,0.3378
B,impostor,0.2165
B,impostor,0.3296
B,impostor,0.3300
B,impostor,0.2967
B,impostor,0.2590
B,impostor,0.2883
B,impostor,0.3167
B,impostor,0.2936
B,impostor,0.2645
B,impostor,0.3031
B,impostor,0.3082
B,impostor,0.2259
B,impostor,0.2005
B,impostor,0.1329
B,impostor,0.2984
B,impostor,0.2239
B,impostor,0.3123
B,impostor,0.2496
B,impostor,0.3136
B,impostor,0.2895
B,impostor,0.1799
B,impostor,0.2492
B,impostor,0.2819
B,impostor,0.2487
B,impostor,0.2662
B,impostor,0.3375
B,impostor,0.3052
B,impostor,0.2769
B,impostor,0.2874
B,impostor,0.2239
B,impostor,0.2962
B,impostor,0.2862
B,impostor,0.2854
B,impostor,0.1977
B,impostor,0.2563
B,impostor,0.1415
B,impostor,0.2891
B,impostor,0.2168
B,impostor,0.0899
B,impostor,0.3584
B,impostor,0.3248
B,impostor,0.2424
B,impostor,0.2206
B,impostor,0.3182
B,impostor,0.2308
B,impostor,0.2344
B,impostor,0.3035
B,impostor,0.2609
B,impostor,0.2118
B,impostor,0.2383
B,impostor,0.2861
B,impostor,0.3246
B,impostor,0.2914
B,impostor,0.2555
B,impostor,0.3201
B,impostor,0.3094
B,impostor,0.1973
B,impostor,0.3486
B,impostor,0.1648
B,impostor,0.2852
B,impostor,0.2155
B,impostor,0.2580
B,impostor,0.2979
B,impostor,0.4155
B,impostor,0.1835
B,impostor,0.2010
B,impostor,0.3348
B,impostor,0.2814
B,impostor,0.2350
B,impostor,0.3187
B,impostor,0.2823
B,impostor,0.3040
B,impostor,0.3092
B,impostor,0.2634
B,impostor,0.4164
B,impostor,0.2122
B,impostor,0.2899
B,impostor,0.2296
B,impostor,0.1506
B,impostor,0.2069
B,impostor,0.3492
B,impostor,0.3056
B,impostor,0.2856
B,impostor,0.2976
B,impostor,0.3560
B,impostor,0.5148
B,impostor,0.2980
B,impostor,0.2670
B,impostor,0.2681
B,impostor,0.2935
B,impostor,0.1934
B,impostor,0.2518
B,impostor,0.3638
B,impostor,0.3531
B,impostor,0.3228
B,impostor,0.2860
B,impostor,0.3194
B,impostor,0.2338
B,impostor,0.3513
B,impostor,0.2789
B,impostor,0.1621
B,impostor,0.3300
B,impostor,0.2408
B,impostor,0.2773
B,impostor,0.3602
B,impostor,0.3246
B,impostor,0.1960
B,impostor,0.3217
B,impostor,0.3092
B,impostor,0.3502
B,impostor,0.3074
B,impostor,0.1375
B,impostor,0.4039
B,impostor,0.3157
B,impostor,0.2668
B,impostor,0.2044
B,impostor,0.3021
B,impostor,0.2276
B,impostor,0.2508
B,impostor,0.2282
B,impostor,0.2657
B,impostor,0.2714
B,impostor,0.3082
B,impostor,0.5818
B,impostor,0.3620
B,impostor,0.3539
B,impostor,0.2254
B,impostor,0.2998
B,impostor,0.2862
B,impostor,0.1529
B,impostor,0.3572
B,impostor,0.4408
B,impostor,0.3239
B,impostor,0.2971
B,impostor,0.2718
B,impostor,0.2318
B,impostor,0.3172
B,impostor,0.2948
B,impostor,0.2604
B,impostor,0.2745
B,impostor,0.1967
B,impostor,0.1245
B,impostor,0.2945
B,impostor,0.2717
B,impostor,0.2259
B,impostor,0.3942
B,impostor,0.3143
B,impostor,0.3182
B,impostor,0.1781
B,impostor,0.2193
B,impostor,0.1818
B,impostor,0.2901
B,impostor,0.2381
B,impostor,0.3879
B,impostor,0.2998
B,impostor,0.2946
B,impostor,0.2956
B,impostor,0.3257
B,impostor,0.3155
B,impostor,0.2702
B,impostor,0.3265
B,impostor,0.3307
B,impostor,0.3299
B,impostor,0.2633
B,impostor,0.3396
B,impostor,0.3370
B,impostor,0.1956
B,impostor,0.2384
B,impostor,0.5640
B,impostor,0.2566
B,impostor,0.2551
B,impostor,0.2093
B,impostor,0.1808
B,impostor,0.3251
B,impostor,0.2255
B,impostor,0.2767
B,impostor,0.3295
B,impostor,0.2952
B,impostor,0.2168
B,impostor,0.2271
B,impostor,0.2157
B,impostor,0.2498
B,impostor,0.3482
B,impostor,0.4298
B,impostor,0.2945
B,impostor,0.2689
B,impostor,0.3151
B,impostor,0.2313
B,impostor,0.2976
B,impostor,0.5275
B,impostor,0.6497
B,impostor,0.6327
B,impostor,0.3389
B,impostor,0.2876
B,impostor,0.2250
B,impostor,0.2983
B,impostor,0.3172
B,impostor,0.3062
B,impostor,0.2895
B,impostor,0.5548
B,impostor,0.2933
B,impostor,0.2271
B,impostor,0.3072
B,impostor,0.3372
B,impostor,0.3151
B,impostor,0.2853
B,impostor,0.3679
B,impostor,0.2780
B,impostor,0.1565
B,impostor,0.1919
B,impostor,0.2359
B,impostor,0.2504
B,impostor,0.2240
B,impostor,0.3426
B,impostor,0.2297
B,impostor,0.2760
B,impostor,0.2679
B,impostor,0.2610
B,impostor,0.2568
B,impostor,0.3459
B,impostor,0.2581
B,impostor,0.3931
B,impostor,0.2840
B,impostor,0.2760
B,impostor,0.2422
B,impostor,0.3216
B,impostor,0.3063
B,impostor,0.3130
B,impostor,0.3141
B,impostor,0.2577
B,impostor,0.3035
B,impostor,0.2645
B,impostor,0.3265
B,impostor,0.3151
B,impostor,0.2579
B,impostor,0.2375
B,impostor,0.2833
B,impostor,0.3535
B,impostor,0.3303
B,impostor,0.2120
B,impostor,0.3052
B,impostor,0.2520
B,impostor,0.2370
B,impostor,0.5393
B,impostor,0.2747
B,impostor,0.3523
B,impostor,0.3635
B,impostor,0.3598
B,impostor,0.4193
B,impostor,0.3039
B,impostor,0.2251
B,impostor,0.2511
B,impostor,0.3000
B,impostor,0.2678
B,impostor,0.1790
B,impostor,0.2971
B,impostor,0.3491
B,impostor,0.2418
B,impostor,0.2038
B,impostor,0.3065
B,impostor,0.2146
B,impostor,0.4783
B,impostor,0.3366
B,impostor,0.3059
B,impostor,0.2319
B,impostor,0.3107
B,impostor,0.1663
B,impostor,0.2263
B,impostor,0.3392
B,impostor,0.3795
B,impostor,0.2935
B,impostor,0.1659
B,impostor,0.2784
B,impostor,0.2882
B,impostor,0.2729
B,impostor,0.2332
B,impostor,0.2763
B,impostor,0.3609
B,impostor,0.1351
B,impostor,0.2270
B,impostor,0.2845
B,impostor,0.2403
B,impostor,0.2584
B,impostor,0.3105
B,impostor,0.2350
B,impostor,0.2415
B,impostor,0.2380
B,impostor,0.2250
B,impostor,0.3862
B,impostor,0.3104
B,impostor,0.3200
B,impostor,0.3594
B,impostor,0.2644
B,impostor,0.3752
B,impostor,0.2245
B,impostor,0.2255
B,impostor,0.3056
B,impostor,0.2556
B,impostor,0.3554
B,impostor,0.2400
B,impostor,0.2720
B,impostor,0.2908
B,impostor,0.5799
B,impostor,0.2261
B,impostor,0.2658
B,impostor,0.2273
B,impostor,0.3720
B,impostor,0.2526
B,impostor,0.2058
B,impostor,0.2199
B,impostor,0.3127
B,impostor,0.2918
B,impostor,0.3541
B,impostor,0.3208
B,impostor,0.1446
B,impostor,0.4169
B,impostor,0.3084
B,impostor,0.3203
B,impostor,0.1990
B,impostor,0.4133
B,impostor,0.2698
B,impostor,0.3519
B,impostor,0.2987
B,impostor,0.3366
B,impostor,0.3431
B,impostor,0.2344
B,impostor,0.3005
B,impostor,0.2817
B,impostor,0.3054
B,impostor,0.2763
B,impostor,0.3917
B,impostor,0.3240
B,impostor,0.2951
B,impostor,0.1556
B,impostor,0.2719
B,impostor,0.3497
B,impostor,0.1542
B,impostor,0.3534
B,impostor,0.2933
B,impostor,0.2655
B,impostor,0.2494
B,impostor,0.2197
B,impostor,0.3347
B,impostor,0.3538
B,impostor,0.2314
B,impostor,0.1841
B,impostor,0.3102
B,impostor,0.3393
B,impostor,0.1690
B,impostor,0.3178
B,impostor,0.3353
B,impostor,0.3189
B,impostor,0.3209
B,impostor,0.2958
B,impostor,0.3454
B,impostor,0.2453
B,impostor,0.3381
B,impostor,0.2184
B,impostor,0.3476
B,impostor,0.3140
B,impostor,0.2347
B,impostor,0.2867
B,impostor,0.3144
B,impostor,0.3148
B,impostor,0.3604
B,impostor,0.4083
B,impostor,0.3228
B,impostor,0.6259
B,impostor,0.2958
B,impostor,0.1788
B,impostor,0.2286
B,impostor,0.1983
B,impostor,0.2426
B,impostor,0.2809
B,impostor,0.2001
B,impostor,0.2229
B,impostor,0.3320
B,impostor,0.2381
B,impostor,0.2045
B,impostor,0.2545
B,impostor,0.4163
B,impostor,0.3668
B,impostor,0.2907
B,impostor,0.2799
B,impostor,0.5757
B,impostor,0.3098
B,impostor,0.2671
B,impostor,0.2259
B,impostor,0.3852
B,impostor,0.2335
B,impostor,0.2329
B,impostor,0.2296
B,impostor,0.2423
B,impostor,0.2482
B,impostor,0.2632
B,impostor,0.3041
B,impostor,0.3469
B,impostor,0.1670
B,impostor,0.1307
B,impostor,0.3589
B,impostor,0.2574
B,impostor,0.3124
B,impostor,0.2734
B,impostor,0.2324
B,impostor,0.2455
B,impostor,0.2856
B,impostor,0.2596
B,impostor,0.2403
B,impostor,0.3668
B,impostor,0.3193
B,impostor,0.3544
B,impostor,0.2291
B,impostor,0.2751
B,impostor,0.3064
B,impostor,0.3358
B,impostor,0.3256
B,impostor,0.2715
B,impostor,0.2790
B,impostor,0.2694
B,impostor,0.2299
B,impostor,0.2820
B,impostor,0.3142
B,impostor,0.2577
B,impostor,0.2162
B,impostor,0.1952
B,impostor,0.2719
B,impostor,0.2532
B,impostor,0.2309
B,impostor,0.3234
B,impostor,0.3110
B,impostor,0.3496
B,impostor,0.2501
B,impostor,0.3095
B,impostor,0.3287
B,impostor,0.2570
B,impostor,0.2876
B,impostor,0.2005
B,impostor,0.1099
B,impostor,0.3726
B,impostor,0.3279
B,impostor,0.2120
B,impostor,0.5133
B,impostor,0.2959
B,impostor,0.2382
B,impostor,0.2317
B,impostor,0.2969
B,impostor,0.2820
B,impostor,0.3893
B,impostor,0.2750
B,impostor,0.2237
B,impostor,0.3408
B,impostor,0.3697
B,impostor,0.2660
B,impostor,0.3532
B,impostor,0.2428
B,impostor,0.3241
B,impostor,0.2884
B,impostor,0.3297
B,impostor,0.3723
B,impostor,0.2226
B,impostor,0.3289
B,impostor,0.3384
B,impostor,0.2970
B,impostor,0.3205
B,impostor,0.2155
B,impostor,0.3173
B,impostor,0.3295
B,impostor,0.1499
B,impostor,0.2670
B,impostor,0.3195
B,impostor,0.2446
B,impostor,0.3183
B,impostor,0.2761
B,impostor,0.2499
B,impostor,0.2471
B,impostor,0.1843
B,impostor,0.1460
B,impostor,0.6100
B,impostor,0.2514
B,impostor,0.2820
B,impostor,0.2597
B,impostor,0.2971
B,impostor,0.2713
B,impostor,0.1823
B,impostor,0.2333
B,impostor,0.2140
B,impostor,0.3001
B,impostor,0.3078
B,impostor,0.3262
B,impostor,0.3523
B,impostor,0.3309
B,impostor,0.3300
B,impostor,0.3048
B,impostor,0.3201
B,impostor,0.3221
B,impostor,0.2927
B,impostor,0.1979
B,impostor,0.3879
B,impostor,0.3007
B,impostor,0.2739
B,impostor,0.3175
B,impostor,0.2628
B,impostor,0.3414
B,impostor,0.3048
B,impostor,0.1646
B,impostor,0.2485
B,impostor,0.1902
B,impostor,0.2049
B,impostor,0.2569
B,impostor,0.2941
B,impostor,0.3198
B,impostor,0.2885
B,impostor,0.3032
B,impostor,0.2867
B,impostor,0.2971
B,impostor,0.3315
B,impostor,0.2470
B,impostor,0.1998
B,impostor,0.3400
B,impostor,0.2686
B,impostor,0.3444
B,impostor,0.2968
B,impostor,0.3221
B,impostor,0.1854
B,impostor,0.1614
B,impostor,0.4631
B,impostor,0.2725
B,impostor,0.3725
B,impostor,0.2959
B,impostor,0.2527
B,impostor,0.2724
B,impostor,0.3004
B,impostor,0.2857
B,impostor,0.3558
B,impostor,0.3380
B,impostor,0.3241
B,impostor,0.3365
B,impostor,0.2024
B,impostor,0.1886
B,impostor,0.2222
B,impostor,0.2929
B,impostor,0.3186
B,impostor,0.2279
B,impostor,0.2774
B,impostor,0.3236
B,impostor,0.2883
B,impostor,0.2129
B,impostor,0.3080
B,impostor,0.2612
B,impostor,0.3927
B,impostor,0.3572
B,impostor,0.2055
B,impostor,0.3681
B,impostor,0.3850
B,impostor,0.2568
B,impostor,0.2727
B,impostor,0.3032
B,impostor,0.2090
B,impostor,0.6727
B,impostor,0.3327
B,impostor,0.3311
B,impostor,0.2008
B,impostor,0.3617
B,impostor,0.3667
B,impostor,0.2820
B,impostor,0.3875
B,impostor,0.4255
B,impostor,0.4630
B,impostor,0.2360
B,impostor,0.2317
B,impostor,0.2368
B,impostor,0.1775
B,impostor,0.2400
B,impostor,0.2314
B,impostor,0.2307
B,impostor,0.3461
B,impostor,0.3156
B,impostor,0.2925
B,impostor,0.3428
B,impostor,0.2814
B,impostor,0.3250
B,impostor,0.2774
B,impostor,0.3193
B,impostor,0.1829
B,impostor,0.2531
B,impostor,0.3259
B,impostor,0.3076
B,impostor,0.3398
B,impostor,0.2566
B,impostor,0.3208
B,impostor,0.2825
B,impostor,0.1463
B,impostor,0.2593
B,impostor,0.2221
B,impostor,0.3371
B,impostor,0.0999
B,impostor,0.1727
B,impostor,0.2290
B,impostor,0.3207
B,impostor,0.2543
B,impostor,0.2845
B,impostor,0.3907
B,impostor,0.3951
B,impostor,0.2447
B,impostor,0.2267
B,impostor,0.3138
B,impostor,0.3118
B,impostor,0.2279
B,impostor,0.2536
B,impostor,0.3133
B,impostor,0.2902
B,impostor,0.3044
B,impostor,0.2447
B,impostor,0.3074
B,impostor,0.2745
B,impostor,0.3020
B,impostor,0.2949
B,impostor,0.2247
B,impostor,0.2303
B,impostor,0.2241
B,impostor,0.2986
B,impostor,0.3237
B,impostor,0.3073
B,impostor,0.2356
B,impostor,0.2917
B,impostor,0.3162
B,impostor,0.2299
B,impostor,0.3239
B,impostor,0.2916
B,impostor,0.3204
B,impostor,0.2634
B,impostor,0.3033
B,impostor,0.2784
B,impostor,0.3252
B,impostor,0.2428
B,impostor,0.3194
B,impostor,0.1159
B,impostor,0.2124
B,impostor,0.2462
B,impostor,0.3017
B,impostor,0.2268
B,impostor,0.0740
B,impostor,0.2693
B,impostor,0.7314
B,impostor,0.1957
B,impostor,0.2273
B,impostor,0.2668
B,impostor,0.2800
B,impostor,0.2172
B,impostor,0.3436
B,impostor,0.1462
B,impostor,0.3295
B,impostor,0.2584
B,impostor,0.2043
B,impostor,0.4654
B,impostor,0.2375
B,impostor,0.3693
B,impostor,0.2959
B,impostor,0.2860
B,impostor,0.3129
B,impostor,0.3273
B,impostor,0.3580
B,impostor,0.2309
B,impostor,0.3032
B,impostor,0.3887
B,impostor,0.2576
B,impostor,0.2525
B,impostor,0.2618
B,impostor,0.2525
B,impostor,0.3819
B,impostor,0.2937
B,impostor,0.3216
B,impostor,0.2867
B,impostor,0.3495
B,impostor,0.3918
B,impostor,0.3557
B,impostor,0.4379
B,impostor,0.3235
B,impostor,0.3085
B,impostor,0.3236
B,impostor,0.2126
B,impostor,0.2089
B,impostor,0.2237
B,impostor,0.2521
B,impostor,0.3083
B,impostor,0.2539
B,impostor,0.3356
B,impostor,0.3711
B,impostor,0.3214
B,impostor,0.2892
B,impostor,0.3130
B,impostor,0.3184
B,impostor,0.2852
B,impostor,0.3360
B,impostor,0.2672
B,impostor,0.1715
B,impostor,0.1864
B,impostor,0.3080
B,impostor,0.3576
B,impostor,0.2561
B,impostor,0.1963
B,impostor,0.2520
B,impostor,0.1695
B,impostor,0.3634
B,impostor,0.3292
B,impostor,0.2693
B,impostor,0.3272
B,impostor,0.2161
B,impostor,0.3052
B,impostor,0.3308
B,impostor,0.2320
B,impostor,0.3313
B,impostor,0.3004
B,impostor,0.2307
B,impostor,0.2596
B,impostor,0.2913
B,impostor,0.1343
B,impostor,0.2794
B,impostor,0.3712
B,impostor,0.3118
B,impostor,0.6881
B,impostor,0.3169
B,impostor,0.2492
B,impostor,0.3648
B,impostor,0.2912
B,impostor,0.2376
B,impostor,0.2203
B,impostor,0.2879
B,impostor,0.3629
B,impostor,0.1611
B,impostor,0.2126
B,impostor,0.3822
B,impostor,0.1781
B,impostor,0.2197
B,impostor,0.2359
B,impostor,0.3303
B,impostor,0.2737
B,impostor,0.3409
B,impostor,0.2662
B,impostor,0.3807
B,impostor,0.2248
B,impostor,0.2232
B,impostor,0.3079
B,impostor,0.3342
B,impostor,0.3518
B,impostor,0.2173
B,impostor,0.2611
B,impostor,0.3175
B,impostor,0.3391
B,impostor,0.3346
B,impostor,0.2714
B,impostor,0.3565
B,impostor,0.3142
B,impostor,0.2170
B,impostor,0.3686
B,impostor,0.3614
B,impostor,0.1495
B,impostor,0.2874
B,impostor,0.2479
B,impostor,0.3146
B,impostor,0.2105
B,impostor,0.3303
B,impostor,0.3516
B,impostor,0.2634
B,impostor,0.5567
B,impostor,0.3214
B,impostor,0.3271
B,impostor,0.1837
B,impostor,0.3902
B,impostor,0.2507
B,impostor,0.3206
B,impostor,0.2978
B,impostor,0.3259
B,impostor,0.1802
B,impostor,0.2272
B,impostor,0.2654
B,impostor,0.3061
B,impostor,0.3524
B,impostor,0.3840
B,impostor,0.3589
B,impostor,0.3648
B,impostor,0.3584
B,impostor,0.2827
B,impostor,0.2878
B,impostor,0.2209
B,impostor,0.3352
B,impostor,0.2133
B,impostor,0.2687
B,impostor,0.2588
B,impostor,0.3368
B,impostor,0.2623
B,impostor,0.2778
B,impostor,0.3010
B,impostor,0.3158
B,impostor,0.3035
B,impostor,0.2212
B,impostor,0.7547
B,impostor,0.3434
B,impostor,0.2850
B,impostor,0.1863
B,impostor,0.2335
B,impostor,0.2442
B,impostor,0.2307
B,impostor,0.2305
B,impostor,0.2602
B,impostor,0.3299
B,impostor,0.2347
B,impostor,0.2235
B,impostor,0.3443
B,impostor,0.3986
B,impostor,0.2984
B,impostor,0.2792
B,impostor,0.3148
B,impostor,0.2382
B,impostor,0.3366
B,impostor,0.2616
B,impostor,0.2970
B,impostor,0.6082
B,impostor,0.3025
B,impostor,0.3293
B,impostor,0.2426
B,impostor,0.2300
B,impostor,0.3487
B,impostor,0.2920
B,impostor,0.2576
B,impostor,0.2039
B,impostor,0.1796
B,impostor,0.3817
B,impostor,0.2128
B,impostor,0.2996
B,impostor,0.2174
B,impostor,0.2707
B,impostor,0.3909
B,impostor,0.3077
B,impostor,0.2591
B,impostor,0.3441
B,impostor,0.3224
B,impostor,0.2664
B,impostor,0.2722
B,impostor,0.2718
B,impostor,0.3408
B,impostor,0.3536
B,impostor,0.3105
B,impostor,0.2162
B,impostor,0.3290
B,impostor,0.2185
B,impostor,0.2738
B,impostor,0.2270
B,impostor,0.3187
B,impostor,0.2958
B,impostor,0.2979
B,impostor,0.2613
B,impostor,0.3487
B,impostor,0.4157
B,impostor,0.0818
B,impostor,0.4011
B,impostor,0.3615
B,impostor,0.2966
B,impostor,0.2863
B,impostor,0.2687
B,impostor,0.3490
B,impostor,0.2127
B,impostor,0.3595
B,impostor,0.2929
B,impostor,0.2008
B,impostor,0.2561
B,impostor,0.2964
B,impostor,0.3199
B,impostor,0.2101
B,impostor,0.3157
B,impostor,0.3444
B,impostor,0.1953
B,impostor,0.2506
B,impostor,0.2979
B,impostor,0.2233
B,impostor,0.2712
B,impostor,0.3783
B,impostor,0.2883
B,impostor,0.3772
B,impostor,0.2677
B,impostor,0.1840
B,impostor,0.2222
B,impostor,0.2322
B,impostor,0.1462
B,impostor,0.2740
B,impostor,0.2006
B,impostor,0.2657
B,impostor,0.2371
B,impostor,0.2379
B,impostor,0.3180
B,impostor,0.2736
B,impostor,0.1830
B,impostor,0.1792
B,impostor,0.3543
B,impostor,0.3953
B,impostor,0.2926
B,impostor,0.3799
B,impostor,0.3199
B,impostor,0.5248
B,impostor,0.3359
B,impostor,0.2818
B,impostor,0.2750
B,impostor,0.3765
B,impostor,0.3262
B,impostor,0.3826
B,impostor,0.2479
B,impostor,0.2214
B,impostor,0.2672
B,impostor,0.3072
B,impostor,0.2118
B,impostor,0.3337
B,impostor,0.2827
B,impostor,0.2958
B,impostor,0.2773
B,impostor,0.2283
B,impostor,0.3407
B,impostor,0.3104
B,impostor,0.3758
B,impostor,0.3084
B,impostor,0.2714
B,impostor,0.2299
B,impostor,0.3476
B,impostor,0.2476
B,impostor,0.3105
B,impostor,0.3641
B,impostor,0.2607
B,impostor,0.2782
B,impostor,0.3769
B,impostor,0.2758
B,impostor,0.2505
B,impostor,0.2975
B,impostor,0.2569
B,impostor,0.2642
B,impostor,0.2958
B,impostor,0.3734
B,impostor,0.2604
B,impostor,0.2651
B,impostor,0.3307
B,impostor,0.2641
B,impostor,0.2190
B,impostor,0.3151
B,impostor,0.3003
B,impostor,0.2554
B,impostor,0.1701
B,impostor,0.2798
B,impostor,0.2115
B,impostor,0.2726
B,impostor,0.2894
B,impostor,0.3743
B,impostor,0.3071
B,impostor,0.2778
B,impostor,0.3250
B,impostor,0.4078
B,impostor,0.3166
B,impostor,0.1788
B,impostor,0.1501
B,impostor,0.2874
B,impostor,0.1688
B,impostor,0.2532
B,impostor,0.2676
B,impostor,0.2581
B,impostor,0.2099
B,impostor,0.2799
B,impostor,0.1979
B,impostor,0.3761
B,impostor,0.3520
B,impostor,0.2981
B,impostor,0.3162
B,impostor,0.2479
B,impostor,0.2356
B,impostor,0.3022
B,impostor,0.2534
B,impostor,0.2609
B,impostor,0.1747
B,impostor,0.3852
B,impostor,0.2076
B,impostor,0.3596
B,impostor,0.2758
B,impostor,0.2449
B,impostor,0.3027
B,impostor,0.2539
B,impostor,0.2584
B,impostor,0.3015
B,impostor,0.1622
B,impostor,0.2860
B,impostor,0.2375
B,impostor,0.2525
B,impostor,0.2393
B,impostor,0.1690
B,impostor,0.2806
B,impostor,0.4151
B,impostor,0.3231
B,impostor,0.3713
B,impostor,0.3623
B,impostor,0.3438
B,impostor,0.2692
B,impostor,0.3086
B,impostor,0.1908
B,impostor,0.3328
B,impostor,0.2279
B,impostor,0.3040
B,impostor,0.3382
B,impostor,0.3250
B,impostor,0.3075
B,impostor,0.1884
B,impostor,0.3438
B,impostor,0.2381
B,impostor,0.2814
B,impostor,0.2437
B,impostor,0.2590
B,impostor,0.2778
B,impostor,0.1849
B,impostor,0.3634
B,impostor,0.4147
B,impostor,0.2677
B,impostor,0.2388
B,impostor,0.2622
B,impostor,0.2566
B,impostor,0.3183
B,impostor,0.2465
B,impostor,0.3323
B,impostor,0.3164
B,impostor,0.2145
B,impostor,0.2160
B,impostor,0.3863
B,impostor,0.3802
B,impostor,0.6086
B,impostor,0.1355
B,impostor,0.3571
B,impostor,0.2447
B,impostor,0.2127
B,impostor,0.2657
B,impostor,0.2124
B,impostor,0.3637
B,impostor,0.2563
B,impostor,0.2464
B,impostor,0.2322
B,impostor,0.3276
B,impostor,0.2821
B,impostor,0.3227
B,impostor,0.3617
B,impostor,0.2723
B,impostor,0.4022
B,impostor,0.1955
B,impostor,0.2860
B,impostor,0.1489
B,impostor,0.2395
B,impostor,0.2705
B,impostor,0.2480
B,impostor,0.2865
B,impostor,0.3037
B,impostor,0.3425
B,impostor,0.1640
B,impostor,0.2518
B,impostor,0.2462
B,impostor,0.2550
B,impostor,0.3437
B,impostor,0.2225
B,impostor,0.3723
B,impostor,0.2598
B,impostor,0.2911
B,impostor,0.2966
B,impostor,0.6435
B,impostor,0.2665
B,impostor,0.3429
B,impostor,0.2191
B,impostor,0.3154
B,impostor,0.3978
B,impostor,0.2294
B,impostor,0.3203
B,impostor,0.3308
B,impostor,0.3324
B,impostor,0.2452
B,impostor,0.2929
B,impostor,0.2888
B,impostor,0.2335
B,impostor,0.2827
B,impostor,0.2306
B,impostor,0.2979
B,impostor,0.1767
B,impostor,0.2573
B,impostor,0.1885
B,impostor,0.2574
B,impostor,0.2456
B,impostor,0.3210
B,impostor,0.4144
B,impostor,0.1876
B,impostor,0.2757
B,impostor,0.2997
B,impostor,0.4810
B,impostor,0.2179
B,impostor,0.3088
B,impostor,0.2317
B,impostor,0.3286
B,impostor,0.2898
B,impostor,0.2248
B,impostor,0.3266
B,impostor,0.2564
B,impostor,0.2880
B,impostor,0.3122
B,impostor,0.2712
B,impostor,0.3640
B,impostor,0.2501
B,impostor,0.3234
B,impostor,0.2867
B,impostor,0.3288
B,impostor,0.1524
B,impostor,0.2179
B,impostor,0.2159
B,impostor,0.2133
B,impostor,0.3336
B,impostor,0.2207
B,impostor,0.2397
B,impostor,0.2371
B,impostor,0.2231
B,impostor,0.6176
B,impostor,0.3640
B,impostor,0.3125
B,impostor,0.2058
B,impostor,0.4543
B,impostor,0.2480
B,impostor,0.3123
B,impostor,0.3448
B,impostor,0.3211
B,impostor,0.3618
B,impostor,0.3503
B,impostor,0.3284
B,impostor,0.2158
B,impostor,0.3507
B,impostor,0.2545
B,impostor,0.3080
B,impostor,0.2772
B,impostor,0.1957
B,impostor,0.2189
B,impostor,0.1923
B,impostor,0.2712
B,impostor,0.2079
B,impostor,0.2321
B,impostor,0.2416
B,impostor,0.5588
B,impostor,0.2669
B,impostor,0.2757
B,impostor,0.3955
B,impostor,0.3550
B,impostor,0.3195
B,impostor,0.3610
B,impostor,0.3190
B,impostor,0.3088
B,impostor,0.2559
B,impostor,0.3227
B,impostor,0.3507
B,impostor,0.3342
B,impostor,0.2625
B,impostor,0.2830
B,impostor,0.2365
B,impostor,0.3159
B,impostor,0.3991
B,impostor,0.2947
B,impostor,0.3464
B,impostor,0.2366
B,impostor,0.2955
B,impostor,0.2952
B,impostor,0.2526
B,impostor,0.4052
B,impostor,0.2248
B,impostor,0.3476
B,impostor,0.2630
B,impostor,0.2886
B,impostor,0.7010
B,impostor,0.2579
B,impostor,0.3424
B,impostor,0.2312
B,impostor,0.2945
B,impostor,0.2161
B,impostor,0.3518
B,impostor,0.2072
B,impostor,0.3286
B,impostor,0.2671
B,impostor,0.3098
B,impostor,0.3601
B,impostor,0.3014
B,impostor,0.2051
B,impostor,0.2779
B,impostor,0.2137
B,impostor,0.2825
B,impostor,0.3514
B,impostor,0.4370
B,impostor,0.2165
B,impostor,0.2678
B,impostor,0.3771
B,impostor,0.2386
B,impostor,0.2733
B,impostor,0.2463
B,impostor,0.4494
B,impostor,0.2071
B,impostor,0.2940
B,impostor,0.2333
B,impostor,0.2501
B,impostor,0.3048
B,impostor,0.5441
B,impostor,0.2995
B,impostor,0.3213
B,impostor,0.2953
B,impostor,0.1549
C,genuine,0.3165
C,genuine,0.1256
C,genuine,0.5654
C,genuine,0.5441
C,genuine,0.1586
C,genuine,0.2339
C,genuine,0.4037
C,genuine,0.4457
C,genuine,0.1635
C,genuine,0.3126
C,genuine,0.3553
C,genuine,0.1952
C,genuine,0.2463
C,genuine,0.3730
C,genuine,0.3027
C,genuine,0.5341
C,genuine,0.2468
C,genuine,0.6427
C,genuine,0.2539
C,genuine,0.3437
C,genuine,0.1700
C,genuine,0.1854
C,genuine,0.0947
C,genuine,0.1250
C,genuine,0.1572
C,genuine,0.1835
C,genuine,0.1724
C,genuine,0.2089
C,genuine,0.3065
C,genuine,0.4174
C,genuine,0.1953
C,genuine,0.3519
C,genuine,0.5311
C,genuine,0.1662
C,genuine,0.1555
C,genuine,0.3179
C,genuine,0.2376
C,genuine,0.4070
C,genuine,0.1963
C,genuine,0.2248
C,genuine,0.4586
C,genuine,0.1239
C,genuine,0.1125
C,genuine,0.2866
C,genuine,0.2400
C,genuine,0.4025
C,genuine,0.2700
C,genuine,0.1219
C,genuine,0.2075
C,genuine,0.6531
C,genuine,0.4990
C,genuine,0.2382
C,genuine,0.3625
C,genuine,0.3915
C,genuine,0.3552
C,genuine,0.5267
C,genuine,0.2585
C,genuine,0.4584
C,genuine,0.3607
C,genuine,0.2958
C,genuine,0.2587
C,genuine,0.2530
C,genuine,0.2843
C,genuine,0.6655
C,genuine,0.1920
C,genuine,0.3623
C,genuine,0.4062
C,genuine,0.4313
C,genuine,0.3898
C,genuine,0.3695
C,genuine,0.2715
C,genuine,0.5223
C,genuine,0.1089
C,genuine,0.4101
C,genuine,0.3561
C,genuine,0.2740
C,genuine,0.2523
C,genuine,0.4463
C,genuine,0.4249
C,genuine,0.6777
C,genuine,0.5443
C,genuine,0.3318
C,genuine,0.0435
C,genuine,0.3036
C,genuine,0.2491
C,genuine,0.1642
C,genuine,0.1673
C,genuine,0.7517
C,genuine,0.5994
C,genuine,0.4594
C,genuine,0.1820
C,genuine,0.2904
C,genuine,0.3834
C,genuine,0.3375
C,genuine,0.1157
C,genuine,0.2916
C,genuine,0.4266
C,genuine,0.2404
C,genuine,0.2516
C,genuine,0.3343
C,genuine,0.1964
C,genuine,0.4270
C,genuine,0.2636
C,genuine,0.1976
C,genuine,0.4925
C,genuine,0.2276
C,genuine,0.2553
C,genuine,0.6229
C,genuine,0.2608
C,genuine,0.4699
C,genuine,0.2637
C,genuine,0.0980
C,genuine,0.6025
C,genuine,0.2601
C,genuine,0.2534
C,genuine,0.2911
C,genuine,0.4642
C,genuine,0.4323
C,genuine,0.1238
C,genuine,0.3922
C,genuine,0.9372
C,genuine,0.2818
C,genuine,0.3318
C,genuine,0.2707
C,genuine,0.3312
C,genuine,0.8296
C,genuine,0.3701
C,genuine,0.3710
C,genuine,0.3289
C,genuine,0.1637
C,genuine,0.5021
C,genuine,0.3440
C,genuine,0.2773
C,genuine,0.1394
C,genuine,0.2348
C,genuine,0.1662
C,genuine,0.3383
C,genuine,0.4124
C,genuine,0.2392
C,genuine,0.4782
C,genuine,0.1574
C,genuine,0.2879
C,genuine,0.1301
C,genuine,0.1922
C,genuine,0.0711
C,genuine,0.2428
C,genuine,0.3281
C,genuine,0.1981
C,genuine,0.2430
C,genuine,0.1805
C,genuine,0.4046
C,genuine,0.2696
C,genuine,0.4669
C,genuine,0.2005
C,genuine,0.2484
C,genuine,0.1932
C,genuine,0.2937
C,genuine,0.1965
C,genuine,0.2195
C,genuine,0.4059
C,genuine,0.3345
C,genuine,0.3174
C,genuine,0.4187
C,genuine,0.5556
C,genuine,0.3572
C,genuine,0.5252
C,genuine,0.1010
C,genuine,0.2089
C,genuine,0.1838
C,genuine,0.2053
C,genuine,0.1940
C,genuine,0.6235
C,genuine,0.0661
C,genuine,0.2291
C,genuine,0.6134
C,genuine,0.1583
C,genuine,0.3526
C,genuine,0.2671
C,genuine,0.2416
C,genuine,0.3960
C,genuine,0.3250
C,genuine,0.2238
C,genuine,0.2150
C,genuine,0.4028
C,genuine,0.2711
C,genuine,0.2998
C,genuine,0.3876
C,genuine,0.2529
C,genuine,0.4129
C,genuine,0.4160
C,genuine,0.3491
C,genuine,0.4303
C,genuine,0.5417
C,genuine,0.3318
C,genuine,0.4188
C,genuine,0.2854
C,genuine,0.3913
C,genuine,0.2344
C,genuine,0.1855
C,genuine,0.3239
C,genuine,0.3234
C,genuine,1.0077
C,genuine,0.2818
C,genuine,0.1077
C,genuine,0.1958
C,genuine,0.2261
C,genuine,0.5880
C,genuine,0.4210
C,genuine,0.3661
C,genuine,0.2718
C,genuine,0.5898
C,genuine,0.1587
C,genuine,0.2576
C,genuine,0.3563
C,genuine,0.2716
C,genuine,0.2791
C,genuine,0.1118
C,genuine,0.2665
C,genuine,0.4759
C,genuine,0.4476
C,genuine,0.3156
C,genuine,0.6099
C,genuine,0.4096
C,genuine,0.1899
C,genuine,0.3672
C,genuine,0.4778
C,genuine,0.4667
C,genuine,0.1044
C,genuine,0.4568
C,genuine,0.4884
C,genuine,0.4542
C,genuine,0.3164
C,genuine,0.3272
C,genuine,0.2983
C,genuine,0.2075
C,genuine,0.6028
C,genuine,0.1136
C,genuine,0.5547
C,genuine,0.2093
C,genuine,0.3160
C,genuine,0.3772
C,genuine,0.7265
C,genuine,0.3680
C,genuine,0.1240
C,genuine,0.3168
C,genuine,0.2950
C,genuine,0.2736
C,genuine,0.4502
C,genuine,0.3350
C,genuine,0.4987
C,genuine,0.3709
C,genuine,0.3447
C,genuine,0.2183
C,genuine,0.1060
C,genuine,0.2092
C,genuine,0.4478
C,genuine,0.5803
C,genuine,0.2797
C,genuine,0.2207
C,genuine,0.3083
C,genuine,0.1817
C,genuine,0.4284
C,genuine,0.2210
C,genuine,0.2411
C,genuine,0.4877
C,genuine,0.3562
C,genuine,0.7332
C,genuine,0.3891
C,genuine,0.2535
C,genuine,0.0769
C,genuine,0.3602
C,genuine,0.4298
C,genuine,0.2059
C,genuine,0.1689
C,genuine,0.3138
C,genuine,0.3663
C,genuine,0.3780
C,genuine,0.2738
C,genuine,0.1820
C,genuine,0.1390
C,genuine,0.3275
C,genuine,0.4008
C,genuine,0.2387
C,genuine,0.1506
C,genuine,0.1270
C,genuine,0.2086
C,genuine,0.0644
C,genuine,0.2477
C,genuine,0.2542
C,genuine,0.4098
C,genuine,0.3385
C,genuine,0.4639
C,genuine,0.3693
C,genuine,0.1548
C,genuine,0.4288
C,genuine,0.7696
C,genuine,0.2019
C,genuine,0.3692
C,genuine,0.4271
C,genuine,0.4762
C,genuine,0.2069
C,genuine,0.2339
C,genuine,0.3787
C,genuine,0.3623
C,genuine,0.3785
C,genuine,0.4421
C,genuine,0.2359
C,genuine,0.1601
C,genuine,0.2684
C,genuine,0.2439
C,genuine,0.4470
C,genuine,0.4705
C,genuine,0.4272
C,genuine,0.0999
C,genuine,0.1634
C,genuine,0.5349
C,genuine,0.2446
C,genuine,0.0422
C,genuine,0.4429
C,genuine,0.7193
C,genuine,0.3538
C,genuine,0.2582
C,genuine,0.2087
C,genuine,0.2809
C,genuine,0.3495
C,genuine,0.6989
C,genuine,0.4117
C,genuine,0.7863
C,genuine,0.3353
C,genuine,0.1241
C,genuine,0.2654
C,genuine,0.4187
C,genuine,0.2428
C,genuine,0.1802
C,genuine,0.7484
C,genuine,0.3948
C,genuine,0.3462
C,genuine,0.3468
C,genuine,0.1637
C,genuine,0.2631
C,genuine,0.5322
C,genuine,0.2575
C,genuine,0.3057
C,genuine,0.2874
C,genuine,0.3181
C,genuine,0.2363
C,genuine,0.4927
C,genuine,0.0783
C,genuine,0.5706
C,genuine,0.5578
C,genuine,0.2812
C,genuine,0.2066
C,genuine,0.3494
C,genuine,0.3281
C,genuine,0.2344
C,genuine,0.3734
C,genuine,0.1429
C,genuine,0.3223
C,genuine,0.1880
C,genuine,0.3320
C,genuine,0.2251
C,genuine,0.6190
C,genuine,0.2067
C,genuine,0.3072
C,genuine,0.5658
C,genuine,0.2702
C,genuine,0.3006
C,genuine,0.8310
C,genuine,0.4522
C,genuine,0.0771
C,genuine,0.2557
C,genuine,0.2829
C,genuine,0.4659
C,genuine,0.2010
C,genuine,0.3694
C,genuine,0.2977
C,genuine,0.2344
C,genuine,0.3724
C,genuine,0.5898
C,genuine,0.4348
C,genuine,1.1153
C,genuine,0.2140
C,genuine,0.4427
C,genuine,0.4147
C,genuine,0.3957
C,genuine,0.3992
C,genuine,0.3655
C,genuine,0.3289
C,genuine,0.4888
C,genuine,0.1854
C,genuine,0.1433
C,genuine,0.3913
C,genuine,0.4638
C,genuine,0.5855
C,genuine,0.2729
C,genuine,0.0328
C,genuine,0.2088
C,genuine,0.4083
C,genuine,0.2137
C,genuine,0.0669
C,genuine,0.1120
C,genuine,0.2517
C,genuine,0.1392
C,genuine,0.1564
C,genuine,0.5130
C,genuine,0.3625
C,genuine,0.1781
C,genuine,0.2413
C,genuine,0.1467
C,genuine,0.3224
C,genuine,0.1901
C,genuine,0.4574
C,genuine,0.1193
C,genuine,0.4033
C,genuine,0.4693
C,genuine,0.2098
C,genuine,0.2671
C,genuine,0.4780
C,genuine,0.6068
C,genuine,0.3098
C,genuine,0.2986
C,genuine,0.3758
C,genuine,0.4299
C,genuine,0.2307
C,genuine,0.3222
C,genuine,0.4804
C,genuine,0.3365
C,genuine,0.4580
C,genuine,0.8493
C,genuine,0.2208
C,genuine,0.2477
C,genuine,0.2822
C,genuine,0.4440
C,genuine,0.0641
C,genuine,0.3920
C,genuine,0.2471
C,genuine,0.3119
C,genuine,0.2003
C,genuine,0.3287
C,genuine,0.2001
C,genuine,0.1744
C,genuine,0.5400
C,genuine,0.2464
C,genuine,0.0943
C,genuine,0.7390
C,genuine,0.2640
C,genuine,0.1857
C,genuine,0.4986
C,genuine,0.0901
C,genuine,0.2894
C,genuine,0.2542
C,genuine,0.1494
C,genuine,0.2741
C,genuine,0.1416
C,genuine,0.7450
C,genuine,0.2155
C,genuine,0.1311
C,genuine,0.1207
C,genuine,0.3767
C,genuine,0.3529
C,genuine,0.3290
C,genuine,0.0602
C,genuine,0.3217
C,genuine,0.1166
C,genuine,0.6575
C,genuine,0.5805
C,genuine,0.2335
C,genuine,0.1641
C,genuine,0.2922
C,genuine,0.2398
C,genuine,0.2075
C,genuine,0.4436
C,genuine,0.2383
C,genuine,0.3956
C,genuine,0.4054
C,genuine,0.2998
C,genuine,0.2175
C,genuine,0.1410
C,genuine,0.3082
C,genuine,0.1565
C,genuine,0.2113
C,genuine,0.2218
C,genuine,0.1229
C,genuine,0.3187
C,genuine,0.0422
C,genuine,0.4046
C,genuine,0.4399
C,genuine,0.1702
C,genuine,0.2658
C,genuine,0.2043
C,genuine,0.2934
C,genuine,0.5030
C,genuine,0.1915
C,genuine,0.2508
C,genuine,0.3932
C,genuine,0.2556
C,genuine,0.1879
C,genuine,0.1894
C,genuine,0.5952
C,genuine,0.3798
C,genuine,0.4919
C,genuine,0.1156
C,genuine,0.2140
C,genuine,0.1723
C,genuine,0.0858
C,genuine,0.3002
C,genuine,0.1532
C,genuine,0.3203
C,genuine,0.3038
C,genuine,0.5639
C,genuine,0.3289
C,genuine,0.1418
C,genuine,0.2464
C,genuine,0.1978
C,genuine,0.4299
C,genuine,0.3451
C,genuine,0.4395
C,genuine,0.1854
C,genuine,0.5078
C,genuine,0.5226
C,genuine,0.3158
C,genuine,0.3850
C,genuine,0.5427
C,genuine,0.2648
C,genuine,0.4308
C,genuine,0.2582
C,genuine,0.2528
C,genuine,0.6876
C,genuine,0.2501
C,genuine,0.2568
C,genuine,0.2145
C,genuine,0.2906
C,genuine,0.4342
C,genuine,0.1917
C,genuine,0.4075
C,genuine,0.3010
C,genuine,0.1465
C,genuine,0.4701
C,genuine,0.3064
C,genuine,0.3405
C,genuine,0.3340
C,genuine,0.0746
C,genuine,0.6344
C,genuine,0.2155
C,genuine,0.1857
C,genuine,0.6119
C,genuine,0.5719
C,genuine,0.2040
C,genuine,0.5050
C,genuine,0.2024
C,genuine,0.4124
C,genuine,0.4048
C,genuine,0.5395
C,genuine,0.1117
C,genuine,0.2529
C,genuine,0.1508
C,genuine,0.3457
C,genuine,0.2239
C,genuine,0.2422
C,genuine,0.3776
C,genuine,0.3542
C,genuine,0.3312
C,genuine,0.1361
C,genuine,0.1942
C,genuine,0.4455
C,genuine,0.2284
C,genuine,0.2487
C,genuine,0.2392
C,genuine,0.5179
C,genuine,0.1564
C,genuine,0.2075
C,genuine,0.1880
C,genuine,0.3054
C,genuine,0.3055
C,genuine,0.2987
C,genuine,0.2613
C,genuine,0.3035
C,genuine,0.3718
C,genuine,0.4990
C,genuine,0.1694
C,genuine,0.2602
C,genuine,0.2567
C,genuine,0.2437
C,genuine,0.2320
C,genuine,0.2938
C,genuine,0.1629
C,genuine,0.4340
C,genuine,0.2458
C,genuine,0.1816
C,genuine,0.2700
C,genuine,0.5032
C,genuine,0.3675
C,genuine,0.4089
C,genuine,0.2060
C,genuine,0.3810
C,genuine,0.4614
C,genuine,0.3902
C,genuine,0.3521
C,genuine,0.1495
C,genuine,0.5701
C,genuine,0.4920
C,genuine,0.7470
C,genuine,0.4067
C,genuine,0.3841
C,genuine,0.2964
C,genuine,0.1944
C,genuine,0.3880
C,genuine,0.4473
C,genuine,0.2204
C,genuine,0.1199
C,genuine,0.2489
C,genuine,0.3841
C,genuine,0.0918
C,genuine,0.1920
C,genuine,0.3346
C,genuine,0.3550
C,genuine,0.2685
C,genuine,0.6168
C,genuine,0.3655
C,genuine,0.7411
C,genuine,0.3875
C,genuine,0.2086
C,genuine,0.6997
C,genuine,0.3304
C,genuine,0.1892
C,genuine,0.1868
C,genuine,0.4604
C,genuine,0.4391
C,genuine,0.2077
C,genuine,0.3830
C,genuine,0.1651
C,genuine,0.2562
C,genuine,0.5000
C,genuine,0.2590
C,genuine,0.4109
C,genuine,0.1017
C,genuine,0.2881
C,genuine,0.4659
C,genuine,0.2742
C,genuine,0.4619
C,genuine,0.7616
C,genuine,0.0664
C,genuine,0.4156
C,genuine,0.2255
C,genuine,0.0713
C,genuine,0.6374
C,genuine,0.4458
C,genuine,0.3782
C,genuine,0.1649
C,genuine,0.0853
C,genuine,0.7883
C,genuine,0.2092
C,genuine,0.2897
C,genuine,0.1755
C,genuine,0.2504
C,genuine,0.2737
C,genuine,1.0314
C,genuine,0.2738
C,genuine,0.1228
C,genuine,0.6765
C,genuine,0.2221
C,genuine,0.1604
C,genuine,0.2297
C,genuine,0.0461
C,genuine,0.2329
C,genuine,0.5092
C,genuine,0.2761
C,genuine,0.5893
C,genuine,0.3750
C,genuine,0.3678
C,genuine,0.4275
C,genuine,0.1925
C,genuine,0.1439
C,genuine,0.3697
C,genuine,0.2221
C,genuine,0.3409
C,genuine,0.3839
C,genuine,0.1248
C,genuine,0.3082
C,genuine,0.3052
C,genuine,0.3847
C,genuine,0.3473
C,genuine,0.4013
C,genuine,0.4695
C,genuine,0.4318
C,genuine,0.1994
C,genuine,0.2982
C,genuine,0.6196
C,genuine,0.2640
C,genuine,0.3177
C,genuine,0.2214
C,genuine,0.6123
C,genuine,0.4467
C,genuine,0.3662
C,genuine,0.1736
C,genuine,0.0810
C,genuine,0.2122
C,genuine,0.2620
C,genuine,0.3658
C,genuine,0.2126
C,genuine,0.4539
C,genuine,0.3149
C,genuine,0.2973
C,genuine,0.4092
C,genuine,0.2099
C,genuine,0.3030
C,genuine,0.3499
C,genuine,0.3260
C,genuine,0.2448
C,genuine,0.4347
C,genuine,0.8489
C,genuine,0.4056
C,genuine,0.3125
C,genuine,0.5725
C,genuine,0.2774
C,genuine,0.1393
C,genuine,0.4310
C,genuine,0.3930
C,genuine,0.1858
C,genuine,0.5577
C,genuine,0.2050
C,genuine,0.2792
C,genuine,0.3314
C,genuine,0.3840
C,genuine,0.2700
C,genuine,0.3526
C,genuine,0.3279
C,genuine,0.2223
C,genuine,0.4424
C,genuine,0.2347
C,genuine,0.6102
C,genuine,0.1773
C,genuine,0.1457
C,genuine,0.2744
C,genuine,0.4754
C,genuine,0.4047
C,genuine,0.3769
C,genuine,0.2484
C,genuine,0.4261
C,genuine,0.3300
C,genuine,0.1963
C,genuine,0.4085
C,genuine,0.3827
C,genuine,0.2639
C,genuine,0.2653
C,genuine,0.0630
C,genuine,0.1897
C,genuine,0.3059
C,genuine,0.3102
C,genuine,0.2386
C,genuine,0.4877
C,genuine,0.4887
C,genuine,0.3996
C,genuine,0.1774
C,genuine,0.5686
C,genuine,0.0931
C,genuine,0.3696
C,genuine,0.3956
C,genuine,0.2808
C,genuine,0.3846
C,genuine,0.1714
C,genuine,0.2281
C,genuine,0.3932
C,genuine,0.4106
C,genuine,0.4303
C,genuine,0.3559
C,genuine,0.2442
C,genuine,0.2465
C,genuine,0.5016
C,genuine,0.1958
C,genuine,0.3022
C,genuine,0.3941
C,genuine,0.1376
C,genuine,0.3906
C,genuine,0.1619
C,genuine,0.4252
C,genuine,0.3062
C,genuine,0.1841
C,genuine,0.5885
C,genuine,0.1900
C,genuine,0.2507
C,genuine,0.3094
C,genuine,0.3338
C,genuine,0.1954
C,genuine,0.3735
C,genuine,0.3178
C,genuine,0.4831
C,genuine,0.2575
C,genuine,0.2699
C,genuine,0.2074
C,genuine,0.1412
C,genuine,0.1322
C,genuine,0.1376
C,genuine,0.3320
C,genuine,0.5306
C,genuine,0.1603
C,genuine,0.2151
C,genuine,0.1083
C,genuine,0.1235
C,genuine,0.2917
C,genuine,0.3311
C,genuine,0.3406
C,genuine,0.1187
C,genuine,0.2700
C,genuine,0.3125
C,genuine,0.2209
C,genuine,0.4755
C,genuine,0.2014
C,genuine,0.2910
C,genuine,0.2137
C,genuine,0.2399
C,genuine,0.2846
C,genuine,0.3570
C,genuine,0.4605
C,genuine,0.7319
C,genuine,0.3536
C,genuine,0.2303
C,genuine,0.7247
C,genuine,0.3040
C,genuine,0.2750
C,genuine,0.1748
C,genuine,0.1562
C,genuine,0.3302
C,genuine,0.3105
C,genuine,0.4282
C,genuine,0.3717
C,genuine,0.1289
C,genuine,0.3647
C,genuine,0.2217
C,genuine,0.1092
C,genuine,0.1465
C,genuine,0.2542
C,genuine,0.5004
C,genuine,0.2817
C,genuine,0.1835
C,genuine,0.1732
C,genuine,0.2643
C,genuine,0.2953
C,genuine,0.2340
C,genuine,0.5330
C,genuine,0.1684
C,genuine,0.3589
C,genuine,0.1735
C,genuine,0.6762
C,genuine,0.2870
C,genuine,0.5054
C,genuine,0.2768
C,genuine,0.4448
C,genuine,0.2802
C,genuine,0.6070
C,genuine,0.2655
C,genuine,0.1148
C,genuine,0.1615
C,genuine,0.8135
C,genuine,0.3293
C,genuine,0.2729
C,genuine,0.1820
C,genuine,0.3397
C,genuine,0.2100
C,genuine,0.2738
C,genuine,0.5693
C,genuine,0.3498
C,genuine,0.1552
C,genuine,0.2255
C,genuine,0.2033
C,genuine,0.2491
C,genuine,0.3212
C,genuine,0.2108
C,genuine,0.2444
C,genuine,0.2805
C,genuine,0.2878
C,genuine,0.2343
C,genuine,0.1110
C,genuine,0.2689
C,genuine,0.2000
C,genuine,0.2413
C,genuine,0.2140
C,genuine,0.4716
C,genuine,0.1787
C,genuine,0.2001
C,genuine,0.7303
C,genuine,0.4764
C,genuine,0.1974
C,genuine,0.2212
C,genuine,0.5211
C,genuine,0.4259
C,genuine,0.5474
C,genuine,0.3770
C,genuine,0.3378
C,genuine,0.5761
C,genuine,0.1552
C,genuine,0.5072
C,genuine,0.3859
C,genuine,0.2279
C,genuine,0.1255
C,genuine,0.4490
C,genuine,0.5534
C,genuine,0.1570
C,genuine,0.1033
C,genuine,0.3895
C,genuine,0.2591
C,genuine,0.4359
C,genuine,0.4054
C,genuine,0.1510
C,genuine,0.2974
C,genuine,0.1470
C,genuine,0.1005
C,genuine,0.7049
C,genuine,0.2431
C,genuine,0.2301
C,genuine,0.2512
C,genuine,0.2863
C,genuine,0.3038
C,genuine,0.5096
C,genuine,0.5145
C,genuine,0.1196
C,genuine,0.1519
C,genuine,0.1661
C,genuine,0.2994
C,genuine,0.2658
C,genuine,0.1750
C,genuine,0.2411
C,genuine,0.9534
C,genuine,0.4620
C,genuine,0.2156
C,genuine,0.3875
C,genuine,0.1532
C,genuine,0.2194
C,genuine,0.1998
C,genuine,0.5169
C,genuine,0.1823
C,genuine,0.5041
C,genuine,0.3521
C,genuine,0.0746
C,genuine,0.1753
C,genuine,0.2380
C,genuine,0.3082
C,genuine,0.1156
C,genuine,0.2504
C,genuine,0.5523
C,genuine,0.3846
C,genuine,0.2994
C,genuine,0.1943
C,genuine,0.4244
C,genuine,0.1813
C,genuine,0.2794
C,genuine,0.3487
C,genuine,0.3739
C,genuine,0.1629
C,genuine,0.6216
C,genuine,0.2329
C,genuine,0.3509
C,genuine,0.6418
C,genuine,0.4525
C,genuine,0.2199
C,genuine,0.2768
C,genuine,0.0998
C,genuine,0.2845
C,genuine,0.3431
C,genuine,0.3837
C,genuine,0.3010
C,genuine,0.1439
C,genuine,0.3502
C,genuine,0.6397
C,genuine,0.3319
C,genuine,0.2129
C,genuine,0.1836
C,genuine,0.4111
C,genuine,0.3418
C,genuine,0.5706
C,genuine,0.1478
C,genuine,0.2111
C,genuine,0.4567
C,genuine,0.3826
C,genuine,0.4483
C,genuine,0.3100
C,genuine,0.5481
C,genuine,0.2207
C,genuine,0.4476
C,genuine,0.1199
C,genuine,0.2314
C,genuine,0.3215
C,genuine,0.2081
C,genuine,0.4390
C,genuine,0.5551
C,genuine,0.2758
C,genuine,0.5281
C,genuine,0.1911
C,genuine,0.4091
C,genuine,0.4283
C,genuine,0.2763
C,genuine,0.2830
C,genuine,0.2128
C,genuine,0.2228
C,genuine,0.6057
C,genuine,0.3386
C,genuine,0.2557
C,genuine,0.5337
C,genuine,0.2529
C,genuine,0.4379
C,impostor,0.8557
C,impostor,1.0231
C,impostor,1.0899
C,impostor,0.9039
C,impostor,1.1758
C,impostor,1.0552
C,impostor,1.0956
C,impostor,0.8202
C,impostor,1.2167
C,impostor,1.1020
C,impostor,0.9929
C,impostor,1.2644
C,impostor,0.8428
C,impostor,0.9707
C,impostor,1.0959
C,impostor,0.8710
C,impostor,0.9595
C,impostor,0.9710
C,impostor,0.8603
C,impostor,0.9835
C,impostor,0.7199
C,impostor,1.0792
C,impostor,1.1041
C,impostor,0.8482
C,impostor,1.0228
C,impostor,1.1112
C,impostor,0.8624
C,impostor,0.9441
C,impostor,1.1216
C,impostor,0.9531
C,impostor,1.1960
C,impostor,0.6959
C,impostor,1.0413
C,impostor,1.0317
C,impostor,0.9216
C,impostor,0.8549
C,impostor,0.8556
C,impostor,0.9394
C,impostor,0.9775
C,impostor,1.3017
C,impostor,1.0547
C,impostor,0.8457
C,impostor,0.9207
C,impostor,0.8363
C,impostor,1.1270
C,impostor,0.9466
C,impostor,0.8543
C,impostor,1.0262
C,impostor,1.1079
C,impostor,0.9697
C,impostor,0.9742
C,impostor,0.7802
C,impostor,0.8725
C,impostor,0.7193
C,impostor,0.9870
C,impostor,1.2687
C,impostor,1.0322
C,impostor,0.6680
C,impostor,0.7744
C,impostor,0.9902
C,impostor,0.8656
C,impostor,1.1761
C,impostor,0.9945
C,impostor,0.9257
C,impostor,1.1863
C,impostor,1.2860
C,impostor,0.8358
C,impostor,0.8527
C,impostor,0.8405
C,impostor,1.1259
C,impostor,1.1118
C,impostor,1.0513
C,impostor,0.8665
C,impostor,1.1681
C,impostor,1.0518
C,impostor,1.0150
C,impostor,0.9279
C,impostor,1.2214
C,impostor,0.9809
C,impostor,0.8867
C,impostor,0.9951
C,impostor,0.8687
C,impostor,1.0684
C,impostor,0.9614
C,impostor,1.0711
C,impostor,0.9526
C,impostor,0.7089
C,impostor,1.2649
C,impostor,0.8808
C,impostor,1.2013
C,impostor,0.6739
C,impostor,0.7993
C,impostor,1.3717
C,impostor,1.0149
C,impostor,0.8236
C,impostor,1.0002
C,impostor,0.8478
C,impostor,1.0933
C,impostor,1.0831
C,impostor,1.0053
C,impostor,1.0007
C,impostor,0.9805
C,impostor,1.0638
C,impostor,0.8890
C,impostor,0.9149
C,impostor,1.0181
C,impostor,0.7538
C,impostor,1.2277
C,impostor,0.9809
C,impostor,0.9939
C,impostor,0.8465
C,impostor,0.9017
C,impostor,1.0158
C,impostor,1.0577
C,impostor,0.8270
C,impostor,0.8665
C,impostor,0.9081
C,impostor,0.9767
C,impostor,1.0052
C,impostor,1.0541
C,impostor,0.9158
C,impostor,1.0414
C,impostor,1.1160
C,impostor,1.1182
C,impostor,0.8866
C,impostor,0.9259
C,impostor,1.0372
C,impostor,1.0501
C,impostor,1.0116
C,impostor,0.8053
C,impostor,0.9571
C,impostor,1.1457
C,impostor,0.7727
C,impostor,1.0051
C,impostor,1.0621
C,impostor,0.8496
C,impostor,0.9916
C,impostor,0.9779
C,impostor,1.2223
C,impostor,0.7930
C,impostor,1.1673
C,impostor,0.9839
C,impostor,1.0504
C,impostor,0.8531
C,impostor,0.9294
C,impostor,1.0073
C,impostor,1.0962
C,impostor,0.8633
C,impostor,0.7716
C,impostor,1.0172
C,impostor,0.9350
C,impostor,1.0704
C,impostor,0.6524
C,impostor,1.1072
C,impostor,1.0292
C,impostor,0.9870
C,impostor,0.8028
C,impostor,0.9334
C,impostor,1.0828
C,impostor,1.1907
C,impostor,1.1591
C,impostor,0.8119
C,impostor,0.9274
C,impostor,0.9926
C,impostor,1.4443
C,impostor,1.0411
C,impostor,1.1877
C,impostor,1.1905
C,impostor,1.0026
C,impostor,1.0155
C,impostor,0.8623
C,impostor,0.9839
C,impostor,1.2107
C,impostor,1.1838
C,impostor,1.0837
C,impostor,0.5942
C,impostor,1.0703
C,impostor,0.8144
C,impostor,0.8130
C,impostor,0.8003
C,impostor,1.1201
C,impostor,1.0945
C,impostor,1.1047
C,impostor,1.1849
C,impostor,0.8010
C,impostor,1.2698
C,impostor,0.8973
C,impostor,0.7530
C,impostor,1.0169
C,impostor,1.2789
C,impostor,1.0350
C,impostor,1.1643
C,impostor,0.8889
C,impostor,1.2181
C,impostor,1.1181
C,impostor,1.1462
C,impostor,0.8147
C,impostor,1.0797
C,impostor,0.7511
C,impostor,1.3486
C,impostor,0.9978
C,impostor,1.0354
C,impostor,1.2309
C,impostor,0.8415
C,impostor,0.7815
C,impostor,0.9270
C,impostor,0.8824
C,impostor,0.8877
C,impostor,0.8903
C,impostor,1.0023
C,impostor,0.7785
C,impostor,1.1428
C,impostor,1.0454
C,impostor,0.8189
C,impostor,0.6799
C,impostor,1.1630
C,impostor,1.2017
C,impostor,0.7534
C,impostor,1.0013
C,impostor,0.7942
C,impostor,0.9991
C,impostor,0.7717
C,impostor,0.9099
C,impostor,0.9448
C,impostor,0.9215
C,impostor,1.3213
C,impostor,1.3221
C,impostor,1.1278
C,impostor,0.6698
C,impostor,1.1564
C,impostor,0.8211
C,impostor,1.1706
C,impostor,1.1346
C,impostor,0.9669
C,impostor,0.8960
C,impostor,0.9111
C,impostor,0.6363
C,impostor,1.0484
C,impostor,1.0939
C,impostor,1.3290
C,impostor,0.9768
C,impostor,0.9976
C,impostor,0.8710
C,impostor,1.0329
C,impostor,1.2356
C,impostor,0.9191
C,impostor,1.0198
C,impostor,1.0695
C,impostor,1.1186
C,impostor,0.9693
C,impostor,0.9432
C,impostor,1.0485
C,impostor,1.0212
C,impostor,1.0314
C,impostor,0.8720
C,impostor,1.0178
C,impostor,1.0094
C,impostor,1.2478
C,impostor,0.9490
C,impostor,1.3148
C,impostor,0.9036
C,impostor,1.0668
C,impostor,0.8090
C,impostor,1.1081
C,impostor,0.9089
C,impostor,1.0245
C,impostor,0.8661
C,impostor,1.2397
C,impostor,0.9440
C,impostor,1.0132
C,impostor,1.0745
C,impostor,0.8432
C,impostor,1.0449
C,impostor,1.0423
C,impostor,1.2678
C,impostor,1.0741
C,impostor,0.9683
C,impostor,1.0547
C,impostor,0.9356
C,impostor,0.8442
C,impostor,1.0815
C,impostor,1.3088
C,impostor,0.9331
C,impostor,0.9743
C,impostor,1.2985
C,impostor,1.0371
C,impostor,0.9253
C,impostor,0.8381
C,impostor,0.7379
C,impostor,1.1820
C,impostor,0.9956
C,impostor,1.0691
C,impostor,1.2045
C,impostor,0.9709
C,impostor,1.0910
C,impostor,1.0034
C,impostor,0.9275
C,impostor,1.0921
C,impostor,1.1478
C,impostor,0.9297
C,impostor,1.0489
C,impostor,0.8575
C,impostor,0.9878
C,impostor,1.1930
C,impostor,1.0230
C,impostor,1.0819
C,impostor,1.1406
C,impostor,0.9555
C,impostor,0.6791
C,impostor,0.9374
C,impostor,0.6666
C,impostor,1.0622
C,impostor,1.0193
C,impostor,1.0314
C,impostor,0.9493
C,impostor,1.2451
C,impostor,0.9300
C,impostor,0.8837
C,impostor,1.0343
C,impostor,1.1334
C,impostor,1.0856
C,impostor,1.2593
C,impostor,0.9392
C,impostor,1.0471
C,impostor,0.9016
C,impostor,0.8251
C,impostor,1.0807
C,impostor,1.2067
C,impostor,1.2136
C,impostor,0.8943
C,impostor,0.9334
C,impostor,0.6870
C,impostor,1.0461
C,impostor,1.1180
C,impostor,0.7973
C,impostor,1.1030
C,impostor,1.0651
C,impostor,0.9614
C,impostor,0.8494
C,impostor,1.0921
C,impostor,1.0816
C,impostor,1.4453
C,impostor,1.2875
C,impostor,0.9059
C,impostor,1.0469
C,impostor,0.9184
C,impostor,1.0582
C,impostor,1.3543
C,impostor,0.7361
C,impostor,1.1646
C,impostor,1.0980
C,impostor,0.8820
C,impostor,1.1294
C,impostor,1.0970
C,impostor,0.9443
C,impostor,0.8695
C,impostor,0.9679
C,impostor,1.0194
C,impostor,1.2229
C,impostor,1.0583
C,impostor,0.9380
C,impostor,0.8979
C,impostor,0.9944
C,impostor,1.0280
C,impostor,1.0370
C,impostor,1.0169
C,impostor,1.0035
C,impostor,1.1939
C,impostor,1.2268
C,impostor,0.7238
C,impostor,1.0017
C,impostor,1.1805
C,impostor,1.1184
C,impostor,0.9248
C,impostor,0.9374
C,impostor,0.9395
C,impostor,1.0386
C,impostor,1.4280
C,impostor,1.1328
C,impostor,1.2088
C,impostor,0.9418
C,impostor,1.2919
C,impostor,0.8875
C,impostor,1.1867
C,impostor,0.9034
C,impostor,1.0048
C,impostor,1.1621
C,impostor,0.9710
C,impostor,0.9142
C,impostor,1.1571
C,impostor,0.6994
C,impostor,1.1140
C,impostor,1.3695
C,impostor,1.1720
C,impostor,0.9609
C,impostor,0.9659
C,impostor,1.0022
C,impostor,1.0463
C,impostor,0.9571
C,impostor,0.5975
C,impostor,1.0121
C,impostor,0.9062
C,impostor,0.9953
C,impostor,0.9732
C,impostor,0.9370
C,impostor,1.0006
C,impostor,0.9803
C,impostor,1.1000
C,impostor,0.9129
C,impostor,0.8552
C,impostor,1.0486
C,impostor,1.2375
C,impostor,0.9049
C,impostor,0.7838
C,impostor,1.0393
C,impostor,1.1026
C,impostor,1.0726
C,impostor,0.8710
C,impostor,0.8491
C,impostor,0.9448
C,impostor,0.9625
C,impostor,1.1262
C,impostor,0.7930
C,impostor,0.9583
C,impostor,1.1961
C,impostor,1.1158
C,impostor,1.1518
C,impostor,1.1219
C,impostor,1.1566
C,impostor,0.8255
C,impostor,0.9092
C,impostor,0.8588
C,impostor,0.9380
C,impostor,1.1354
C,impostor,1.2427
C,impostor,1.1175
C,impostor,1.1666
C,impostor,0.8437
C,impostor,0.9356
C,impostor,1.0124
C,impostor,0.9234
C,impostor,0.9253
C,impostor,0.9175
C,impostor,1.1831
C,impostor,0.7942
C,impostor,1.1763
C,impostor,0.9102
C,impostor,0.9835
C,impostor,0.8996
C,impostor,1.0400
C,impostor,1.0420
C,impostor,1.0303
C,impostor,1.0196
C,impostor,0.9890
C,impostor,1.0945
C,impostor,0.6978
C,impostor,0.8219
C,impostor,1.1210
C,impostor,1.1181
C,impostor,1.0450
C,impostor,0.7747
C,impostor,1.0018
C,impostor,1.0519
C,impostor,1.0762
C,impostor,1.0189
C,impostor,0.9682
C,impostor,0.8096
C,impostor,0.9722
C,impostor,1.0106
C,impostor,1.0260
C,impostor,1.1233
C,impostor,0.8813
C,impostor,1.1078
C,impostor,0.9884
C,impostor,1.1843
C,impostor,1.0917
C,impostor,0.9660
C,impostor,1.0121
C,impostor,0.6985
C,impostor,0.8397
C,impostor,0.9036
C,impostor,0.9021
C,impostor,0.8786
C,impostor,0.8300
C,impostor,1.2256
C,impostor,1.1270
C,impostor,1.0648
C,impostor,0.6964
C,impostor,0.7745
C,impostor,1.1429
C,impostor,1.0201
C,impostor,1.1538
C,impostor,0.7529
C,impostor,0.9892
C,impostor,0.6708
C,impostor,0.8772
C,impostor,0.7517
C,impostor,0.9883
C,impostor,1.2348
C,impostor,1.1105
C,impostor,0.9414
C,impostor,1.1068
C,impostor,0.9537
C,impostor,1.0569
C,impostor,1.0483
C,impostor,0.9209
C,impostor,0.9265
C,impostor,0.8048
C,impostor,1.1317
C,impostor,0.8764
C,impostor,1.0874
C,impostor,1.3676
C,impostor,1.1746
C,impostor,0.5962
C,impostor,0.9407
C,impostor,1.1306
C,impostor,0.9904
C,impostor,0.8626
C,impostor,1.1998
C,impostor,1.0370
C,impostor,0.8600
C,impostor,0.8945
C,impostor,1.3033
C,impostor,1.0967
C,impostor,0.9956
C,impostor,0.7297
C,impostor,0.9630
C,impostor,1.1012
C,impostor,0.9534
C,impostor,1.0162
C,impostor,0.9323
C,impostor,0.8225
C,impostor,1.4550
C,impostor,0.9588
C,impostor,0.9262
C,impostor,0.9113
C,impostor,0.9493
C,impostor,1.1081
C,impostor,1.0249
C,impostor,0.8594
C,impostor,0.9349
C,impostor,0.7205
C,impostor,1.4151
C,impostor,0.9640
C,impostor,0.8399
C,impostor,0.9681
C,impostor,1.1974
C,impostor,1.0944
C,impostor,0.8696
C,impostor,0.7568
C,impostor,0.8205
C,impostor,1.3412
C,impostor,1.1947
C,impostor,1.0017
C,impostor,1.1584
C,impostor,1.0609
C,impostor,1.0549
C,impostor,1.1035
C,impostor,0.7571
C,impostor,0.8665
C,impostor,1.0363
C,impostor,0.8306
C,impostor,0.8850
C,impostor,0.9040
C,impostor,1.0398
C,impostor,0.8966
C,impostor,0.9066
C,impostor,1.1526
C,impostor,0.9326
C,impostor,1.2088
C,impostor,1.0330
C,impostor,0.7659
C,impostor,0.9611
C,impostor,1.3997
C,impostor,0.9113
C,impostor,0.9547
C,impostor,0.9264
C,impostor,1.0364
C,impostor,1.0200
C,impostor,0.9259
C,impostor,0.8504
C,impostor,0.8127
C,impostor,0.8630
C,impostor,0.7598
C,impostor,0.9272
C,impostor,1.1664
C,impostor,0.9270
C,impostor,0.8666
C,impostor,1.0173
C,impostor,1.0767
C,impostor,0.9026
C,impostor,0.9973
C,impostor,1.0583
C,impostor,1.0548
C,impostor,1.2287
C,impostor,0.9598
C,impostor,1.1367
C,impostor,1.0010
C,impostor,0.6303
C,impostor,0.9169
C,impostor,0.9041
C,impostor,1.0466
C,impostor,1.0562
C,impostor,0.7944
C,impostor,0.8891
C,impostor,1.0436
C,impostor,1.0222
C,impostor,1.0401
C,impostor,0.8930
C,impostor,0.8566
C,impostor,0.7793
C,impostor,1.1925
C,impostor,0.6859
C,impostor,1.0386
C,impostor,1.0948
C,impostor,0.9421
C,impostor,1.0267
C,impostor,1.0697
C,impostor,1.2802
C,impostor,1.0604
C,impostor,0.8564
C,impostor,1.0235
C,impostor,0.8162
C,impostor,0.8527
C,impostor,1.3210
C,impostor,0.9937
C,impostor,1.1729
C,impostor,1.1028
C,impostor,0.9033
C,impostor,1.1921
C,impostor,0.9673
C,impostor,1.1385
C,impostor,1.0557
C,impostor,1.3462
C,impostor,0.8917
C,impostor,1.1082
C,impostor,1.0203
C,impostor,1.0375
C,impostor,0.9781
C,impostor,1.0231
C,impostor,0.9832
C,impostor,0.8028
C,impostor,0.8276
C,impostor,1.0771
C,impostor,0.7189
C,impostor,0.9658
C,impostor,1.0394
C,impostor,1.0608
C,impostor,1.0704
C,impostor,1.0649
C,impostor,0.9470
C,impostor,0.9482
C,impostor,1.0551
C,impostor,1.2454
C,impostor,1.0054
C,impostor,1.0722
C,impostor,0.9242
C,impostor,0.8724
C,impostor,1.1595
C,impostor,1.0026
C,impostor,0.8365
C,impostor,0.9205
C,impostor,1.0024
C,impostor,0.7996
C,impostor,0.9637
C,impostor,0.9465
C,impostor,0.8333
C,impostor,0.8519
C,impostor,0.8733
C,impostor,1.2507
C,impostor,0.9470
C,impostor,0.8990
C,impostor,1.0907
C,impostor,1.0846
C,impostor,1.2025
C,impostor,0.9074
C,impostor,0.8708
C,impostor,0.6858
C,impostor,0.9649
C,impostor,1.0636
C,impostor,1.1931
C,impostor,0.7877
C,impostor,0.8463
C,impostor,1.0174
C,impostor,1.0704
C,impostor,1.0926
C,impostor,1.2427
C,impostor,1.0609
C,impostor,1.0050
C,impostor,1.1106
C,impostor,0.8670
C,impostor,1.0862
C,impostor,0.9583
C,impostor,1.1259
C,impostor,0.9589
C,impostor,1.4271
C,impostor,1.0301
C,impostor,1.0108
C,impostor,1.2863
C,impostor,0.7526
C,impostor,1.0561
C,impostor,1.0829
C,impostor,0.6978
C,impostor,0.8727
C,impostor,0.9807
C,impostor,0.9004
C,impostor,1.0924
C,impostor,0.9990
C,impostor,0.7387
C,impostor,0.9330
C,impostor,1.0265
C,impostor,0.9784
C,impostor,1.1724
C,impostor,1.2030
C,impostor,0.8446
C,impostor,1.0520
C,impostor,0.8127
C,impostor,1.1585
C,impostor,1.0983
C,impostor,1.0785
C,impostor,0.8694
C,impostor,1.2111
C,impostor,1.2035
C,impostor,0.9871
C,impostor,0.9691
C,impostor,0.9954
C,impostor,1.0504
C,impostor,1.1485
C,impostor,1.0158
C,impostor,0.9691
C,impostor,1.1217
C,impostor,0.9573
C,impostor,1.1695
C,impostor,0.6964
C,impostor,1.0191
C,impostor,1.0438
C,impostor,0.8725
C,impostor,1.2040
C,impostor,0.9711
C,impostor,1.0626
C,impostor,1.1356
C,impostor,0.8926
C,impostor,1.1443
C,impostor,0.9509
C,impostor,1.0495
C,impostor,0.9414
C,impostor,1.0426
C,impostor,0.7920
C,impostor,0.7807
C,impostor,1.0711
C,impostor,1.0903
C,impostor,0.9265
C,impostor,1.0698
C,impostor,1.0925
C,impostor,1.2655
C,impostor,1.1905
C,impostor,1.0087
C,impostor,0.9720
C,impostor,0.9949
C,impostor,1.1048
C,impostor,1.1370
C,impostor,0.8335
C,impostor,1.0102
C,impostor,0.8804
C,impostor,0.9975
C,impostor,1.1479
C,impostor,1.2766
C,impostor,1.0988
C,impostor,1.0748
C,impostor,0.7425
C,impostor,1.2357
C,impostor,1.1187
C,impostor,0.9990
C,impostor,1.0023
C,impostor,1.0347
C,impostor,1.0437
C,impostor,1.0845
C,impostor,1.1484
C,impostor,0.8724
C,impostor,1.1292
C,impostor,0.9439
C,impostor,0.9851
C,impostor,0.9540
C,impostor,1.0041
C,impostor,0.9164
C,impostor,0.9543
C,impostor,1.1378
C,impostor,1.3114
C,impostor,0.6251
C,impostor,1.2633
C,impostor,1.0264
C,impostor,0.8930
C,impostor,0.9543
C,impostor,0.8823
C,impostor,1.0711
C,impostor,1.2479
C,impostor,0.9863
C,impostor,1.0251
C,impostor,0.8665
C,impostor,0.9473
C,impostor,0.8617
C,impostor,1.2597
C,impostor,0.8845
C,impostor,0.8301
C,impostor,0.6275
C,impostor,0.7341
C,impostor,0.5875
C,impostor,0.8046
C,impostor,1.1450
C,impostor,1.0437
C,impostor,0.9771
C,impostor,0.7805
C,impostor,0.8870
C,impostor,1.0145
C,impostor,1.0960
C,impostor,1.3153
C,impostor,0.9474
C,impostor,1.0348
C,impostor,1.0515
C,impostor,0.8490
C,impostor,0.9887
C,impostor,1.0934
C,impostor,1.2725
C,impostor,1.1550
C,impostor,0.9256
C,impostor,0.9895
C,impostor,0.9452
C,impostor,1.1149
C,impostor,0.8469
C,impostor,0.8496
C,impostor,1.0083
C,impostor,0.7171
C,impostor,0.7272
C,impostor,0.8349
C,impostor,0.9446
C,impostor,0.9002
C,impostor,1.0538
C,impostor,1.1923
C,impostor,0.8715
C,impostor,1.0804
C,impostor,1.1293
C,impostor,0.8014
C,impostor,1.2749
C,impostor,1.0310
C,impostor,0.9467
C,impostor,1.0962
C,impostor,1.0386
C,impostor,1.0666
C,impostor,0.7819
C,impostor,1.1024
C,impostor,1.2664
C,impostor,1.0663
C,impostor,0.7671
C,impostor,1.0426
C,impostor,1.3318
C,impostor,0.9979
C,impostor,1.0294
C,impostor,0.9495
C,impostor,0.9212
C,impostor,1.2113
C,impostor,1.2827
C,impostor,1.0553
C,impostor,1.0118
C,impostor,0.8451
C,impostor,1.0359
C,impostor,1.1534
C,impostor,0.9641
C,impostor,0.7899
C,impostor,0.8143
C,impostor,0.9975
C,impostor,0.9168
C,impostor,1.0802
C,impostor,0.8085
C,impostor,1.1626
C,impostor,1.0650
C,impostor,0.9824
C,impostor,1.0198
C,impostor,0.9134
C,impostor,1.1978
C,impostor,1.0224
C,impostor,0.8717
C,impostor,0.7977
C,impostor,1.1273
C,impostor,1.0334
C,impostor,1.1154
C,impostor,1.0296
C,impostor,0.8185
C,impostor,1.1054
C,impostor,1.1108
C,impostor,1.1319
C,impostor,0.9312
C,impostor,1.0107
C,impostor,0.8396
C,impostor,1.0378
C,impostor,1.0797
C,impostor,0.8481
C,impostor,1.1896
C,impostor,0.8669
C,impostor,1.1114
C,impostor,1.0285
C,impostor,1.3194
C,impostor,1.3122
C,impostor,1.2167
C,impostor,1.0730
C,impostor,1.0577
C,impostor,0.9960
C,impostor,1.3051
C,impostor,1.1962
C,impostor,1.1260
C,impostor,1.1770
C,impostor,0.7934
C,impostor,0.6228
C,impostor,1.2353
C,impostor,1.1133
C,impostor,0.9225
C,impostor,0.9781
C,impostor,0.7120
C,impostor,0.9088
C,impostor,1.0293
C,impostor,1.0692
C,impostor,1.0912
C,impostor,0.9735
C,impostor,0.9517
C,impostor,1.1759
C,impostor,1.0057
C,impostor,1.0325
C,impostor,0.9838
C,impostor,1.0402
C,impostor,1.0039
C,impostor,0.8912
C,impostor,0.9026
C,impostor,0.9674
C,impostor,0.8927
C,impostor,1.1859
C,impostor,0.9716
C,impostor,1.1035
C,impostor,0.9324
C,impostor,1.0543
C,impostor,0.9402
C,impostor,1.0614
C,impostor,1.1412
C,impostor,1.0326
C,impostor,1.1813
C,impostor,1.0016
C,impostor,0.9293
C,impostor,0.8529
C,impostor,1.0013
C,impostor,1.1858
C,impostor,0.9612
C,impostor,0.7238
C,impostor,1.0421
C,impostor,0.9650
C,impostor,0.6839
C,impostor,1.0569
C,impostor,0.8501
C,impostor,1.1722
C,impostor,1.0134
C,impostor,1.0088
C,impostor,1.0447
C,impostor,1.0103
C,impostor,0.7442
C,impostor,0.7335
C,impostor,0.9501
C,impostor,1.0331
C,impostor,1.1099
C,impostor,0.9365
C,impostor,1.1642
C,impostor,0.9195
C,impostor,1.1889
C,impostor,0.9872
C,impostor,0.8291
C,impostor,0.8733
C,impostor,0.8173
C,impostor,1.0300
C,impostor,0.8928
C,impostor,0.8454
C,impostor,0.9930
C,impostor,0.9849
C,impostor,1.0304
C,impostor,0.9719
C,impostor,0.8723
C,impostor,1.0581
C,impostor,0.9875
C,impostor,0.9427
C,impostor,1.2149
C,impostor,1.0115
C,impostor,1.1182
C,impostor,1.0543
C,impostor,1.0108
C,impostor,0.7510
C,impostor,1.0804
C,impostor,0.7498
C,impostor,0.9098
C,impostor,0.8162
C,impostor,1.0789
C,impostor,0.9674
C,impostor,1.2217
C,impostor,0.7897
C,impostor,0.9395
C,impostor,0.9608
C,impostor,0.8969
C,impostor,0.9051
C,impostor,0.8805
C,impostor,0.9058
C,impostor,1.1477
C,impostor,0.7887
C,impostor,1.0590
C,impostor,1.0149
C,impostor,1.2015
C,impostor,1.1567
C,impostor,0.8948
C,impostor,1.0569
C,impostor,0.9779
C,impostor,0.9276
C,impostor,1.2110
C,impostor,1.0186
C,impostor,0.6310
C,impostor,1.2337
C,impostor,1.1010
C,impostor,1.0455
C,impostor,0.9602
C,impostor,1.0540
C,impostor,1.0024
C,impostor,0.9799
C,impostor,1.2187
C,impostor,0.9362
C,impostor,1.0925
C,impostor,1.0453
C,impostor,0.7357
C,impostor,1.0199
C,impostor,0.7067
C,impostor,0.7887
C,impostor,0.7900
C,impostor,1.2282
C,impostor,1.0876
C,impostor,1.0270
C,impostor,1.1553
C,impostor,1.1083
C,impostor,1.2122
C,impostor,1.0744
C,impostor,1.0105
C,impostor,0.9721
C,impostor,1.2417
C,impostor,0.8548
C,impostor,1.1300
C,impostor,0.9894
C,impostor,0.9252
C,impostor,0.9850
C,impostor,0.8121
C,impostor,0.8092
C,impostor,0.8814
C,impostor,1.1099
C,impostor,0.9800
C,impostor,1.0118
C,impostor,1.1092
C,impostor,1.1661
C,impostor,1.0019
C,impostor,1.2475
C,impostor,1.0760
C,impostor,1.1092
C,impostor,1.2028
C,impostor,1.2071
C,impostor,1.0855
C,impostor,1.0782
C,impostor,0.8728
C,impostor,0.7995
C,impostor,0.8967
C,impostor,0.8975
C,impostor,0.7800
C,impostor,0.9094
C,impostor,1.0692
C,impostor,1.0233
C,impostor,0.9458
C,impostor,1.1053
C,impostor,0.9205
C,impostor,0.9457
C,impostor,1.1568
C,impostor,1.0049
C,impostor,0.9787
C,impostor,1.3513
C,impostor,0.9859
C,impostor,0.9786
C,impostor,0.9501
C,impostor,0.9687
C,impostor,1.3163
C,impostor,1.1125
C,impostor,0.9215
C,impostor,0.9012
C,impostor,1.0949
C,impostor,0.7889
C,impostor,1.0321
C,impostor,0.9933
C,impostor,1.0538
C,impostor,0.8898
C,impostor,1.3147
C,impostor,0.9608
C,impostor,1.2604
C,impostor,1.0150
C,impostor,0.8509
C,impostor,1.1229
C,impostor,1.1319
C,impostor,1.0892
C,impostor,0.8962
C,impostor,0.9929
C,impostor,0.9728
C,impostor,0.9123
C,impostor,1.1285
C,impostor,0.8894
C,impostor,0.9426
C,impostor,0.9652
C,impostor,1.2937
C,impostor,1.1754
C,impostor,1.0515
C,impostor,0.8789
C,impostor,1.0645
C,impostor,0.9902
C,impostor,1.3381
C,impostor,0.7987
C,impostor,1.0692
C,impostor,1.1033
C,impostor,0.7862
C,impostor,1.1890
C,impostor,0.9458
C,impostor,0.7129
C,impostor,1.1045
C,impostor,0.8858
C,impostor,0.9107
C,impostor,0.9672
C,impostor,0.8061
C,impostor,0.9854
C,impostor,1.0435
C,impostor,1.2041
C,impostor,0.9656
C,impostor,1.2412
C,impostor,0.6655
C,impostor,1.0015
C,impostor,1.1010
C,impostor,1.0598
C,impostor,0.9876
C,impostor,1.0240
C,impostor,1.0222
C,impostor,1.3067
C,impostor,1.0806
C,impostor,1.2329
C,impostor,1.0027
C,impostor,1.2475
C,impostor,1.1267
C,impostor,1.0567
C,impostor,1.1009
C,impostor,0.7815
C,impostor,1.0095
C,impostor,1.2940
C,impostor,1.0173
C,impostor,0.8475
C,impostor,0.7292
C,impostor,0.9899
C,impostor,1.1202
C,impostor,0.9895
C,impostor,1.1365
C,impostor,0.7676
C,impostor,1.0019
C,impostor,1.1662
C,impostor,0.9591
C,impostor,0.5864
C,impostor,1.1041
C,impostor,0.9379
C,impostor,1.0911
C,impostor,0.8936
C,impostor,0.9426
C,impostor,0.9151
C,impostor,0.9803
C,impostor,1.0820
C,impostor,1.0197
C,impostor,1.3120
C,impostor,0.7814
C,impostor,0.7509
C,impostor,1.2142
C,impostor,1.0454
C,impostor,0.7920
C,impostor,0.9229
C,impostor,0.8909
C,impostor,1.4178
C,impostor,0.9971
C,impostor,0.8283
C,impostor,0.9568
C,impostor,1.2224
C,impostor,1.0001
C,impostor,1.0953
C,impostor,0.6740
C,impostor,0.9183
C,impostor,0.9061
C,impostor,0.6906
C,impostor,0.8325
C,impostor,1.1586
C,impostor,0.7834
C,impostor,0.7391
C,impostor,1.1885
C,impostor,0.9418
C,impostor,1.1627
C,impostor,1.0150
C,impostor,1.0771
C,impostor,0.9812
C,impostor,1.2399
C,impostor,0.9760
C,impostor,0.7727
C,impostor,0.6923
C,impostor,0.8142
C,impostor,1.0811
C,impostor,1.0018
C,impostor,0.8839
C,impostor,0.9021
C,impostor,1.0241
C,impostor,1.1240
C,impostor,1.0788
C,impostor,1.1479
C,impostor,0.9678
C,impostor,1.1726
C,impostor,0.8578
C,impostor,0.7932
C,impostor,0.9758
C,impostor,1.0524
C,impostor,0.9545
C,impostor,0.9427
C,impostor,1.0510
C,impostor,1.0466
C,impostor,1.0449
C,impostor,0.9272
C,impostor,0.9484
C,impostor,1.0194
C,impostor,1.1785
C,impostor,1.1832
C,impostor,1.0262
C,impostor,0.9873
C,impostor,1.2618
C,impostor,1.0867
C,impostor,1.0189
C,impostor,0.9670
C,impostor,0.9758
C,impostor,0.9471
C,impostor,0.8332
C,impostor,0.9353
C,impostor,0.8544
C,impostor,1.0331
C,impostor,1.0596
C,impostor,1.0725
C,impostor,0.9746
C,impostor,0.8807
C,impostor,1.1371
C,impostor,0.9094
C,impostor,1.0773
C,impostor,0.9162
C,impostor,1.0970
C,impostor,0.9941
C,impostor,1.1937
C,impostor,1.1737
C,impostor,0.8563
C,impostor,0.8961
C,impostor,1.0554
C,impostor,0.8846
C,impostor,0.9778
C,impostor,1.0308
C,impostor,0.9442
C,impostor,0.8740
C,impostor,1.2487
C,impostor,1.0667
C,impostor,0.9649
C,impostor,1.1075
C,impostor,0.9139
C,impostor,0.7555
C,impostor,1.1108
C,impostor,1.2009
C,impostor,0.8086
C,impostor,0.8839
C,impostor,1.0714
C,impostor,0.9509
C,impostor,0.8975
C,impostor,0.7754
C,impostor,0.9751
C,impostor,1.0735
C,impostor,1.1821
C,impostor,1.0729
C,impostor,1.0332
C,impostor,0.9980
C,impostor,0.8850
C,impostor,1.0412
C,impostor,1.0979
C,impostor,0.9734
C,impostor,0.9740
C,impostor,1.0462
C,impostor,1.0354
C,impostor,0.9315
C,impostor,0.9780
C,impostor,0.8911
C,impostor,1.1027
C,impostor,1.1073
C,impostor,1.2194
C,impostor,0.6183
C,impostor,1.3023
C,impostor,1.0023
C,impostor,1.0047
C,impostor,0.9953
C,impostor,1.1797
C,impostor,0.7585
C,impostor,1.1051
C,impostor,1.1017
C,impostor,1.2671
C,impostor,0.9937
C,impostor,1.1908
C,impostor,1.2395
C,impostor,0.7867
C,impostor,1.0035
C,impostor,1.1836
C,impostor,0.9082
C,impostor,0.9194
C,impostor,1.0496
C,impostor,0.9502
C,impostor,0.8777
C,impostor,0.9615
C,impostor,0.8440
C,impostor,0.9175
C,impostor,0.8501
C,impostor,1.0784
C,impostor,1.1233
C,impostor,0.9967
C,impostor,1.1973
C,impostor,1.1298
C,impostor,0.9573
C,impostor,0.8255
C,impostor,1.1560
C,impostor,0.9279
C,impostor,0.9754
C,impostor,1.0690
C,impostor,1.1085
C,impostor,0.7202
C,impostor,1.3515
C,impostor,0.8528
C,impostor,0.7702
C,impostor,0.9085
C,impostor,0.9247
C,impostor,1.0693
C,impostor,0.8455
C,impostor,1.0241
C,impostor,0.8961
C,impostor,0.7758
C,impostor,1.1774
C,impostor,0.6768
C,impostor,0.8793
C,impostor,0.6866
C,impostor,0.8267
C,impostor,1.0569
C,impostor,1.1838
C,impostor,1.3363
C,impostor,1.0178
C,impostor,0.6444
C,impostor,1.1754
C,impostor,1.1461
C,impostor,1.0482
C,impostor,1.2812
C,impostor,1.0870
C,impostor,1.0744
C,impostor,0.9498
C,impostor,0.9914
C,impostor,0.8652
C,impostor,1.2017
C,impostor,0.9025
C,impostor,1.2243
C,impostor,0.9137
C,impostor,1.0714
C,impostor,1.0835
C,impostor,1.0229
C,impostor,0.6864
C,impostor,0.8990
C,impostor,0.7340
C,impostor,1.1077
C,impostor,1.0401
C,impostor,0.8430
C,impostor,1.1803
C,impostor,0.7626
C,impostor,1.2370
C,impostor,0.8615
C,impostor,0.8997
C,impostor,1.2364
C,impostor,1.0621
C,impostor,0.9307
C,impostor,1.1213
C,impostor,1.0324
C,impostor,1.0105
C,impostor,0.9432
C,impostor,1.0269
C,impostor,0.6508
C,impostor,0.8831
C,impostor,0.8443
C,impostor,0.9847
C,impostor,0.9479
C,impostor,0.7487
C,impostor,1.1140
C,impostor,1.0573
C,impostor,1.1320
C,impostor,0.8760
C,impostor,0.7771
C,impostor,0.7074
C,impostor,1.1518
C,impostor,1.0456
C,impostor,0.9595
C,impostor,0.9481
C,impostor,0.7727
C,impostor,1.0957
C,impostor,0.9332
C,impostor,1.0012
C,impostor,0.9020
C,impostor,1.1664
C,impostor,0.9695
C,impostor,0.7984
C,impostor,0.9183
C,impostor,0.6943
C,impostor,1.3888
C,impostor,1.1125
C,impostor,0.9553
C,impostor,1.0873
C,impostor,1.1505
C,impostor,1.3605
C,impostor,0.9018
C,impostor,1.2227
C,impostor,1.0964
C,impostor,1.2240
C,impostor,0.9137
C,impostor,0.9984
C,impostor,1.0894
C,impostor,1.1058
C,impostor,1.1565
C,impostor,0.8925
C,impostor,1.0613
C,impostor,0.9718
C,impostor,1.1721
C,impostor,1.0235
C,impostor,0.8477
C,impostor,1.2918
C,impostor,1.1602
C,impostor,1.2971
C,impostor,1.1304
C,impostor,1.1970
C,impostor,1.0904
C,impostor,1.0216
C,impostor,1.0061
C,impostor,1.0953
C,impostor,1.0242
C,impostor,1.0544
C,impostor,1.1895
C,impostor,0.9708
C,impostor,1.0664
C,impostor,1.0531
C,impostor,1.0808
C,impostor,0.8058
C,impostor,1.0074
C,impostor,0.9932
C,impostor,1.1167
C,impostor,1.0167
C,impostor,0.6202
C,impostor,1.0113
C,impostor,0.6621
C,impostor,1.0089
C,impostor,0.8274
C,impostor,0.7074
C,impostor,0.9795
C,impostor,0.8346
C,impostor,0.8643
C,impostor,0.9867
C,impostor,1.0858
C,impostor,1.1060
C,impostor,0.7873
C,impostor,0.9745
C,impostor,0.9412
C,impostor,0.8141
C,impostor,1.0135
C,impostor,0.9169
C,impostor,1.1165
C,impostor,1.2397
C,impostor,1.0935
C,impostor,1.1685
C,impostor,0.8535
C,impostor,0.8501
C,impostor,0.8428
C,impostor,0.9962
C,impostor,1.1390
C,impostor,1.3815
C,impostor,1.0650
C,impostor,1.0855
C,impostor,1.2192
C,impostor,1.2763
C,impostor,1.0314
C,impostor,0.9790
C,impostor,1.1271
C,impostor,0.9319
C,impostor,0.9209
C,impostor,1.0121
C,impostor,0.7283
C,impostor,1.0198
C,impostor,1.0204
C,impostor,0.9014
C,impostor,1.0396
C,impostor,1.0177
C,impostor,1.1342
C,impostor,1.0147
C,impostor,0.7350
C,impostor,0.9038
C,impostor,0.9284
C,impostor,0.9470
C,impostor,1.1580
C,impostor,1.0958
C,impostor,1.1435
C,impostor,0.8870
C,impostor,1.0986
C,impostor,0.8005
C,impostor,0.8145
C,impostor,0.9827
C,impostor,0.8178
C,impostor,1.0317
C,impostor,1.2110
C,impostor,1.0461
C,impostor,1.1121
C,impostor,1.3970
C,impostor,0.9169
C,impostor,0.8767
C,impostor,0.9560
C,impostor,1.1210
C,impostor,1.2423
C,impostor,1.1701
C,impostor,1.1000
C,impostor,0.9808
C,impostor,0.9561
C,impostor,1.1464
C,impostor,1.1879
C,impostor,0.9954
C,impostor,0.9205
C,impostor,0.8802
C,impostor,1.1937
C,impostor,0.9169
C,impostor,1.4266
C,impostor,0.8866
C,impostor,1.2561
C,impostor,1.1717
C,impostor,1.0314
C,impostor,1.0689
C,impostor,0.9176
C,impostor,0.8564
C,impostor,0.9509
C,impostor,1.0902
C,impostor,0.9756
C,impostor,1.0336
C,impostor,0.7123
C,impostor,0.8109
C,impostor,1.0232
C,impostor,1.1127
C,impostor,1.0089
C,impostor,0.9463
C,impostor,0.9425
C,impostor,1.2290
C,impostor,0.9623
C,impostor,1.1944
C,impostor,1.1903
C,impostor,0.8284
C,impostor,1.2445
C,impostor,0.9804
C,impostor,1.0428
C,impostor,1.0987
C,impostor,1.0582
C,impostor,0.7580
C,impostor,0.9459
C,impostor,0.8155
C,impostor,0.9986
C,impostor,1.1407
C,impostor,1.0876
C,impostor,0.7121
C,impostor,1.0349
C,impostor,0.9265
C,impostor,1.1131
C,impostor,0.8815
C,impostor,1.0344
C,impostor,1.0245
C,impostor,0.8349
C,impostor,0.8799
C,impostor,0.9298
C,impostor,0.8164
C,impostor,0.9153
C,impostor,1.1207
C,impostor,1.0309
C,impostor,1.0403
C,impostor,1.2354
C,impostor,0.9597
C,impostor,0.7047
C,impostor,0.8631
C,impostor,0.9247
C,impostor,1.0511
C,impostor,1.0304
C,impostor,1.0073
C,impostor,1.1388
C,impostor,1.1370
C,impostor,0.6707
C,impostor,1.1310
C,impostor,1.0045
C,impostor,0.8618
C,impostor,0.9872
C,impostor,1.0296
C,impostor,1.0691
C,impostor,1.0153
C,impostor,0.7291
C,impostor,0.8988
C,impostor,1.1702
C,impostor,1.1617
C,impostor,1.1565
C,impostor,1.1159
C,impostor,1.0968
C,impostor,1.0114
C,impostor,0.8561
C,impostor,1.0567
C,impostor,1.0080
C,impostor,1.1340
C,impostor,1.0783
C,impostor,0.8382
C,impostor,0.9298
C,impostor,0.9361
C,impostor,1.0099
C,impostor,0.7297
C,impostor,1.3586
C,impostor,1.0207
C,impostor,1.0190
C,impostor,0.7022
C,impostor,1.2441
C,impostor,0.8364
C,impostor,1.1398
C,impostor,0.9138
C,impostor,1.0022
C,impostor,0.9484
C,impostor,1.0190
C,impostor,1.0483
C,impostor,1.3611
C,impostor,0.8754
C,impostor,1.0729
C,impostor,0.9928
C,impostor,0.8637
C,impostor,1.3274
C,impostor,0.9114
C,impostor,0.9803
C,impostor,1.2321
C,impostor,0.8785
C,impostor,1.1895
C,impostor,1.0119
C,impostor,1.2927
C,impostor,0.9694
C,impostor,1.0828
C,impostor,1.0707
C,impostor,1.0693
C,impostor,1.2638
C,impostor,1.0028
C,impostor,1.0607
C,impostor,1.0620
C,impostor,1.0373
C,impostor,1.1977
C,impostor,0.9988
C,impostor,0.9831
C,impostor,1.2940
C,impostor,0.7373
C,impostor,1.1029
C,impostor,1.0340
C,impostor,1.1443
C,impostor,0.9662
C,impostor,1.0421
C,impostor,1.0281
C,impostor,1.2755
C,impostor,0.8584
C,impostor,0.7830
C,impostor,1.3227
C,impostor,1.1098
C,impostor,1.2292
C,impostor,0.7323
C,impostor,1.0182
C,impostor,1.3366
C,impostor,1.0503
C,impostor,0.9874
C,impostor,1.0838
C,impostor,0.7263
C,impostor,0.6587
C,impostor,1.1746
C,impostor,0.9221
C,impostor,1.0475
C,impostor,0.8965
C,impostor,1.2218
C,impostor,0.9346
C,impostor,0.8208
C,impostor,0.8293
C,impostor,0.9711
C,impostor,0.8317
C,impostor,1.0785
C,impostor,0.8990
C,impostor,1.1973
C,impostor,0.9155
C,impostor,0.9588
C,impostor,0.9899
C,impostor,1.0772
C,impostor,1.0701
C,impostor,0.9612
C,impostor,0.8896
C,impostor,0.8404
C,impostor,1.0172
C,impostor,1.1431
C,impostor,1.2795
C,impostor,1.0527
C,impostor,0.8614
C,impostor,1.2625
C,impostor,0.8769
C,impostor,1.2528
C,impostor,0.8838
C,impostor,1.0505
C,impostor,0.8332
C,impostor,0.9999
C,impostor,0.8474
C,impostor,0.8922
C,impostor,1.2894
C,impostor,0.8833
C,impostor,0.9876
C,impostor,1.0690
C,impostor,1.1642
C,impostor,0.7983
C,impostor,0.9100
C,impostor,1.2060
C,impostor,0.8786
C,impostor,1.2050
C,impostor,1.1440
C,impostor,1.1553
C,impostor,0.8155
C,impostor,1.0037
C,impostor,0.7342
C,impostor,1.1410
C,impostor,1.2793
C,impostor,0.7418
C,impostor,0.8964
C,impostor,0.9867
C,impostor,1.1844
C,impostor,1.2398
C,impostor,1.3538
C,impostor,0.9046
C,impostor,1.0963
C,impostor,1.2527
C,impostor,0.7556
C,impostor,0.9915
C,impostor,0.9807
C,impostor,1.0756
C,impostor,0.9100
C,impostor,0.9047
C,impostor,1.0512
C,impostor,0.7939
C,impostor,0.7943
C,impostor,1.1028
C,impostor,0.9516
C,impostor,1.0778
C,impostor,1.1820
C,impostor,0.7461
C,impostor,1.1918
C,impostor,1.1506
C,impostor,0.8528
C,impostor,0.9112
C,impostor,0.8651
C,impostor,0.9323
C,impostor,0.8327
C,impostor,1.2054
C,impostor,1.0439
C,impostor,0.8006
C,impostor,0.9357
C,impostor,1.0981
C,impostor,1.0100
C,impostor,0.6402
C,impostor,0.8032
C,impostor,0.7518
C,impostor,1.0911
C,impostor,1.0303
C,impostor,1.1094
C,impostor,0.9387
C,impostor,0.8911
C,impostor,1.0160
C,impostor,1.0554
C,impostor,1.0632
C,impostor,0.8953
C,impostor,1.0360
C,impostor,0.6750
C,impostor,1.1447
C,impostor,0.9574
C,impostor,0.8201
C,impostor,0.9192
C,impostor,0.8787
C,impostor,1.0496
C,impostor,1.1907
C,impostor,0.9138
C,impostor,0.9277
C,impostor,0.9604
C,impostor,1.1381
C,impostor,0.9024
C,impostor,1.1572
C,impostor,1.0346
C,impostor,0.8259
C,impostor,1.0345
C,impostor,1.1569
C,impostor,0.7862
C,impostor,1.0519
C,impostor,1.0789
C,impostor,1.0380
C,impostor,1.0935
C,impostor,1.0345
C,impostor,0.9580
C,impostor,1.2131
C,impostor,0.9570
C,impostor,0.9971
C,impostor,1.0847
C,impostor,1.0035
C,impostor,1.2215
C,impostor,1.0535
C,impostor,1.0513
C,impostor,0.8894
C,impostor,0.8175
C,impostor,1.0774
C,impostor,0.9681
C,impostor,0.9578
C,impostor,0.9664
C,impostor,1.1610
C,impostor,1.2343
C,impostor,1.0468
C,impostor,1.1201
C,impostor,1.1134
C,impostor,1.1017
C,impostor,0.9832
C,impostor,1.1414
C,impostor,0.9592
C,impostor,1.3059
C,impostor,1.0877
C,impostor,1.0826
C,impostor,1.0810
C,impostor,0.9626
C,impostor,1.0875
C,impostor,0.7368
C,impostor,1.0790
C,impostor,1.1286
C,impostor,1.0605
C,impostor,0.7373
C,impostor,1.1350
C,impostor,1.0894
C,impostor,1.4190
C,impostor,0.8588
C,impostor,0.8479
C,impostor,1.0137
C,impostor,0.8323
C,impostor,0.8834
C,impostor,0.9904
C,impostor,0.9890
C,impostor,0.9774
C,impostor,1.1859
C,impostor,0.8257
C,impostor,1.1324
C,impostor,1.2850
C,impostor,0.8494
C,impostor,0.8467
C,impostor,1.0338
C,impostor,0.9416
C,impostor,0.8846
C,impostor,1.1594
C,impostor,0.8618
C,impostor,0.9864
C,impostor,1.1381
C,impostor,1.0130
C,impostor,1.1085
C,impostor,0.5216
C,impostor,1.0961
C,impostor,1.1952
C,impostor,0.9300
C,impostor,1.2319
C,impostor,1.1445
C,impostor,0.9730
C,impostor,0.8948
C,impostor,1.0660
C,impostor,1.1019
C,impostor,1.1948
C,impostor,0.9749
C,impostor,1.0295
C,impostor,0.9689
C,impostor,1.1756
C,impostor,0.9486
C,impostor,1.0194
C,impostor,1.1485
C,impostor,1.0354
C,impostor,0.9727
C,impostor,0.9344
C,impostor,1.0202
C,impostor,1.0468
C,impostor,1.2448
C,impostor,0.9565
C,impostor,1.1488
C,impostor,0.9185
C,impostor,0.8250
C,impostor,1.0771
C,impostor,0.8481
C,impostor,0.9215
C,impostor,0.9358
C,impostor,1.0658
C,impostor,0.9542
C,impostor,1.1540
C,impostor,0.9076
C,impostor,0.7803
C,impostor,0.9644
C,impostor,1.0384
C,impostor,0.9460
C,impostor,0.9782
C,impostor,1.0014
C,impostor,1.2315
C,impostor,1.0114
C,impostor,0.9588
C,impostor,1.0961
C,impostor,1.0114
C,impostor,0.9854
C,impostor,0.8910
C,impostor,1.1544
C,impostor,0.8936
C,impostor,1.0285
C,impostor,1.2678
C,impostor,1.0353
C,impostor,0.8914
C,impostor,1.0673
C,impostor,0.8222
C,impostor,1.0723
C,impostor,1.0071
C,impostor,0.9698
C,impostor,0.9612
C,impostor,0.7756
C,impostor,1.1458
C,impostor,0.9025
C,impostor,1.0973
C,impostor,0.8202
C,impostor,0.9306
C,impostor,0.9222
C,impostor,0.7752
C,impostor,1.1322
C,impostor,0.8463
C,impostor,0.7846
C,impostor,0.9355
C,impostor,1.0765
C,impostor,1.3070
C,impostor,0.6453
C,impostor,1.1904
C,impostor,0.9763
C,impostor,0.9958
C,impostor,0.9366
C,impostor,1.0415
C,impostor,1.0798
C,impostor,0.9056
C,impostor,1.1084
C,impostor,0.9288
C,impostor,0.9080
C,impostor,0.9451
C,impostor,0.9481
C,impostor,0.8289
C,impostor,1.0387
C,impostor,1.0552
C,impostor,0.9376
C,impostor,0.9883
C,impostor,0.8629
C,impostor,1.0346
C,impostor,1.1811
C,impostor,1.1171
C,impostor,1.0087
C,impostor,0.8895
C,impostor,0.8791
C,impostor,0.8990
C,impostor,0.9753
C,impostor,1.2501
C,impostor,0.8156
C,impostor,1.0991
C,impostor,0.9306
C,impostor,1.0357
C,impostor,0.8435
C,impostor,1.1530
C,impostor,1.1040
C,impostor,0.8465
C,impostor,0.9907
C,impostor,0.8587
C,impostor,0.8820
C,impostor,1.0903
C,impostor,1.2201
C,impostor,1.0314
C,impostor,0.8722
C,impostor,1.0909
C,impostor,0.8711
C,impostor,0.8242
C,impostor,0.9153
C,impostor,0.9285
C,impostor,1.1471
C,impostor,1.2796
C,impostor,0.7782
C,impostor,1.0108
C,impostor,0.7643
C,impostor,1.2953
C,impostor,1.0319
C,impostor,1.0828
C,impostor,0.9500
C,impostor,0.8565
C,impostor,0.7284
C,impostor,0.9461
C,impostor,0.8084
C,impostor,1.1265
C,impostor,0.7828
C,impostor,0.9470
C,impostor,1.2214
C,impostor,1.0722
C,impostor,0.9637
C,impostor,0.9204
C,impostor,1.2126
C,impostor,1.0819
C,impostor,1.0772
C,impostor,0.7297
C,impostor,0.9875
C,impostor,1.0941
C,impostor,0.9781
C,impostor,0.7616
C,impostor,1.1516
C,impostor,0.9964
C,impostor,0.8675
C,impostor,0.6545
C,impostor,1.2027
C,impostor,1.1370
C,impostor,0.8492
C,impostor,0.9869
C,impostor,1.1509
C,impostor,0.8489
C,impostor,0.8199
C,impostor,0.9815
C,impostor,0.9057
C,impostor,0.9175
C,impostor,0.7592
C,impostor,0.8565
C,impostor,1.0921
C,impostor,0.8439
C,impostor,1.0455
C,impostor,1.0814
C,impostor,1.4078
C,impostor,1.1330
C,impostor,1.1916
C,impostor,1.0495
C,impostor,1.0502
C,impostor,0.7827
C,impostor,1.0397
C,impostor,1.0692
C,impostor,1.0091
C,impostor,0.9807
C,impostor,0.7794
C,impostor,1.1385
C,impostor,1.1324
C,impostor,1.1783
C,impostor,1.0949
C,impostor,0.9333
C,impostor,0.9701
C,impostor,0.8077
C,impostor,0.8173
C,impostor,0.9442
C,impostor,0.8929
C,impostor,1.1532
C,impostor,1.3193
C,impostor,0.9775
C,impostor,0.8975
C,impostor,0.9014
C,impostor,1.1322
C,impostor,1.1137
C,impostor,0.9512
C,impostor,1.0018
C,impostor,1.2757
C,impostor,1.1207
C,impostor,1.2260
C,impostor,1.0285
C,impostor,1.1327
C,impostor,0.8876
C,impostor,0.8895
C,impostor,1.0578
C,impostor,1.0203
C,impostor,0.9016
C,impostor,1.0176
C,impostor,1.1503
C,impostor,1.1813
C,impostor,0.9315
C,impostor,0.7928
C,impostor,0.7634
C,impostor,1.0121
C,impostor,0.9243
C,impostor,1.1428
C,impostor,0.8022
C,impostor,0.9661
C,impostor,1.0531
C,impostor,0.8815
C,impostor,0.9252
C,impostor,1.1602
C,impostor,0.9576
C,impostor,1.0171
C,impostor,0.8285
C,impostor,0.8093
C,impostor,1.2324
C,impostor,1.1188
C,impostor,0.8789
C,impostor,0.8232
C,impostor,0.8573
C,impostor,0.9469
C,impostor,0.8782
C,impostor,1.1471
C,impostor,0.6768
C,impostor,1.0865
C,impostor,0.8656
C,impostor,0.9533
C,impostor,0.8865
C,impostor,0.9244
C,impostor,1.1684
C,impostor,1.0029
C,impostor,1.0830
C,impostor,0.7973
C,impostor,0.9963
C,impostor,0.9307
C,impostor,1.0103
C,impostor,1.1140
C,impostor,0.9433
C,impostor,0.9581
C,impostor,0.9435
C,impostor,1.0790
C,impostor,0.9698
C,impostor,1.2177
C,impostor,0.9458
C,impostor,1.0187
C,impostor,0.7111
C,impostor,0.9773
C,impostor,1.1868
C,impostor,0.8674
C,impostor,1.0124
C,impostor,1.0364
C,impostor,0.9718
C,impostor,1.0119
C,impostor,1.0350
C,impostor,1.0594
C,impostor,0.9678
C,impostor,1.1392
C,impostor,0.9645
C,impostor,0.9116
C,impostor,1.0390
C,impostor,0.9856
C,impostor,1.0895
C,impostor,0.7575
C,impostor,1.0645
C,impostor,0.9248
C,impostor,1.1659
C,impostor,0.8016
C,impostor,0.9211
C,impostor,1.0605
C,impostor,1.1819
C,impostor,0.8243
C,impostor,0.8585
C,impostor,1.0244
C,impostor,1.0341
C,impostor,0.8411
C,impostor,1.0097
C,impostor,1.0241
C,impostor,1.2199
C,impostor,1.1787
C,impostor,0.9359
C,impostor,0.9714
C,impostor,0.9345
C,impostor,0.8709
C,impostor,1.0594
C,impostor,1.1880
C,impostor,0.6927
C,impostor,0.9617
C,impostor,0.9113
C,impostor,0.9514
C,impostor,0.8603
C,impostor,1.0886
C,impostor,1.1748
C,impostor,1.1403
C,impostor,0.7707
C,impostor,0.9772
C,impostor,1.0646
C,impostor,0.8578
C,impostor,1.0727
C,impostor,1.0527
C,impostor,0.9058
C,impostor,0.7957
C,impostor,1.1587
C,impostor,1.3300
C,impostor,0.8195
C,impostor,0.8054
C,impostor,0.9265
C,impostor,0.9013
C,impostor,1.0182
C,impostor,0.9044
C,impostor,1.3871
C,impostor,0.9784
C,impostor,0.8318
C,impostor,0.8536
C,impostor,0.9680
C,impostor,1.0445
C,impostor,1.0240
C,impostor,0.9665
C,impostor,1.0452
C,impostor,1.3899
C,impostor,1.1297
C,impostor,1.1396
C,impostor,1.0825
C,impostor,1.1226
C,impostor,0.9793
C,impostor,0.9159
C,impostor,1.2880
C,impostor,0.9832
C,impostor,0.9950
C,impostor,1.0694
C,impostor,0.8783
C,impostor,1.0981
C,impostor,0.9027
C,impostor,0.8723
C,impostor,0.8164
C,impostor,0.9700
C,impostor,0.9298
C,impostor,1.0534
C,impostor,1.1179
C,impostor,0.8466
C,impostor,1.0554
C,impostor,0.9430
C,impostor,1.0014
C,impostor,1.2750
C,impostor,0.8666
C,impostor,0.7431
C,impostor,0.9064
C,impostor,0.9552
C,impostor,0.8857
C,impostor,1.1868
C,impostor,1.1429
C,impostor,0.8094
C,impostor,1.1930
C,impostor,1.1870
C,impostor,0.8657
C,impostor,0.7899
C,impostor,0.8132
C,impostor,0.8711
C,impostor,1.1152
C,impostor,0.8861
C,impostor,1.0739
C,impostor,1.2895
C,impostor,1.0284
C,impostor,0.9995
C,impostor,1.0093
C,impostor,0.9256
C,impostor,0.7849
C,impostor,0.9016
C,impostor,1.1323
C,impostor,1.1123
C,impostor,1.2057
C,impostor,0.9655
C,impostor,0.9428
C,impostor,1.2302
C,impostor,1.2473
C,impostor,1.0748
C,impostor,1.1218
C,impostor,1.3325
C,impostor,1.0799
C,impostor,0.8806
C,impostor,1.0318
C,impostor,1.0520
C,impostor,1.2583
C,impostor,0.9246
C,impostor,1.0159
C,impostor,1.2743
C,impostor,1.0519
C,impostor,1.0392
C,impostor,0.7353
C,impostor,0.8416
C,impostor,0.7735
C,impostor,1.0697
C,impostor,0.9119
C,impostor,0.9333
C,impostor,1.0532
C,impostor,0.9812
C,impostor,1.0200
C,impostor,1.0346
C,impostor,1.2297
C,impostor,1.1657
C,impostor,0.9620
C,impostor,0.8406
C,impostor,1.0486
C,impostor,1.0379
C,impostor,0.9060
C,impostor,0.8286
C,impostor,0.9101
C,impostor,1.2182
C,impostor,0.9297
C,impostor,0.7294
C,impostor,0.8942
C,impostor,1.0677
C,impostor,0.8586
C,impostor,1.1502
C,impostor,1.1337
C,impostor,0.9584
C,impostor,0.6911
C,impostor,1.0974
C,impostor,1.1954
C,impostor,0.6839
C,impostor,1.2172
C,impostor,1.1514
C,impostor,1.4552
C,impostor,0.7893
C,impostor,0.8102
C,impostor,0.9230
C,impostor,0.9235
C,impostor,1.3021
C,impostor,0.9392
C,impostor,1.0614
C,impostor,1.1118
C,impostor,1.2117
C,impostor,0.6791
C,impostor,0.9459
C,impostor,1.0399
C,impostor,1.0515
C,impostor,1.0857
C,impostor,0.9352
C,impostor,1.0573
C,impostor,1.1296
C,impostor,0.9179
C,impostor,1.1315
C,impostor,0.7515
C,impostor,1.0494
C,impostor,1.0182
C,impostor,1.0375
C,impostor,0.7995
C,impostor,1.0837
C,impostor,0.9227
C,impostor,1.1813
C,impostor,0.9049
C,impostor,1.2036
C,impostor,0.7962
C,impostor,1.0758
C,impostor,0.9509
C,impostor,0.9624
C,impostor,1.0846
C,impostor,0.8873
C,impostor,1.1041
C,impostor,1.1032
C,impostor,1.0350
C,impostor,0.9658
C,impostor,0.9277
C,impostor,1.1383
C,impostor,0.9612
C,impostor,1.1332
C,impostor,0.9368
C,impostor,0.7624
C,impostor,1.0384
C,impostor,1.0392
C,impostor,0.9544
C,impostor,0.9872
C,impostor,1.0808
C,impostor,0.5663
C,impostor,0.8477
C,impostor,0.9074
C,impostor,0.8691
C,impostor,1.1729
C,impostor,0.9211
C,impostor,0.8985
C,impostor,0.7830
C,impostor,0.9675
C,impostor,1.0209
C,impostor,0.9970
C,impostor,0.8540
C,impostor,0.9460
C,impostor,1.0613
C,impostor,1.1134
C,impostor,0.7145
C,impostor,1.0346
C,impostor,1.1001
C,impostor,0.9664
C,impostor,1.0936
C,impostor,1.0850
C,impostor,1.1996
C,impostor,1.0133
C,impostor,1.0725
C,impostor,1.0318
C,impostor,1.0815
C,impostor,0.7595
C,impostor,0.9476
C,impostor,0.9787
C,impostor,0.9682
C,impostor,1.0215
C,impostor,0.6907
C,impostor,1.1155
C,impostor,0.8678
C,impostor,1.0923
C,impostor,0.7614
C,impostor,0.8223
C,impostor,1.1757
C,impostor,0.6633
C,impostor,0.9436
C,impostor,1.1684
C,impostor,1.0552
C,impostor,1.0286
C,impostor,0.9696
C,impostor,1.0144
C,impostor,0.9908
C,impostor,0.9794
C,impostor,1.1331
C,impostor,0.7259
C,impostor,0.9587
C,impostor,0.8750
C,impostor,0.8711
C,impostor,0.9277
C,impostor,1.0269
C,impostor,0.9626
C,impostor,1.2141
C,impostor,1.1533
C,impostor,0.9782
C,impostor,1.0076
C,impostor,1.1525
C,impostor,0.9339
C,impostor,0.8415
C,impostor,0.9681
C,impostor,0.8508
C,impostor,1.1686
C,impostor,0.9206
C,impostor,1.1314
C,impostor,0.9006
C,impostor,0.9298
C,impostor,0.7348
C,impostor,1.0707
C,impostor,0.9629
C,impostor,1.1929
C,impostor,1.0637
C,impostor,1.1895
C,impostor,0.7942
C,impostor,1.2965
C,impostor,0.7287
C,impostor,1.1637
C,impostor,1.0199
C,impostor,0.6531
C,impostor,1.2335
C,impostor,0.9857
C,impostor,0.8409
C,impostor,0.9521
C,impostor,1.2500
C,impostor,1.3287
C,impostor,0.7115
C,impostor,0.9864
C,impostor,0.9854
C,impostor,1.1040
C,impostor,1.3706
C,impostor,1.0474
C,impostor,0.9526
C,impostor,0.8159
C,impostor,1.1577
C,impostor,0.9175
C,impostor,0.9976
C,impostor,1.0707
C,impostor,0.9445
C,impostor,0.8328
C,impostor,1.1304
C,impostor,1.3690
C,impostor,0.8402
C,impostor,0.7072
C,impostor,1.3064
C,impostor,0.9487
C,impostor,1.2139
C,impostor,0.9350
C,impostor,1.0619
C,impostor,1.0739
C,impostor,1.0002
C,impostor,1.0171
C,impostor,0.9941
C,impostor,0.9593
C,impostor,0.9861
C,impostor,1.1409
C,impostor,0.9765
C,impostor,1.0777
C,impostor,1.2042
C,impostor,1.2220
C,impostor,0.8925
C,impostor,1.1154
C,impostor,0.8969
C,impostor,0.8928
C,impostor,0.9104
C,impostor,1.0928
C,impostor,1.3111
C,impostor,1.2441
C,impostor,0.8924
C,impostor,0.8484
C,impostor,1.2681
C,impostor,0.7579
C,impostor,1.0753
C,impostor,0.9957
C,impostor,0.9608
C,impostor,0.8856
C,impostor,0.8541
C,impostor,1.0026
C,impostor,1.2640
C,impostor,0.8100
C,impostor,1.2390
C,impostor,1.1190
C,impostor,1.0285
C,impostor,1.2656
C,impostor,1.1889
C,impostor,0.9366
C,impostor,0.7921
C,impostor,1.1226
C,impostor,0.9359
C,impostor,1.0758
C,impostor,0.9877
C,impostor,0.7269
C,impostor,0.9887
C,impostor,0.9579
C,impostor,0.8654
C,impostor,0.8878
C,impostor,0.9663
C,impostor,0.9295
C,impostor,1.2303
C,impostor,0.9170
C,impostor,0.9526
C,impostor,1.0652
C,impostor,1.2055
C,impostor,1.0171
C,impostor,1.0403
C,impostor,1.1853
C,impostor,1.1180
C,impostor,0.9000
C,impostor,0.6776
C,impostor,0.9524
C,impostor,0.9633
C,impostor,1.0871
C,impostor,0.7322
C,impostor,1.3462
C,impostor,1.0989
C,impostor,1.0600
C,impostor,1.0970
C,impostor,1.0537
C,impostor,0.7586
C,impostor,1.0451
C,impostor,0.9996
C,impostor,0.8022
C,impostor,0.8460
C,impostor,1.1825
C,impostor,0.8221
C,impostor,0.9164
C,impostor,1.1343
C,impostor,0.7811
C,impostor,0.9763
C,impostor,0.8326
C,impostor,1.1111
C,impostor,0.9908
C,impostor,1.1950
C,impostor,1.0215
C,impostor,1.0211
C,impostor,0.9027
C,impostor,1.1409
C,impostor,0.8720
C,impostor,1.1774
C,impostor,0.9953
C,impostor,1.2713
C,impostor,0.8646
C,impostor,1.0609
C,impostor,1.0888
C,impostor,0.8961
C,impostor,0.8737
C,impostor,1.0807
C,impostor,0.8252
C,impostor,1.0427
C,impostor,0.8979
C,impostor,1.0212
C,impostor,1.2769
C,impostor,1.0612
C,impostor,0.9778
C,impostor,0.8919
C,impostor,1.0275
C,impostor,1.2273
C,impostor,1.0316
C,impostor,1.1348
C,impostor,1.0739
C,impostor,1.0685
C,impostor,0.9836
C,impostor,1.0027
C,impostor,0.9079
C,impostor,1.1412
C,impostor,0.9359
C,impostor,1.0353
C,impostor,0.8242
C,impostor,1.2610
C,impostor,0.9659
C,impostor,1.2602
C,impostor,0.9089
C,impostor,1.2452
C,impostor,1.3028
C,impostor,0.9445
C,impostor,1.2426
C,impostor,1.3894
C,impostor,0.9820
C,impostor,0.8891
C,impostor,0.8512
C,impostor,1.1490
C,impostor,1.0635
C,impostor,1.1092
C,impostor,0.8766
C,impostor,1.1197
C,impostor,1.0772
C,impostor,1.2670
C,impostor,0.9974
C,impostor,1.0214
C,impostor,1.0764
C,impostor,1.0576
C,impostor,0.7557
C,impostor,1.0829
C,impostor,1.1997
C,impostor,1.0042
C,impostor,0.9169
C,impostor,1.1160
C,impostor,1.0104
C,impostor,1.2470
C,impostor,1.0684
C,impostor,1.2171
C,impostor,0.7659
C,impostor,0.9227
C,impostor,0.7754
C,impostor,0.8133
C,impostor,1.0517
C,impostor,0.9117
C,impostor,0.9851
C,impostor,0.8955
C,impostor,0.9447
C,impostor,1.2475
C,impostor,1.1452
C,impostor,1.0008
C,impostor,0.9742
C,impostor,0.8799
C,impostor,0.9348
C,impostor,0.9999
C,impostor,1.2172
C,impostor,1.0893
C,impostor,1.2131
C,impostor,1.0827
C,impostor,1.1460
C,impostor,0.6779
C,impostor,0.9444
C,impostor,1.0089
C,impostor,1.0611
C,impostor,1.1388
C,impostor,0.8824
C,impostor,0.9340
C,impostor,1.0404
C,impostor,1.1270
C,impostor,1.1308
C,impostor,1.0127
C,impostor,1.2319
C,impostor,1.0666
C,impostor,0.7021
C,impostor,1.1188
C,impostor,0.9619
C,impostor,0.8625
C,impostor,1.1245
C,impostor,1.0240
C,impostor,0.8160
C,impostor,1.0439
C,impostor,0.9987
C,impostor,1.0129
C,impostor,1.0535
C,impostor,0.8066
C,impostor,1.0422
C,impostor,0.8706
C,impostor,0.7661
C,impostor,0.9956
C,impostor,0.8316
C,impostor,1.1682
C,impostor,1.0003
C,impostor,0.8013
C,impostor,0.9547
C,impostor,0.8915
C,impostor,0.9875
C,impostor,0.9527
C,impostor,1.0299
C,impostor,0.8328
C,impostor,1.0252
C,impostor,1.0441
C,impostor,1.1109
C,impostor,1.2214
C,impostor,1.2321
C,impostor,0.7989
C,impostor,1.0822
C,impostor,0.9465
C,impostor,0.8357
C,impostor,1.1014
C,impostor,0.9291
C,impostor,1.1188
C,impostor,0.9889
C,impostor,1.1017
C,impostor,0.8265
C,impostor,1.1626
C,impostor,0.7898
C,impostor,0.9578
C,impostor,1.0138
C,impostor,1.1672
C,impostor,1.2059
C,impostor,0.8996
C,impostor,1.0006
C,impostor,1.2104
C,impostor,1.0063
C,impostor,1.0559
C,impostor,0.9611
C,impostor,1.1542
C,impostor,0.8607
C,impostor,1.1347
C,impostor,0.9976
C,impostor,0.8414
C,impostor,1.0804
C,impostor,0.9326
C,impostor,0.9057
C,impostor,0.8249
C,impostor,1.0488
C,impostor,0.9926
C,impostor,1.0707
C,impostor,1.1708
C,impostor,1.0517
C,impostor,0.8377
C,impostor,1.1273
C,impostor,1.3748
C,impostor,1.0371
C,impostor,1.1104
C,impostor,1.2953
C,impostor,0.8846
C,impostor,0.8305
C,impostor,1.0468
C,impostor,0.9211
C,impostor,0.8067
C,impostor,1.0000
C,impostor,0.9551
C,impostor,0.8841
C,impostor,1.1692
C,impostor,1.1561
C,impostor,1.1903
C,impostor,1.1829
C,impostor,0.9971
C,impostor,1.0492
C,impostor,1.0389
C,impostor,1.0347
C,impostor,0.9770
C,impostor,0.9623
C,impostor,0.9562
C,impostor,0.8221
C,impostor,0.9389
C,impostor,0.9398
C,impostor,1.0150
C,impostor,0.9544
C,impostor,1.1708
C,impostor,1.0486
C,impostor,0.8572
C,impostor,1.1223
C,impostor,1.2332
C,impostor,1.4594
C,impostor,1.1673
C,impostor,1.0155
C,impostor,1.0201
C,impostor,1.2884
C,impostor,0.8684
C,impostor,1.1945
C,impostor,1.0129
C,impostor,0.8452
C,impostor,0.8079
C,impostor,0.8281
C,impostor,0.9039
C,impostor,1.0108
C,impostor,1.2607
C,impostor,0.8130
C,impostor,0.8515
C,impostor,1.2064
C,impostor,1.0697
C,impostor,1.0562
C,impostor,1.0293
C,impostor,1.0506
C,impostor,0.9134
C,impostor,1.0488
C,impostor,1.2042
C,impostor,1.1642
C,impostor,0.9641
C,impostor,1.0769
C,impostor,0.7718
C,impostor,0.9503
C,impostor,1.1149
C,impostor,0.9139
C,impostor,0.8861
C,impostor,0.8663
C,impostor,1.0570
C,impostor,1.0632
C,impostor,1.0218
C,impostor,0.8287
C,impostor,0.9275
C,impostor,1.0247
C,impostor,1.1885
C,impostor,1.1431
C,impostor,0.8871
C,impostor,1.1164
C,impostor,0.8595
C,impostor,0.9580
C,impostor,0.9433
C,impostor,1.1008
C,impostor,1.0595
C,impostor,0.7963
C,impostor,1.1282
C,impostor,0.9329
C,impostor,0.9680
C,impostor,0.6433
C,impostor,0.9279
C,impostor,0.7075
C,impostor,1.1782
C,impostor,1.1054
C,impostor,0.9069
C,impostor,0.9891
C,impostor,0.8511
C,impostor,0.9744
C,impostor,1.1063
C,impostor,0.9413
C,impostor,1.1053
C,impostor,1.0876
C,impostor,0.9893
C,impostor,0.7174
C,impostor,0.9434
C,impostor,0.7915
C,impostor,0.9997
C,impostor,1.2040
C,impostor,1.0539
C,impostor,1.0531
C,impostor,0.9089
C,impostor,0.7898
C,impostor,0.9270
C,impostor,1.1101
C,impostor,1.1463
C,impostor,0.9117
C,impostor,1.2229
C,impostor,0.9123
C,impostor,1.2069
C,impostor,0.8597
C,impostor,0.9231
C,impostor,1.0761
C,impostor,1.1590
C,impostor,1.0453
C,impostor,0.9871
C,impostor,1.1010
C,impostor,0.8310
C,impostor,0.9907
C,impostor,0.8346
C,impostor,1.1381
C,impostor,1.1252
C,impostor,0.8172
C,impostor,0.9173
C,impostor,1.0304
C,impostor,0.7644
C,impostor,1.1698
C,impostor,1.0920
C,impostor,0.7690
C,impostor,0.8969
C,impostor,1.0510
C,impostor,0.9896
C,impostor,1.2194
C,impostor,1.1260
C,impostor,1.0746
C,impostor,1.0176
C,impostor,0.8478
C,impostor,1.0719
C,impostor,0.9750
C,impostor,0.8496
C,impostor,1.2591
C,impostor,0.8810
C,impostor,1.0360
C,impostor,0.8604
C,impostor,1.0405
C,impostor,0.9404
C,impostor,0.8857
C,impostor,0.8098
C,impostor,0.8971
C,impostor,0.8167
C,impostor,1.3394
C,impostor,0.9400
C,impostor,0.9930
C,impostor,0.9524
C,impostor,1.0785
C,impostor,1.0492
C,impostor,1.0167
C,impostor,1.1439
C,impostor,1.1214
C,impostor,0.8894
C,impostor,1.1735
C,impostor,1.2283
C,impostor,1.0071
C,impostor,1.2106
C,impostor,1.1230
C,impostor,1.1026
C,impostor,1.2325
C,impostor,1.0913
C,impostor,0.9080
C,impostor,0.8981
C,impostor,0.9217
C,impostor,0.9797
C,impostor,1.2106
C,impostor,0.8056
C,impostor,1.0908
C,impostor,1.1573
C,impostor,1.1148
C,impostor,0.9844
C,impostor,0.8649
C,impostor,0.9604
C,impostor,0.8260
C,impostor,0.8891
C,impostor,1.0290
C,impostor,0.8593
C,impostor,0.8396
C,impostor,1.1566
C,impostor,1.1465
C,impostor,0.9441
C,impostor,1.0843
C,impostor,0.9969
C,impostor,1.0374
C,impostor,0.9563
C,impostor,0.9945
C,impostor,1.0431
C,impostor,1.0645
C,impostor,0.8312
C,impostor,1.0221
C,impostor,0.7411
C,impostor,0.9748
C,impostor,1.0996
C,impostor,0.8606
C,impostor,0.9576
C,impostor,1.0304
C,impostor,1.0072
C,impostor,1.1085
C,impostor,0.7326
C,impostor,1.1367
C,impostor,1.1205
C,impostor,1.1549
C,impostor,0.7691
C,impostor,0.8182
C,impostor,1.0799
C,impostor,0.7906
C,impostor,0.9070
C,impostor,0.8059
C,impostor,0.9339
C,impostor,1.1034
C,impostor,0.7985
C,impostor,1.0221
C,impostor,0.9060
C,impostor,0.8517
C,impostor,0.9851
C,impostor,1.0736
C,impostor,1.1024
C,impostor,0.8610
C,impostor,1.0398
C,impostor,1.0456
C,impostor,0.8412
C,impostor,1.0499
C,impostor,1.1084
C,impostor,0.7372
C,impostor,0.9278
C,impostor,1.0403
C,impostor,1.0497
C,impostor,0.9839
C,impostor,0.9618
C,impostor,1.0972
C,impostor,0.8326
C,impostor,0.8060
C,impostor,0.9576
C,impostor,0.9683
C,impostor,0.8618
C,impostor,0.9201
C,impostor,0.5787
C,impostor,1.0004
C,impostor,0.9798
C,impostor,0.9732
C,impostor,1.2476
C,impostor,1.1183
C,impostor,0.7150
C,impostor,0.9071
C,impostor,1.1068
C,impostor,1.0151
C,impostor,0.8750
C,impostor,1.0632
C,impostor,0.9674
C,impostor,1.0404
C,impostor,0.8980
C,impostor,1.1219
C,impostor,0.9515
C,impostor,0.8404
C,impostor,1.2569
C,impostor,0.8011
C,impostor,0.8677
C,impostor,1.0244
C,impostor,1.1384
C,impostor,1.1738
C,impostor,0.9914
C,impostor,1.0360
C,impostor,0.8334
C,impostor,0.7898
C,impostor,1.1421
C,impostor,0.7531
C,impostor,0.9126
C,impostor,0.8222
C,impostor,1.0558
C,impostor,0.8178
C,impostor,1.1014
C,impostor,1.1216
C,impostor,0.7071
C,impostor,1.1159
C,impostor,0.7460
C,impostor,1.1029
C,impostor,1.0067
C,impostor,0.8653
C,impostor,1.1150
C,impostor,1.0057
C,impostor,1.1467
C,impostor,0.9221
C,impostor,0.9098
C,impostor,0.9056
C,impostor,0.7735
C,impostor,0.9968
C,impostor,0.9911
C,impostor,0.9405
C,impostor,0.8846
C,impostor,0.9734
C,impostor,1.0270
C,impostor,1.1529
C,impostor,1.0183
C,impostor,1.2317
C,impostor,0.7222
C,impostor,1.0310
C,impostor,0.9264
C,impostor,1.1804
C,impostor,0.8741
C,impostor,0.9074
C,impostor,1.1339
C,impostor,0.9666
C,impostor,1.1050
C,impostor,0.7426
C,impostor,1.1764
C,impostor,1.3452
C,impostor,0.8680
C,impostor,1.1940
C,impostor,0.9008
C,impostor,1.0815
C,impostor,1.0028
C,impostor,1.0736
C,impostor,0.9041
C,impostor,0.9988
C,impostor,1.2193
C,impostor,1.1515
C,impostor,1.5459
C,impostor,0.8340
C,impostor,0.6344
C,impostor,0.9741
C,impostor,0.9570
C,impostor,0.8052
C,impostor,0.9270
C,impostor,1.0628
C,impostor,1.0541
C,impostor,0.9557
C,impostor,1.2208
C,impostor,1.0057
C,impostor,1.0486
C,impostor,0.7992
C,impostor,1.1890
C,impostor,0.9652
C,impostor,1.1968
C,impostor,0.8345
C,impostor,1.0920
C,impostor,0.8089
C,impostor,1.1765
C,impostor,0.9342
C,impostor,0.8983
C,impostor,1.1250
C,impostor,0.9498
C,impostor,0.8526
C,impostor,1.2038
C,impostor,1.1048
C,impostor,0.9946
C,impostor,1.1388
C,impostor,1.0136
C,impostor,1.1180
C,impostor,0.6726
C,impostor,1.2813
C,impostor,0.7389
C,impostor,1.0445
C,impostor,0.9948
C,impostor,1.1552
C,impostor,0.9485
C,impostor,0.8952
C,impostor,0.8026
C,impostor,0.9195
C,impostor,1.1842
C,impostor,0.9234
C,impostor,0.9914
C,impostor,1.0473
C,impostor,0.9445
C,impostor,0.8266
C,impostor,1.0359
C,impostor,0.9555
C,impostor,0.8026
C,impostor,1.1373
C,impostor,1.1802
C,impostor,1.0558
C,impostor,1.0111
C,impostor,1.0616
C,impostor,0.8944
C,impostor,0.7481
C,impostor,0.9385
C,impostor,1.1831
C,impostor,1.0715
C,impostor,1.1191
C,impostor,0.8275
C,impostor,1.0018
C,impostor,1.0396
C,impostor,1.2365
C,impostor,0.8905
C,impostor,0.9472
C,impostor,1.0653
C,impostor,1.1545
C,impostor,1.0400
C,impostor,1.1342
C,impostor,1.0881
C,impostor,1.0791
C,impostor,1.2653
C,impostor,0.9613
C,impostor,0.9512
C,impostor,1.2285
C,impostor,1.1187
C,impostor,0.6530
C,impostor,1.0973
C,impostor,1.0137
C,impostor,0.8750
C,impostor,0.9742
C,impostor,0.7604
C,impostor,1.3788
C,impostor,0.8464
C,impostor,1.1875
C,impostor,0.9382
C,impostor,1.0207
C,impostor,0.9615
C,impostor,0.9604
C,impostor,1.1253
C,impostor,0.8785
C,impostor,0.9380
C,impostor,1.0715
C,impostor,0.8382
C,impostor,0.9292
C,impostor,0.8963
C,impostor,0.9408
C,impostor,0.9421
C,impostor,1.2190
C,impostor,0.9123
C,impostor,1.0449
C,impostor,1.1689
C,impostor,1.0717
C,impostor,0.8435
C,impostor,1.0136
C,impostor,1.1899
C,impostor,1.3036
C,impostor,0.9118
C,impostor,0.9964
C,impostor,0.9214
C,impostor,1.0081
C,impostor,1.3176
C,impostor,0.9795
C,impostor,1.0355
C,impostor,0.9621
C,impostor,1.0764
C,impostor,1.3063
C,impostor,0.7076
C,impostor,1.4202
C,impostor,0.8333
C,impostor,1.1580
C,impostor,1.1104
C,impostor,0.9120
C,impostor,1.1794
C,impostor,1.1933
C,impostor,0.9343
C,impostor,0.9094
C,impostor,0.8254
C,impostor,1.2266
C,impostor,0.8471
C,impostor,1.0342
C,impostor,0.7689
C,impostor,0.8327
C,impostor,0.9401
C,impostor,0.9743
C,impostor,0.9251
C,impostor,0.7076
C,impostor,1.1699
C,impostor,1.0521
C,impostor,1.1852
C,impostor,1.0234
C,impostor,1.1583
C,impostor,1.0941
C,impostor,1.2056
C,impostor,0.7965
C,impostor,0.9415
C,impostor,0.9995
C,impostor,1.2094
C,impostor,0.9783
C,impostor,1.1258
C,impostor,1.0990
C,impostor,1.0331
C,impostor,1.0329
C,impostor,0.9363
C,impostor,1.1280
C,impostor,1.1776
C,impostor,0.7858
C,impostor,1.0824
C,impostor,0.9271
C,impostor,1.0136
C,impostor,1.1981
C,impostor,1.0260
C,impostor,0.8920
C,impostor,0.9759
C,impostor,1.1778
C,impostor,0.7546
C,impostor,0.8422
C,impostor,1.0843
C,impostor,0.8864
C,impostor,0.9449
C,impostor,1.0558
C,impostor,0.7081
C,impostor,1.1352
C,impostor,0.7579
C,impostor,0.8710
C,impostor,0.8663
C,impostor,0.9623
C,impostor,1.0388
C,impostor,1.0435
C,impostor,1.0514
C,impostor,0.7354
C,impostor,0.8841
C,impostor,1.0596
C,impostor,1.1066
C,impostor,1.0286
C,impostor,1.2950
C,impostor,0.9405
C,impostor,0.9466
C,impostor,1.1622
C,impostor,0.7957
C,impostor,0.9957
C,impostor,1.0798
C,impostor,0.8673
C,impostor,0.9760
C,impostor,0.9262
C,impostor,0.9508
C,impostor,1.0459
C,impostor,0.9552
C,impostor,1.3625
C,impostor,0.8808
C,impostor,0.9038
C,impostor,1.0617
C,impostor,0.8950
C,impostor,0.9040
C,impostor,1.1929
C,impostor,1.1260
C,impostor,1.0569
C,impostor,0.9080
C,impostor,1.0340
C,impostor,0.6533
C,impostor,0.8324
C,impostor,0.9047
C,impostor,0.7131
C,impostor,0.6967
C,impostor,1.1202
C,impostor,1.1274
C,impostor,1.0103
C,impostor,0.9836
C,impostor,1.1552
C,impostor,1.3678
C,impostor,1.1515
C,impostor,0.9355
C,impostor,1.2924
C,impostor,0.9318
C,impostor,1.2446
C,impostor,1.0403
C,impostor,1.1150
C,impostor,1.0088
C,impostor,1.2280
C,impostor,1.1736
C,impostor,1.0731
C,impostor,0.8751
C,impostor,1.3179
C,impostor,1.0372
C,impostor,0.9900
C,impostor,1.2494
C,impostor,1.0058
C,impostor,0.8404
C,impostor,0.8744
C,impostor,0.9574
C,impostor,0.9943
C,impostor,1.1025
C,impostor,1.1229
C,impostor,1.0414
C,impostor,1.0679
C,impostor,0.8160
C,impostor,0.9172
C,impostor,1.2031
C,impostor,1.0505
C,impostor,0.9075
C,impostor,0.8954
C,impostor,0.6840
C,impostor,1.2692
C,impostor,0.8190
C,impostor,1.0932
C,impostor,1.2118
C,impostor,0.9001
C,impostor,1.1300
C,impostor,0.6924
C,impostor,0.8687
C,impostor,0.9452
C,impostor,0.8143
C,impostor,1.1354
C,impostor,0.8407
C,impostor,0.8553
C,impostor,1.0954
C,impostor,1.0475
C,impostor,1.0749
C,impostor,0.7104
C,impostor,0.7796
C,impostor,0.9616
C,impostor,0.9225
C,impostor,0.9403
C,impostor,0.9890
C,impostor,0.7792
C,impostor,0.6699
C,impostor,0.9886
C,impostor,0.6817
C,impostor,1.1035
C,impostor,0.8100
C,impostor,1.2925
C,impostor,1.0233
C,impostor,0.7742
C,impostor,1.1075
C,impostor,1.2031
C,impostor,0.9389
C,impostor,0.6314
C,impostor,0.8150
C,impostor,1.2019
C,impostor,0.7800
C,impostor,1.2296
C,impostor,1.0481
C,impostor,0.9742
C,impostor,1.1058
C,impostor,1.1678
C,impostor,1.0199
C,impostor,0.9545
C,impostor,1.0009
C,impostor,1.1851
C,impostor,0.7552
C,impostor,1.1890
C,impostor,0.9924
C,impostor,1.0454
C,impostor,0.8096
C,impostor,1.2047
C,impostor,0.7071
C,impostor,1.0077
C,impostor,1.0467
C,impostor,0.6476
C,impostor,1.0754
C,impostor,1.0233
C,impostor,0.9567
C,impostor,1.2305
C,impostor,1.0270
C,impostor,0.7097
C,impostor,1.0437
C,impostor,1.1952
C,impostor,1.1085
C,impostor,0.9760
C,impostor,0.8784
C,impostor,0.9315
C,impostor,0.9843
C,impostor,1.1054
C,impostor,0.9201
C,impostor,0.7247
C,impostor,1.0821
C,impostor,0.8487
C,impostor,0.8380
C,impostor,0.9724
C,impostor,0.8924
C,impostor,1.0076
C,impostor,0.9308
C,impostor,0.9947
C,impostor,1.0637
C,impostor,0.6578
C,impostor,1.1676
C,impostor,1.0930
C,impostor,1.1892
C,impostor,0.8643
C,impostor,0.9980
C,impostor,1.2188
C,impostor,1.0030
C,impostor,0.9005
C,impostor,1.0587
C,impostor,1.3234
C,impostor,0.9081
C,impostor,0.9150
C,impostor,0.9282
C,impostor,1.2683
C,impostor,1.0071
C,impostor,1.4412
C,impostor,1.0495
C,impostor,0.7438
C,impostor,0.7179
C,impostor,1.0558
C,impostor,1.0060
C,impostor,0.8979
C,impostor,1.3998
C,impostor,0.8301
C,impostor,1.0691
C,impostor,1.2413
C,impostor,1.0889
C,impostor,1.1870
C,impostor,0.9279
C,impostor,1.0938
C,impostor,1.0340
C,impostor,1.0770
C,impostor,1.1109
C,impostor,0.9286
C,impostor,0.9318
C,impostor,1.0291
C,impostor,1.1942
C,impostor,0.9377
C,impostor,0.7942
C,impostor,1.0578
C,impostor,1.0343
C,impostor,1.0277
C,impostor,1.1731
C,impostor,1.0473
C,impostor,0.9021
C,impostor,1.0875
C,impostor,0.9016
C,impostor,1.0846
C,impostor,0.9216
C,impostor,1.0114
C,impostor,0.9722
C,impostor,1.2049
C,impostor,0.9784
C,impostor,0.9188
C,impostor,0.9590
C,impostor,1.0449
C,impostor,0.9691
C,impostor,1.1455
C,impostor,1.0138
C,impostor,0.9415
C,impostor,1.1531
C,impostor,0.9820
C,impostor,1.0622
C,impostor,0.8983
C,impostor,0.9256
C,impostor,0.5693
C,impostor,1.0173
C,impostor,0.9625
C,impostor,0.7853
C,impostor,1.0950
C,impostor,1.0985
C,impostor,1.1380
C,impostor,1.2500
C,impostor,0.9116
C,impostor,0.9505
C,impostor,1.1746
C,impostor,1.0837
C,impostor,0.8355
C,impostor,1.1644
C,impostor,1.0484
C,impostor,1.0314
C,impostor,1.0182
C,impostor,0.9411
C,impostor,0.9906
C,impostor,0.9833
C,impostor,1.2737
C,impostor,0.9347
C,impostor,0.7326
C,impostor,0.9392
C,impostor,1.0359
C,impostor,1.1089
C,impostor,1.0207
C,impostor,0.9854
C,impostor,1.1204
C,impostor,1.1006
C,impostor,1.1932
C,impostor,1.0764
C,impostor,0.8913
C,impostor,0.9604
C,impostor,1.2896
C,impostor,0.8751
C,impostor,1.1946
C,impostor,0.7334
C,impostor,0.9072
C,impostor,0.9924
C,impostor,0.9668
C,impostor,1.2760
C,impostor,1.1559
C,impostor,1.0878
C,impostor,0.9985
C,impostor,1.0247
C,impostor,1.1119
C,impostor,1.0194
C,impostor,0.8521
C,impostor,1.0554
C,impostor,0.7423
C,impostor,1.1335
C,impostor,0.8027
C,impostor,0.9151
C,impostor,0.9401
C,impostor,0.8798
C,impostor,0.7551
C,impostor,1.1021
C,impostor,1.2744
C,impostor,1.1187
C,impostor,1.0595
C,impostor,0.6765
C,impostor,1.2687
C,impostor,0.9715
C,impostor,0.9790
C,impostor,1.0496
C,impostor,1.1721
C,impostor,0.6989
C,impostor,0.8991
C,impostor,1.1442
C,impostor,1.0746
C,impostor,1.0800
C,impostor,0.9764
C,impostor,1.1219
C,impostor,1.0005
C,impostor,0.8995
C,impostor,1.2280
C,impostor,1.2061
C,impostor,0.9274
C,impostor,0.8276
C,impostor,1.0927
C,impostor,1.0853
C,impostor,1.1178
C,impostor,0.9391
C,impostor,0.9277
C,impostor,0.7731
C,impostor,0.9434
C,impostor,1.1329
C,impostor,0.8573
C,impostor,1.0364
C,impostor,0.7962
C,impostor,0.8104
C,impostor,0.9290
C,impostor,0.8481
C,impostor,0.7508
C,impostor,0.9818
C,impostor,1.1027
C,impostor,0.8438
C,impostor,0.9203
C,impostor,0.8047
C,impostor,1.0268
C,impostor,0.8769
C,impostor,0.8691
C,impostor,1.0367
C,impostor,0.7569
C,impostor,0.8422
C,impostor,1.1015
C,impostor,1.0683
C,impostor,0.8492
C,impostor,0.7547
C,impostor,0.9386
C,impostor,0.8308
C,impostor,1.1065
C,impostor,0.8492
C,impostor,1.0267
C,impostor,0.9532
C,impostor,1.0423
C,impostor,0.8584
C,impostor,1.0607
C,impostor,0.8990
C,impostor,1.1159
C,impostor,0.7619
C,impostor,1.0254
C,impostor,1.1050
C,impostor,0.9522
C,impostor,1.0223
C,impostor,1.1053
C,impostor,0.7848
C,impostor,1.0375
C,impostor,0.7198
C,impostor,0.8243
C,impostor,1.0271
C,impostor,1.2319
C,impostor,1.0626
C,impostor,0.7934
C,impostor,1.0391
C,impostor,1.1928
C,impostor,0.9362
C,impostor,1.1450
C,impostor,1.3494
C,impostor,1.2845
C,impostor,1.1134
C,impostor,1.1020
C,impostor,0.9669
C,impostor,0.8781
C,impostor,1.1889
C,impostor,1.1489
C,impostor,0.9278
C,impostor,0.7653
C,impostor,0.9266
C,impostor,1.1933
C,impostor,1.0506
C,impostor,0.9159
C,impostor,1.1860
C,impostor,0.9457
C,impostor,0.9206
C,impostor,1.0228
C,impostor,0.9551
C,impostor,0.9305
C,impostor,1.0082
C,impostor,1.1721
C,impostor,0.8390
C,impostor,1.2275
C,impostor,0.8474
C,impostor,1.1345
C,impostor,1.1890
C,impostor,0.9119
C,impostor,0.8915
C,impostor,1.0626
C,impostor,1.4605
C,impostor,0.8233
C,impostor,1.1213
C,impostor,0.8917
C,impostor,0.7241
C,impostor,0.9941
C,impostor,1.0086
C,impostor,0.9194
C,impostor,0.7013
C,impostor,1.0842
C,impostor,1.0956
C,impostor,1.1193
C,impostor,0.8477
C,impostor,0.9172
C,impostor,1.2973
C,impostor,0.8161
C,impostor,1.2813
C,impostor,1.0913
C,impostor,0.5810
C,impostor,0.9301
C,impostor,1.0010
C,impostor,1.1866
C,impostor,1.1078
C,impostor,1.1885
C,impostor,1.1022
C,impostor,0.8316
C,impostor,1.2134
C,impostor,1.1066
C,impostor,0.9716
C,impostor,1.1012
C,impostor,1.1991
C,impostor,1.3786
C,impostor,0.8326
C,impostor,1.1742
C,impostor,1.2124
C,impostor,1.0135
C,impostor,1.0731
C,impostor,0.9589
C,impostor,0.7159
C,impostor,1.0990
C,impostor,0.9720
C,impostor,0.8631
C,impostor,0.9791
C,impostor,0.8058
C,impostor,0.9673
C,impostor,1.0795
C,impostor,0.9918
C,impostor,0.7102
C,impostor,0.8969
C,impostor,1.1410
C,impostor,0.9425
C,impostor,1.1289
C,impostor,1.1354
C,impostor,1.2101
C,impostor,1.0579
C,impostor,1.1083
C,impostor,0.9665
C,impostor,0.9617
C,impostor,1.0807
C,impostor,0.9730
C,impostor,0.9009
C,impostor,0.9660
C,impostor,1.0069
C,impostor,0.8589
C,impostor,0.7470
C,impostor,0.8115
C,impostor,1.0767
C,impostor,0.9107
C,impostor,1.1523
C,impostor,0.8230
C,impostor,0.7375
C,impostor,0.9087
C,impostor,0.9794
C,impostor,0.8917
C,impostor,1.0686
C,impostor,0.7844
C,impostor,1.1647
C,impostor,0.9596
C,impostor,0.9044
C,impostor,1.3133
C,impostor,1.1714
C,impostor,1.0076
C,impostor,0.9625
C,impostor,1.1774
C,impostor,1.0588
C,impostor,1.1431
C,impostor,0.9515
C,impostor,1.0521
C,impostor,0.9333
C,impostor,1.2532
C,impostor,0.9720
C,impostor,1.1129
C,impostor,1.1772
C,impostor,0.7285
C,impostor,1.1977
C,impostor,1.0597
C,impostor,0.7998
C,impostor,1.1096
C,impostor,1.0119
C,impostor,0.8277
C,impostor,0.8160
C,impostor,1.2074
C,impostor,1.0985
C,impostor,0.9450
C,impostor,0.8866
C,impostor,1.0589
C,impostor,1.0004
C,impostor,1.2698
C,impostor,1.1455
C,impostor,1.2084
C,impostor,0.8653
C,impostor,0.9858
C,impostor,0.9440
C,impostor,1.0161
C,impostor,0.7168
C,impostor,1.1701
C,impostor,1.0220
C,impostor,1.2773
C,impostor,0.9843
C,impostor,0.9536
C,impostor,1.0445
C,impostor,1.1799
C,impostor,0.9347
C,impostor,0.8123
C,impostor,0.9749
C,impostor,1.1831
C,impostor,0.9098
C,impostor,1.0117
C,impostor,0.9564
C,impostor,1.1220
C,impostor,0.9729
C,impostor,1.0543
C,impostor,1.0443
C,impostor,1.1521
C,impostor,0.9895
C,impostor,1.3377
C,impostor,1.0863
C,impostor,1.2013
C,impostor,0.9257
C,impostor,0.8575
C,impostor,0.9607
C,impostor,0.9510
C,impostor,1.0802
C,impostor,1.1389
C,impostor,1.0871
C,impostor,0.9301
C,impostor,0.9721
C,impostor,1.0522
C,impostor,0.8347
C,impostor,1.0334
C,impostor,0.7708
C,impostor,1.0256
C,impostor,0.9985
C,impostor,0.9607
C,impostor,0.9121
C,impostor,0.8964
C,impostor,1.0108
C,impostor,1.0424
C,impostor,0.9461
C,impostor,0.8699
C,impostor,0.9569
C,impostor,1.1127
C,impostor,0.9670
C,impostor,0.9765
C,impostor,1.1541
C,impostor,0.9869
C,impostor,1.0527
C,impostor,1.2203
C,impostor,1.1805
C,impostor,0.8927
C,impostor,0.9234
C,impostor,0.7896
C,impostor,1.2941
C,impostor,0.8950
C,impostor,1.1678
C,impostor,1.1591
C,impostor,1.2225
C,impostor,0.7440
C,impostor,0.9443
C,impostor,0.6611
C,impostor,0.9348
C,impostor,0.8874
C,impostor,0.8688
C,impostor,1.0413
C,impostor,0.9210
C,impostor,0.9865
C,impostor,0.6805
C,impostor,0.9405
C,impostor,1.3091
C,impostor,1.0884
C,impostor,0.9779
C,impostor,1.1086
C,impostor,0.8857
C,impostor,0.9205
C,impostor,1.1563
C,impostor,1.1719
C,impostor,0.9522
C,impostor,0.9747
C,impostor,1.0503
C,impostor,1.2278
C,impostor,0.7220
C,impostor,1.0724
C,impostor,1.2107
C,impostor,1.2026
C,impostor,0.9763
C,impostor,0.6328
C,impostor,1.0430
C,impostor,0.8920
C,impostor,1.0666
C,impostor,0.7512
C,impostor,1.0206
C,impostor,1.0946
C,impostor,0.8866
C,impostor,1.1629
C,impostor,0.8244
C,impostor,0.9892
C,impostor,1.3331
C,impostor,0.9526
C,impostor,0.9273
C,impostor,0.9471
C,impostor,1.1231
C,impostor,0.9025
C,impostor,1.1422
C,impostor,0.9096
C,impostor,1.1195
C,impostor,0.8656
C,impostor,1.1772
C,impostor,0.8119
C,impostor,1.0970
C,impostor,1.0420
C,impostor,0.9897
C,impostor,0.9964
C,impostor,0.8925
C,impostor,1.0838
C,impostor,1.1564
C,impostor,0.9210
C,impostor,0.8298
C,impostor,0.8924
C,impostor,0.9331
C,impostor,1.2479
C,impostor,0.7048
C,impostor,0.8919
C,impostor,0.9486
C,impostor,1.0736
C,impostor,0.7940
C,impostor,1.1221
C,impostor,1.0979
C,impostor,0.6252
C,impostor,0.8045
C,impostor,0.9241
C,impostor,0.9323
C,impostor,1.2340
C,impostor,0.8699
C,impostor,0.8821
C,impostor,0.9222
C,impostor,1.1418
C,impostor,1.0968
C,impostor,0.6424
C,impostor,0.8286
C,impostor,0.8562
C,impostor,0.9968
C,impostor,1.3174
C,impostor,0.9875
C,impostor,1.0536
C,impostor,0.8074
C,impostor,1.2899
C,impostor,1.2409
C,impostor,0.8715
C,impostor,0.8348
C,impostor,1.0203
C,impostor,1.2757
C,impostor,1.1273
C,impostor,1.1515
C,impostor,1.0161
C,impostor,0.9735
C,impostor,1.1899
C,impostor,0.9955
C,impostor,1.0424
C,impostor,1.1324
C,impostor,1.1183
C,impostor,1.1325
C,impostor,1.1204
C,impostor,0.9661
C,impostor,1.0383
C,impostor,1.0254
C,impostor,0.8434
C,impostor,0.9786
C,impostor,0.7103
C,impostor,1.2226
C,impostor,0.9389
C,impostor,0.9038
C,impostor,1.0853
C,impostor,1.0223
C,impostor,1.0413
C,impostor,1.1176
C,impostor,1.0961
C,impostor,1.3519
C,impostor,0.8040
C,impostor,0.5163
C,impostor,1.3203
C,impostor,1.1671
C,impostor,0.8332
C,impostor,0.9069
C,impostor,1.0853
C,impostor,1.0279
C,impostor,1.0845
C,impostor,0.7112
C,impostor,0.7116
C,impostor,0.8248
C,impostor,1.1808
C,impostor,0.7453
C,impostor,1.0082
C,impostor,0.9550
C,impostor,0.9696
C,impostor,1.0620
C,impostor,0.9497
C,impostor,0.8926
C,impostor,0.9870
C,impostor,1.2264
C,impostor,1.1766
C,impostor,1.0223
C,impostor,0.8721
C,impostor,0.9643
C,impostor,1.0950
C,impostor,1.0811
C,impostor,1.0271
C,impostor,1.1543
C,impostor,0.9089
C,impostor,0.8781
C,impostor,1.3468
C,impostor,1.1638
C,impostor,1.0357
C,impostor,1.0378
C,impostor,0.9761
C,impostor,0.8949
C,impostor,1.1825
C,impostor,1.0834
C,impostor,0.9804
C,impostor,0.8716
C,impostor,0.9235
C,impostor,0.8341
C,impostor,1.0379
C,impostor,0.7704
C,impostor,0.8663
C,impostor,0.7998
C,impostor,0.9360
C,impostor,1.1369
C,impostor,1.1570
C,impostor,0.9373
C,impostor,0.9663
C,impostor,0.9051
C,impostor,1.0130
C,impostor,1.0626
C,impostor,0.9066
C,impostor,0.8252
C,impostor,1.0502
C,impostor,1.0708
C,impostor,1.0189
C,impostor,1.0647
C,impostor,0.7961
C,impostor,0.8963
C,impostor,0.7517
C,impostor,0.8155
C,impostor,0.9037
C,impostor,1.2546
C,impostor,1.0123
C,impostor,1.1942
C,impostor,0.9011
C,impostor,0.7817
C,impostor,0.9241
C,impostor,0.8536
C,impostor,1.0695
C,impostor,0.9823
C,impostor,0.9416
C,impostor,1.0157
C,impostor,0.8271
C,impostor,1.1247
C,impostor,0.9388
C,impostor,1.1316
C,impostor,1.2535
C,impostor,0.8664
C,impostor,1.2255
C,impostor,0.8831
C,impostor,1.0017
C,impostor,1.2210
C,impostor,1.0823
C,impostor,1.0251
C,impostor,0.6805
C,impostor,1.2566
C,impostor,0.9683
C,impostor,1.0485
C,impostor,0.7777
C,impostor,0.8453
C,impostor,1.1064
C,impostor,0.8576
C,impostor,0.9543
C,impostor,0.8928
C,impostor,1.3921
C,impostor,0.9783
C,impostor,1.1163
C,impostor,1.2616
C,impostor,1.2972
C,impostor,0.8074
C,impostor,0.8239
C,impostor,1.0908
C,impostor,1.0217
C,impostor,1.2760
C,impostor,0.9462
C,impostor,1.1268
C,impostor,1.0726
C,impostor,0.8244
C,impostor,0.5428
C,impostor,1.0136
C,impostor,1.0368
C,impostor,0.9175
C,impostor,1.0772
C,impostor,0.9922
C,impostor,0.6704
C,impostor,1.1313
C,impostor,0.9650
C,impostor,0.9367
C,impostor,0.9873
C,impostor,1.0764
C,impostor,1.0849
C,impostor,1.2557
C,impostor,0.8846
C,impostor,0.8610
C,impostor,1.1520
C,impostor,0.9442
C,impostor,1.2205
C,impostor,0.9132
C,impostor,1.0040
C,impostor,1.2811
C,impostor,0.9156
C,impostor,1.0499
C,impostor,0.9408
C,impostor,0.8089
C,impostor,1.0753
C,impostor,1.0740
C,impostor,0.9690
C,impostor,0.9548
C,impostor,0.9585
C,impostor,0.9210
C,impostor,1.0689
C,impostor,0.7919
C,impostor,0.5808
C,impostor,1.1620
C,impostor,0.8223
C,impostor,1.0459
C,impostor,1.0399
C,impostor,0.7404
C,impostor,1.1608
C,impostor,0.9287
C,impostor,1.2873
C,impostor,1.0669
C,impostor,0.9876
C,impostor,1.0558
C,impostor,1.0552
C,impostor,1.2186
C,impostor,1.0926
C,impostor,1.0064
C,impostor,1.0784
C,impostor,0.8143
C,impostor,0.9779
C,impostor,1.2048
C,impostor,1.0869
C,impostor,0.8916
C,impostor,1.2489
C,impostor,1.2025
C,impostor,0.8145
C,impostor,0.6781
C,impostor,0.9460
C,impostor,1.0428
C,impostor,1.0417
C,impostor,0.9873
C,impostor,0.9473
C,impostor,1.1127
C,impostor,0.9010
C,impostor,1.1504
C,impostor,1.1955
C,impostor,1.0903
C,impostor,0.9860
C,impostor,1.0509
C,impostor,1.0169
C,impostor,1.0430
C,impostor,1.1524
C,impostor,0.8591
C,impostor,1.0220
C,impostor,0.9992
C,impostor,0.7057
C,impostor,1.1600
C,impostor,0.8986
C,impostor,0.8796
C,impostor,1.1387
C,impostor,1.1875
C,impostor,1.0720
C,impostor,0.7479
C,impostor,0.9022
C,impostor,1.1516
C,impostor,1.0572
C,impostor,1.0672
C,impostor,0.9705
C,impostor,0.7167
C,impostor,1.1947
C,impostor,0.8710
C,impostor,1.1829
C,impostor,0.9853
C,impostor,0.8483
C,impostor,1.1055
C,impostor,0.8803
C,impostor,1.3957
C,impostor,1.0039
C,impostor,1.1677
C,impostor,0.6986
C,impostor,1.0123
C,impostor,1.2328
C,impostor,1.0679
C,impostor,1.0569
C,impostor,0.8679
C,impostor,0.8631
C,impostor,0.9055
C,impostor,0.9589
C,impostor,0.9944
C,impostor,1.0118
C,impostor,0.8365
C,impostor,0.9241
C,impostor,0.9089
C,impostor,0.7743
C,impostor,0.9155
C,impostor,0.9527
C,impostor,1.1025
C,impostor,1.0046
C,impostor,0.9692
C,impostor,0.9270
C,impostor,0.7832
C,impostor,1.1313
C,impostor,1.0090
C,impostor,0.8909
C,impostor,0.8898
C,impostor,1.1018
C,impostor,1.1243
C,impostor,1.0468
C,impostor,0.8745
C,impostor,0.8994
C,impostor,1.0695
C,impostor,0.7936
C,impostor,1.0859
C,impostor,0.9535
C,impostor,0.9324
C,impostor,1.1694
C,impostor,0.9535
C,impostor,1.1279
C,impostor,0.9050
C,impostor,1.3450
C,impostor,0.9641
C,impostor,1.3011
C,impostor,0.7722
C,impostor,1.0561
C,impostor,1.1129
C,impostor,1.1698
C,impostor,0.7309
C,impostor,0.7423
C,impostor,1.2068
C,impostor,0.9162
C,impostor,1.1482
C,impostor,0.6551
C,impostor,0.6829
C,impostor,0.9073
C,impostor,0.7020
C,impostor,1.2685
C,impostor,1.0908
C,impostor,0.9981
C,impostor,0.7383
C,impostor,1.1617
C,impostor,1.0180
C,impostor,0.9503
C,impostor,0.8336
C,impostor,1.0269
C,impostor,1.0725
C,impostor,0.8663
C,impostor,1.1014
C,impostor,1.0219
C,impostor,0.9148
C,impostor,1.1083
C,impostor,0.8204
C,impostor,1.1539
C,impostor,1.0301
C,impostor,0.5839
C,impostor,1.0434
C,impostor,1.1076
C,impostor,1.0261
C,impostor,1.1310
C,impostor,0.9348
C,impostor,1.0256
C,impostor,1.0445
C,impostor,1.1192
C,impostor,1.0175
C,impostor,0.9449
C,impostor,1.1171
C,impostor,1.1936
C,impostor,0.8851
C,impostor,1.0955
C,impostor,1.2544
C,impostor,0.8265
C,impostor,0.8879
C,impostor,1.1823
C,impostor,0.9487
C,impostor,1.1094
C,impostor,1.2198
C,impostor,1.1134
C,impostor,0.8514
C,impostor,1.2475
C,impostor,1.0148
C,impostor,1.1334
C,impostor,1.0621
C,impostor,1.1896
C,impostor,0.8628
C,impostor,1.2938
C,impostor,1.0013
C,impostor,1.0164
C,impostor,0.8241
C,impostor,0.8123
C,impostor,0.9706
C,impostor,0.8509
C,impostor,1.0426
C,impostor,0.9888
C,impostor,1.1470
C,impostor,0.7968
C,impostor,0.9207
C,impostor,1.1144
C,impostor,0.9674
C,impostor,0.8141
C,impostor,1.0459
C,impostor,1.1274
C,impostor,0.9055
C,impostor,0.9605
C,impostor,1.0234
C,impostor,0.9200
C,impostor,1.2103
C,impostor,0.9530
C,impostor,1.2212
C,impostor,0.7599
C,impostor,0.9881
C,impostor,1.3720
C,impostor,1.0025
C,impostor,1.1746
C,impostor,1.0678
C,impostor,0.6861
C,impostor,0.8122
C,impostor,0.8638
C,impostor,0.7530
C,impostor,0.9680
C,impostor,1.1494
C,impostor,1.1995
C,impostor,0.8041
C,impostor,0.9968
C,impostor,0.9551
C,impostor,1.1544
C,impostor,1.1831
C,impostor,0.9037
C,impostor,1.1803
C,impostor,0.9301
C,impostor,1.2198
C,impostor,1.0383
C,impostor,1.0649
C,impostor,0.8912
C,impostor,1.0066
C,impostor,1.0138
C,impostor,1.1069
C,impostor,1.1206
C,impostor,0.8983
C,impostor,0.9785
C,impostor,1.2948
C,impostor,1.1409
C,impostor,0.8216
C,impostor,0.7363
C,impostor,1.0075
C,impostor,1.0550
C,impostor,1.0821
C,impostor,0.6989
C,impostor,0.8751
C,impostor,1.0126
C,impostor,0.9774
C,impostor,0.8595
C,impostor,1.0699
C,impostor,1.1127
C,impostor,0.8014
C,impostor,0.9857
C,impostor,0.8804
C,impostor,0.9952
C,impostor,0.8784
C,impostor,1.3188
C,impostor,0.9617
C,impostor,1.0431
C,impostor,1.0630
C,impostor,0.8541
C,impostor,1.1870
C,impostor,1.2530
C,impostor,1.1200
C,impostor,1.0340
C,impostor,0.7476
C,impostor,0.9381
C,impostor,0.9453
C,impostor,0.9567
C,impostor,0.8496
C,impostor,1.1005
C,impostor,1.0010
C,impostor,1.0353
C,impostor,1.0694
C,impostor,0.8904
C,impostor,1.0306
C,impostor,1.1446
C,impostor,0.9766
C,impostor,1.1685
C,impostor,0.9356
C,impostor,0.9986
C,impostor,1.0090
C,impostor,1.1615
C,impostor,0.6470
C,impostor,0.9637
C,impostor,0.8635
C,impostor,0.9608
C,impostor,1.1344
C,impostor,1.1393
C,impostor,0.9377
C,impostor,1.1055
C,impostor,0.8317
C,impostor,0.8413
C,impostor,0.8351
C,impostor,0.7616
C,impostor,1.1643
C,impostor,0.9966
C,impostor,1.0563
C,impostor,1.1168
C,impostor,1.1279
C,impostor,0.9899
C,impostor,1.1795
C,impostor,0.8731
C,impostor,1.1886
C,impostor,1.2394
C,impostor,1.1806
C,impostor,0.8343
C,impostor,1.3167
C,impostor,0.8141
C,impostor,1.1870
C,impostor,0.9069
C,impostor,0.7052
C,impostor,0.7279
C,impostor,1.3556
C,impostor,1.0214
C,impostor,1.0529
C,impostor,0.8677
C,impostor,1.1204
C,impostor,0.9240
C,impostor,1.2806
C,impostor,0.9493
C,impostor,0.8403
C,impostor,1.0869
C,impostor,0.7272
C,impostor,0.7207
C,impostor,0.9693
C,impostor,1.1323
C,impostor,1.1307
C,impostor,0.8780
C,impostor,1.0648
C,impostor,1.2457
C,impostor,1.0712
C,impostor,0.8468
C,impostor,1.0573
C,impostor,0.9676
C,impostor,0.9351
C,impostor,1.1248
C,impostor,0.9218
C,impostor,1.2365
C,impostor,1.0951
C,impostor,1.1722
C,impostor,1.1874
C,impostor,1.1393
C,impostor,1.2290
C,impostor,0.8369
C,impostor,1.0652
C,impostor,0.9458
C,impostor,0.9099
C,impostor,1.0738
C,impostor,0.8397
C,impostor,1.3481
C,impostor,1.0351
C,impostor,0.9838
C,impostor,0.9755
C,impostor,1.0122
C,impostor,1.0207
C,impostor,0.8255
C,impostor,0.9293
C,impostor,1.0475
C,impostor,1.1134
C,impostor,0.7671
C,impostor,0.9629
C,impostor,0.9817
C,impostor,0.8537
C,impostor,1.0089
C,impostor,0.9585
C,impostor,1.2067
C,impostor,1.2410
C,impostor,0.8743
C,impostor,1.2205
C,impostor,1.0560
C,impostor,0.7898
C,impostor,0.9499
C,impostor,0.8469
C,impostor,0.8627
C,impostor,1.1199
C,impostor,1.3077
C,impostor,0.8804
C,impostor,0.8843
C,impostor,0.8224
C,impostor,1.1273
C,impostor,1.2244
C,impostor,1.1270
C,impostor,1.1330
C,impostor,1.1025
C,impostor,0.9734
C,impostor,0.8623
C,impostor,1.3334
C,impostor,1.1125
C,impostor,1.0965
C,impostor,0.5885
C,impostor,1.1281
C,impostor,0.8012
C,impostor,0.9416
C,impostor,0.9109
C,impostor,1.3855
C,impostor,0.8261
C,impostor,0.8793
C,impostor,0.9421
C,impostor,1.0512
C,impostor,0.9032
C,impostor,1.0023
C,impostor,1.3501
C,impostor,1.0083
C,impostor,1.0391
C,impostor,0.8563
C,impostor,1.1410
C,impostor,1.3476
C,impostor,1.1681
C,impostor,0.9969
C,impostor,1.0442
C,impostor,0.9093
C,impostor,1.1159
C,impostor,0.8763
C,impostor,0.9621
C,impostor,0.9667
C,impostor,1.0365
C,impostor,0.7986
C,impostor,0.8654
C,impostor,1.0973
C,impostor,0.6908
C,impostor,1.0614
C,impostor,1.1799
C,impostor,0.8507
C,impostor,1.1494
C,impostor,0.9417
C,impostor,0.8847
C,impostor,0.8697
C,impostor,1.1793
C,impostor,1.0144
C,impostor,1.0289
C,impostor,1.0300
C,impostor,0.9460
C,impostor,0.8249
C,impostor,1.2172
C,impostor,1.1582
C,impostor,0.9952
C,impostor,1.3284
C,impostor,1.0120
C,impostor,1.0520
C,impostor,1.0371
C,impostor,1.0932
C,impostor,1.1570
C,impostor,0.7915
C,impostor,0.8689
C,impostor,0.8515
C,impostor,1.0721
C,impostor,0.9965
C,impostor,1.0977
C,impostor,0.8614
C,impostor,0.9811
C,impostor,1.0464
C,impostor,0.8992
C,impostor,1.1010
C,impostor,0.6052
C,impostor,0.9220
C,impostor,0.9064
C,impostor,1.1425
C,impostor,1.2065
C,impostor,1.0950
C,impostor,0.9590
C,impostor,0.9221
C,impostor,1.0292
C,impostor,1.0046
C,impostor,0.9969
C,impostor,1.0378
C,impostor,1.0997
C,impostor,0.9647
C,impostor,1.0744
C,impostor,1.1916
C,impostor,1.0589
C,impostor,1.1922
C,impostor,0.9949
C,impostor,1.3343
C,impostor,0.8645
C,impostor,1.0093
C,impostor,0.9916
C,impostor,1.1682
C,impostor,0.8275
C,impostor,0.7893
C,impostor,0.7214
C,impostor,0.9460
C,impostor,1.3274
C,impostor,1.2656
C,impostor,1.1007
C,impostor,0.9847
C,impostor,1.0102
C,impostor,1.0563
C,impostor,0.9140
C,impostor,1.0755
C,impostor,1.0918
C,impostor,0.9684
C,impostor,0.9745
C,impostor,1.2767
C,impostor,1.1387
C,impostor,1.1249
C,impostor,0.9250
C,impostor,0.8874
C,impostor,0.8770
C,impostor,1.4513
C,impostor,0.9190
C,impostor,0.9211
C,impostor,1.1761
C,impostor,1.0964
C,impostor,0.8792
C,impostor,0.9165
C,impostor,0.8408
C,impostor,0.7877
C,impostor,0.8563
C,impostor,0.8031
C,impostor,0.7754
C,impostor,1.0117
C,impostor,0.8518
C,impostor,1.0128
C,impostor,1.1733
C,impostor,0.8952
C,impostor,1.1019
C,impostor,1.1491
C,impostor,1.0941
C,impostor,1.1343
C,impostor,1.0021
C,impostor,0.9022
C,impostor,1.0281
C,impostor,1.0574
C,impostor,0.7785
C,impostor,0.9606
C,impostor,1.0242
C,impostor,1.3135
C,impostor,1.0258
C,impostor,0.9382
C,impostor,0.8373
C,impostor,1.1215
C,impostor,0.6676
C,impostor,0.9302
C,impostor,0.8323
C,impostor,1.0707
C,impostor,1.0426
C,impostor,0.8725
C,impostor,1.1457
C,impostor,0.7609
C,impostor,1.0583
C,impostor,1.1155
C,impostor,0.9323
C,impostor,0.7753
C,impostor,1.0141
C,impostor,0.9131
C,impostor,0.8746
C,impostor,1.0160
C,impostor,1.0088
C,impostor,0.9016
C,impostor,0.9097
C,impostor,0.9607
C,impostor,1.1143
C,impostor,1.1706
C,impostor,1.0577
C,impostor,1.2709
C,impostor,1.0417
C,impostor,0.9590
C,impostor,0.8261
C,impostor,0.8049
C,impostor,0.9987
C,impostor,1.0635
C,impostor,0.8792
C,impostor,0.9964
C,impostor,0.9676
C,impostor,1.0010
C,impostor,0.9135
C,impostor,1.0002
C,impostor,1.0354
C,impostor,0.8341
C,impostor,0.8064
C,impostor,0.9832
C,impostor,1.0360
C,impostor,1.0126
C,impostor,0.8636
C,impostor,1.1179
C,impostor,0.8483
C,impostor,0.7307
C,impostor,0.8413
C,impostor,0.8719
C,impostor,1.2030
C,impostor,0.7692
C,impostor,1.0054
C,impostor,0.6770
C,impostor,0.7579
C,impostor,1.0374
C,impostor,1.0651
C,impostor,0.9885
C,impostor,0.9924
C,impostor,0.9793
C,impostor,0.7521
C,impostor,0.8993
C,impostor,0.7507
C,impostor,1.0479
C,impostor,1.1886
C,impostor,1.2376
C,impostor,1.5648
C,impostor,0.8687
C,impostor,1.2630
C,impostor,0.6933
C,impostor,0.6456
C,impostor,1.0744
C,impostor,0.9477
C,impostor,1.0720
C,impostor,0.8827
C,impostor,1.1386
C,impostor,0.9764
C,impostor,0.8361
C,impostor,0.6923
C,impostor,1.0605
C,impostor,0.8013
C,impostor,1.0293
C,impostor,0.7907
C,impostor,0.9722
C,impostor,0.9862
C,impostor,1.1156
C,impostor,0.8889
C,impostor,0.8564
C,impostor,1.2151
C,impostor,1.0162
C,impostor,0.9240
C,impostor,1.0311
C,impostor,0.9398
C,impostor,0.8986
C,impostor,1.0667
C,impostor,0.9691
C,impostor,1.1317
C,impostor,0.9795
C,impostor,0.8912
C,impostor,1.0554
C,impostor,0.9048
C,impostor,1.0075
C,impostor,0.8549
C,impostor,0.9505
C,impostor,0.8556
C,impostor,1.0160
C,impostor,1.0675
C,impostor,0.9315
C,impostor,1.4645
C,impostor,0.9411
C,impostor,0.9171
C,impostor,1.1299
C,impostor,0.8575
C,impostor,1.2158
C,impostor,0.8303
C,impostor,0.6200
C,impostor,0.8599
C,impostor,1.2135
C,impostor,0.8535
C,impostor,0.9997
C,impostor,0.8965
C,impostor,1.1860
C,impostor,0.8965
C,impostor,1.2412
C,impostor,1.0870
C,impostor,0.7427
C,impostor,0.8032
C,impostor,1.1514
C,impostor,0.9873
C,impostor,1.1585
C,impostor,0.9975
C,impostor,0.8241
C,impostor,0.8272
C,impostor,0.9698
C,impostor,1.0628
C,impostor,0.8563
C,impostor,0.9206
C,impostor,0.9685
C,impostor,0.8569
C,impostor,0.7572
C,impostor,0.7788
C,impostor,0.9997
C,impostor,0.8355
C,impostor,0.9362
C,impostor,0.9384
C,impostor,0.8354
C,impostor,0.9184
C,impostor,0.8711
C,impostor,1.0872
C,impostor,0.9041
C,impostor,1.0625
C,impostor,1.2091
C,impostor,0.9058
C,impostor,0.8998
C,impostor,1.2092
C,impostor,0.9665
C,impostor,1.1345
C,impostor,1.1569
C,impostor,0.9586
C,impostor,0.8760
C,impostor,0.8580
C,impostor,1.0491
C,impostor,0.7297
C,impostor,0.9967
C,impostor,1.0536
C,impostor,1.2583
C,impostor,0.8764
C,impostor,1.1642
C,impostor,0.9114
C,impostor,1.1662
C,impostor,0.7733
C,impostor,1.1953
C,impostor,0.9085
C,impostor,1.1784
C,impostor,1.3186
C,impostor,0.9285
C,impostor,0.9465
C,impostor,1.1492
C,impostor,0.8558
C,impostor,1.2384
C,impostor,0.9257
C,impostor,0.8529
C,impostor,1.2263
C,impostor,0.8462
C,impostor,0.9560
C,impostor,0.9418
C,impostor,1.2590
C,impostor,1.1538
C,impostor,1.0512
C,impostor,1.0054
C,impostor,0.6295
C,impostor,0.9706
C,impostor,1.1517
C,impostor,0.9477
C,impostor,1.2311
C,impostor,0.9523
C,impostor,1.0600
C,impostor,0.9709
C,impostor,1.1110
C,impostor,1.0306
C,impostor,1.1353
C,impostor,1.1593
C,impostor,1.1825
C,impostor,0.8478
C,impostor,0.9521
C,impostor,1.1253
C,impostor,1.2022
C,impostor,1.0326
C,impostor,1.0690
C,impostor,0.9343
C,impostor,1.1607
C,impostor,1.0426
C,impostor,0.7377
C,impostor,0.9120
C,impostor,0.9671
C,impostor,1.2243
C,impostor,0.9215
C,impostor,0.9489
C,impostor,1.1314
C,impostor,1.0654
C,impostor,0.7726
C,impostor,1.0607
C,impostor,0.9490
C,impostor,1.1513
C,impostor,0.9482
C,impostor,0.9333
C,impostor,1.1294
C,impostor,0.9240
C,impostor,0.9229
C,impostor,0.9690
C,impostor,0.8983
C,impostor,0.9333
C,impostor,1.0788
C,impostor,1.1344
C,impostor,1.0224
C,impostor,0.8221
C,impostor,0.9727
C,impostor,1.2053
C,impostor,1.1470
C,impostor,1.0668
C,impostor,0.9460
C,impostor,0.9389
C,impostor,0.9056
C,impostor,1.0755
C,impostor,1.1131
C,impostor,1.0291
C,impostor,0.8260
C,impostor,1.0517
C,impostor,1.0121
C,impostor,0.8667
C,impostor,0.9986
C,impostor,0.8856
C,impostor,0.9551
C,impostor,1.0307
C,impostor,1.1258
C,impostor,1.1192
C,impostor,1.1093
C,impostor,1.2753
C,impostor,0.9983
C,impostor,1.0124
C,impostor,0.7389
C,impostor,0.7976
C,impostor,0.9380
C,impostor,0.8812
C,impostor,0.6823
C,impostor,1.1859
C,impostor,0.8765
C,impostor,1.1585
C,impostor,0.8516
C,impostor,0.9097
C,impostor,1.2073
C,impostor,1.0035
C,impostor,1.0675
C,impostor,0.9952
C,impostor,0.9043
C,impostor,1.1242
C,impostor,1.1185
C,impostor,1.0863
C,impostor,0.8945
C,impostor,0.8787
C,impostor,1.0058
C,impostor,1.0362
C,impostor,0.6482
C,impostor,1.1674
C,impostor,1.0498
C,impostor,1.0663
C,impostor,1.2330
C,impostor,0.9843
C,impostor,1.0990
C,impostor,0.8867
C,impostor,1.1020
C,impostor,0.8827
C,impostor,0.8009
C,impostor,1.1764
C,impostor,1.0960
C,impostor,1.1490
C,impostor,1.0929
C,impostor,1.1531
C,impostor,0.8744
C,impostor,0.9779
C,impostor,0.9276
C,impostor,0.9083
C,impostor,1.0320
C,impostor,1.0103
C,impostor,1.1752
C,impostor,1.0131
C,impostor,1.1021
C,impostor,0.9431
C,impostor,1.0288
C,impostor,0.9347
C,impostor,1.0556
C,impostor,0.9167
C,impostor,1.1460
C,impostor,0.5852
C,impostor,0.8474
C,impostor,1.2269
C,impostor,0.9010
C,impostor,0.8653
C,impostor,1.0190
C,impostor,1.1391
C,impostor,1.0279
C,impostor,1.0416
C,impostor,0.8766
C,impostor,1.2270
C,impostor,0.8576
C,impostor,1.0602
C,impostor,0.8831
C,impostor,0.9393
C,impostor,1.1413
C,impostor,0.6483
C,impostor,1.0684
C,impostor,1.1287
C,impostor,1.2920
C,impostor,1.0823
C,impostor,1.2109
C,impostor,1.0891
C,impostor,0.9563
C,impostor,1.2433
C,impostor,1.0905
C,impostor,1.1549
C,impostor,1.0286
C,impostor,0.8090
C,impostor,0.9186
C,impostor,0.9895
C,impostor,1.1680
C,impostor,0.7429
C,impostor,1.1468
C,impostor,1.0298
C,impostor,1.0483
C,impostor,1.0249
C,impostor,1.2557
C,impostor,0.9448
C,impostor,0.8462
C,impostor,1.0952
C,impostor,1.2651
C,impostor,0.9042
C,impostor,1.0038
C,impostor,1.1234
C,impostor,0.9207
C,impostor,1.3731
C,impostor,0.8376
C,impostor,1.0574
C,impostor,0.9715
C,impostor,0.8021
C,impostor,1.2279
C,impostor,0.6141
C,impostor,1.0229
C,impostor,0.9162
C,impostor,0.8719
C,impostor,1.0751
C,impostor,0.9561
C,impostor,0.8577
C,impostor,1.2441
C,impostor,0.8639
C,impostor,0.8722
C,impostor,0.6388
C,impostor,0.8591
C,impostor,1.0861
C,impostor,0.9831
C,impostor,0.8628
C,impostor,0.8857
C,impostor,1.1118
C,impostor,0.7477
C,impostor,1.0934
C,impostor,0.8119
C,impostor,0.8126
C,impostor,0.9546
C,impostor,0.6760
C,impostor,0.8162
C,impostor,0.9634
C,impostor,0.9036
C,impostor,1.0002
C,impostor,0.8907
C,impostor,1.0615
C,impostor,0.7612
C,impostor,1.1912
C,impostor,1.0065
C,impostor,1.2575
C,impostor,1.1192
C,impostor,0.8396
C,impostor,1.2454
C,impostor,1.0313
C,impostor,1.0122
C,impostor,0.9714
C,impostor,1.1308
C,impostor,1.3777
C,impostor,1.2108
C,impostor,0.7199
C,impostor,1.1483
C,impostor,1.0650
C,impostor,0.8865
C,impostor,1.2073
C,impostor,1.0676
C,impostor,0.8216
C,impostor,1.1939
C,impostor,1.0361
C,impostor,0.8285
C,impostor,0.8047
C,impostor,1.0535
C,impostor,0.9956
C,impostor,1.0440
C,impostor,1.0231
C,impostor,1.1373
C,impostor,0.8741
C,impostor,1.2014
C,impostor,0.8096
C,impostor,0.9402
C,impostor,0.7653
C,impostor,0.8110
C,impostor,1.1481
C,impostor,0.9762
C,impostor,0.8126
C,impostor,0.9425
C,impostor,1.1065
C,impostor,1.1464
C,impostor,1.0852
C,impostor,0.9676
C,impostor,0.9602
C,impostor,1.0841
C,impostor,0.5720
C,impostor,0.9536
C,impostor,1.0217
C,impostor,1.1127
C,impostor,1.1026
C,impostor,0.8257
C,impostor,1.0220
C,impostor,1.1483
C,impostor,0.8260
C,impostor,1.0407
C,impostor,1.0198
C,impostor,1.4318
C,impostor,1.0895
C,impostor,1.1418
C,impostor,0.8276
C,impostor,1.2451
C,impostor,1.1630
C,impostor,1.0629
C,impostor,1.0552
C,impostor,0.7570
C,impostor,0.9690
C,impostor,1.2299
C,impostor,1.0146
C,impostor,0.8555
C,impostor,1.0826
C,impostor,0.9254
C,impostor,1.0127
C,impostor,0.8807
C,impostor,0.8793
C,impostor,1.1513
C,impostor,1.0898
C,impostor,1.1162
C,impostor,0.9297
C,impostor,0.7131
C,impostor,1.1007
C,impostor,1.1221
C,impostor,1.1827
C,impostor,0.8408
C,impostor,1.1584
C,impostor,0.8177
C,impostor,1.0724
C,impostor,0.8499
C,impostor,1.2706
C,impostor,0.8702
C,impostor,0.7332
C,impostor,0.9338
C,impostor,0.8613
C,impostor,1.0030
C,impostor,1.1324
C,impostor,0.8280
C,impostor,0.9424
C,impostor,1.0835
C,impostor,1.0782
C,impostor,1.0782
C,impostor,1.0852
C,impostor,1.1605
C,impostor,1.0457
C,impostor,0.8507
C,impostor,1.0622
C,impostor,1.1104
C,impostor,1.0604
C,impostor,1.2501
C,impostor,1.2064
C,impostor,1.0984
C,impostor,1.0734
C,impostor,0.8788
C,impostor,0.9021
C,impostor,1.0531
C,impostor,1.1373
C,impostor,1.2384
C,impostor,1.0500
C,impostor,1.0822
C,impostor,0.6806
C,impostor,1.0823
C,impostor,0.9216
C,impostor,0.8977
C,impostor,1.1355
C,impostor,0.8064
C,impostor,1.1851
C,impostor,1.0636
C,impostor,0.7830
C,impostor,1.1627
C,impostor,1.2015
C,impostor,1.2823
C,impostor,1.2403
C,impostor,1.1635
C,impostor,1.0513
C,impostor,0.8158
C,impostor,1.0717
C,impostor,1.0756
C,impostor,1.1254
C,impostor,1.2236
C,impostor,1.0937
C,impostor,1.1789
C,impostor,1.1175
C,impostor,0.9484
C,impostor,1.1834
C,impostor,1.1311
C,impostor,0.8154
C,impostor,1.0662
C,impostor,0.8548
C,impostor,1.0364
C,impostor,1.0510
C,impostor,1.0439
C,impostor,0.7945
C,impostor,0.9874
C,impostor,0.8497
C,impostor,0.8531
C,impostor,1.0000
C,impostor,0.8566
C,impostor,0.9796
C,impostor,1.0190
C,impostor,1.2681
C,impostor,0.9292
C,impostor,0.9429
C,impostor,1.0440
C,impostor,0.8711
C,impostor,0.9981
C,impostor,0.7952
C,impostor,1.1563
C,impostor,0.9334
C,impostor,1.0159
C,impostor,1.0530
C,impostor,0.6185
C,impostor,0.9433
C,impostor,0.9911
C,impostor,1.0217
C,impostor,1.0215
C,impostor,1.0395
C,impostor,0.8760
C,impostor,1.0897
C,impostor,1.0359
C,impostor,0.6770
C,impostor,0.9984
C,impostor,0.7063
C,impostor,1.0967
C,impostor,1.0101
C,impostor,1.0224
C,impostor,0.7066
C,impostor,0.7770
C,impostor,0.9420
C,impostor,0.8054
C,impostor,1.2096
C,impostor,0.8815
C,impostor,1.0039
C,impostor,0.7932
C,impostor,1.0347
C,impostor,1.0271
C,impostor,0.9440
C,impostor,1.0571
C,impostor,1.2064
C,impostor,0.9390
C,impostor,0.9048
C,impostor,1.0849
C,impostor,0.9825
C,impostor,1.0076
C,impostor,0.8618
C,impostor,0.9697
C,impostor,0.9386
C,impostor,0.7860
C,impostor,1.1849
C,impostor,0.7490
C,impostor,0.7957
C,impostor,0.9681
C,impostor,0.8414
C,impostor,1.1478
C,impostor,0.8768
C,impostor,1.1012
C,impostor,0.9021
C,impostor,0.8268
C,impostor,0.9542
C,impostor,1.0862
C,impostor,0.7840
C,impostor,0.8123
C,impostor,1.0390
C,impostor,0.7496
C,impostor,1.1445
C,impostor,1.0481
C,impostor,1.0658
C,impostor,0.9934
C,impostor,0.8713
C,impostor,1.0426
C,impostor,1.2301
C,impostor,0.9391
C,impostor,0.9550
C,impostor,1.0396
C,impostor,0.9881
C,impostor,1.1491
C,impostor,1.0176
C,impostor,1.0131
C,impostor,1.2283
C,impostor,1.1319
C,impostor,1.1234
C,impostor,1.0340
C,impostor,1.0704
C,impostor,0.9533
C,impostor,0.9990
C,impostor,1.4080
C,impostor,1.0955
C,impostor,1.2058
C,impostor,0.9860
C,impostor,1.2231
C,impostor,1.0534
C,impostor,1.3009
C,impostor,0.9642
C,impostor,1.0783
C,impostor,0.9907
C,impostor,1.0484
C,impostor,0.9786
C,impostor,1.1280
C,impostor,0.8760
C,impostor,0.9051
C,impostor,1.1937
C,impostor,0.9072
C,impostor,1.0308
C,impostor,0.8414
C,impostor,1.2201
C,impostor,0.9780
C,impostor,1.1152
C,impostor,1.0552
C,impostor,1.1645
C,impostor,1.0026
C,impostor,1.0762
C,impostor,0.9756
C,impostor,1.1786
C,impostor,1.0545
C,impostor,0.8644
C,impostor,0.9511
C,impostor,1.0385
C,impostor,0.9672
C,impostor,0.7491
C,impostor,0.8893
C,impostor,1.1507
C,impostor,1.1768
C,impostor,0.9481
C,impostor,0.8397
C,impostor,0.5769
C,impostor,1.1223
C,impostor,1.2017
C,impostor,0.8494
C,impostor,0.9958
C,impostor,0.8390
C,impostor,0.7785
C,impostor,1.0388
C,impostor,1.0711
C,impostor,1.0095
C,impostor,0.9765
C,impostor,0.9051
C,impostor,0.9226
C,impostor,0.9471
C,impostor,0.9592
C,impostor,1.3754
C,impostor,1.1825
C,impostor,1.2000
C,impostor,1.0304
C,impostor,0.9512
C,impostor,0.9899
C,impostor,0.7777
C,impostor,1.1852
C,impostor,1.0219
C,impostor,0.9316
C,impostor,0.7897
C,impostor,1.1869
C,impostor,0.8706
C,impostor,0.8863
C,impostor,1.0033
C,impostor,0.7135
C,impostor,0.8111
C,impostor,1.0874
C,impostor,0.8880
C,impostor,0.8358
C,impostor,1.1781
C,impostor,1.0634
C,impostor,1.1900
C,impostor,1.2635
C,impostor,1.1883
C,impostor,1.1145
C,impostor,1.1794
C,impostor,0.7093
C,impostor,0.8197
C,impostor,0.8686
C,impostor,0.9032
C,impostor,1.0415
C,impostor,1.1680
C,impostor,0.9937
C,impostor,1.0002
C,impostor,0.9517
C,impostor,0.9155
C,impostor,1.0264
C,impostor,1.2012
C,impostor,1.0986
C,impostor,0.8825
C,impostor,1.0353
C,impostor,0.7099
C,impostor,0.8941
C,impostor,0.8072
C,impostor,1.0602
C,impostor,1.1681
C,impostor,0.9792
C,impostor,1.1858
C,impostor,0.8667
C,impostor,0.8358
C,impostor,0.9325
C,impostor,1.0626
C,impostor,1.3199
C,impostor,0.9826
C,impostor,1.2436
C,impostor,1.0528
C,impostor,1.1488
C,impostor,1.1382
C,impostor,1.2507
C,impostor,1.0442
C,impostor,1.0887
C,impostor,1.0984
C,impostor,0.8967
C,impostor,1.0132
C,impostor,1.1147
C,impostor,0.9805
C,impostor,0.7781
C,impostor,1.0552
C,impostor,1.0118
C,impostor,0.8996
C,impostor,1.0297
C,impostor,0.9153
C,impostor,1.0572
C,impostor,1.1023
C,impostor,1.4169
C,impostor,1.0608
C,impostor,0.9928
C,impostor,1.0677
C,impostor,0.9342
C,impostor,1.1068
C,impostor,0.9733
C,impostor,1.0868
C,impostor,0.9266
C,impostor,1.1511
C,impostor,1.0394
C,impostor,1.1302
C,impostor,0.9494
C,impostor,0.8523
C,impostor,0.9092
C,impostor,1.0506
C,impostor,1.1616
C,impostor,1.1581
C,impostor,1.0349
C,impostor,1.1565
C,impostor,1.1091
C,impostor,1.1817
C,impostor,1.0131
C,impostor,0.9696
C,impostor,0.9728
C,impostor,0.9128
C,impostor,0.7659
C,impostor,0.8797
C,impostor,1.0457
C,impostor,0.7821
C,impostor,1.0994
C,impostor,1.0428
C,impostor,0.8963
C,impostor,0.9327
C,impostor,1.0499
C,impostor,1.0191
C,impostor,1.0423
C,impostor,1.1283
C,impostor,1.0785
C,impostor,1.0538
C,impostor,0.8149
C,impostor,0.6873
C,impostor,1.1653
C,impostor,0.8798
C,impostor,0.9260
C,impostor,0.9773
C,impostor,0.9788
C,impostor,1.0240
C,impostor,1.1440
C,impostor,1.1269
C,impostor,1.0530
C,impostor,1.0039
C,impostor,0.9029
C,impostor,0.7849
C,impostor,1.1121
C,impostor,0.8381
C,impostor,0.8954
C,impostor,0.8839
C,impostor,0.8289
C,impostor,1.1760
C,impostor,1.0976
C,impostor,1.0256
C,impostor,1.0187
C,impostor,0.9113
C,impostor,1.0738
C,impostor,0.8891
C,impostor,0.6906
C,impostor,1.0840
C,impostor,1.0407
C,impostor,1.1278
C,impostor,1.0504
C,impostor,1.0458
C,impostor,0.8228
C,impostor,0.9557
C,impostor,0.8828
C,impostor,0.9393
C,impostor,0.8266
C,impostor,0.9601
C,impostor,0.7291
C,impostor,0.9738
C,impostor,0.9843
C,impostor,1.1411
C,impostor,0.7960
C,impostor,1.0805
C,impostor,1.0259
C,impostor,0.9512
C,impostor,0.8421
C,impostor,0.7508
C,impostor,0.8465
C,impostor,0.7633
C,impostor,1.2594
C,impostor,1.1765
C,impostor,0.8204
C,impostor,1.0238
C,impostor,1.2634
C,impostor,0.9764
C,impostor,1.1193
C,impostor,1.1969
C,impostor,0.8972
C,impostor,1.2734
C,impostor,1.1590
C,impostor,1.0941
C,impostor,0.8016
C,impostor,1.0487
C,impostor,0.9571
C,impostor,1.0638
C,impostor,0.8707
C,impostor,1.2074
C,impostor,1.0055
C,impostor,0.9418
C,impostor,1.0287
C,impostor,0.9960
C,impostor,1.1563
C,impostor,0.9320
C,impostor,1.0001
C,impostor,0.7258
C,impostor,1.0975
C,impostor,1.2401
C,impostor,0.9248
C,impostor,0.7489
C,impostor,1.0477
C,impostor,0.9053
C,impostor,0.8902
C,impostor,1.1747
C,impostor,1.0916
C,impostor,1.1608
C,impostor,0.6918
C,impostor,1.0356
C,impostor,0.9640
C,impostor,1.0597
C,impostor,1.0474
C,impostor,0.9545
C,impostor,1.1267
C,impostor,1.1849
C,impostor,1.0381
C,impostor,1.0011
C,impostor,1.3684
C,impostor,1.0286
C,impostor,1.1045
C,impostor,1.1339
C,impostor,0.9279
C,impostor,0.8556
C,impostor,0.8471
C,impostor,1.0063
C,impostor,1.0310
C,impostor,1.1352
C,impostor,0.8417
C,impostor,1.0956
C,impostor,1.0999
C,impostor,1.1177
C,impostor,0.9835
C,impostor,0.7650
C,impostor,1.0055
C,impostor,1.1096
C,impostor,1.0147
C,impostor,1.1407
C,impostor,0.9906
C,impostor,0.7702
C,impostor,1.0224
C,impostor,0.9473
C,impostor,0.8623
C,impostor,1.0151
C,impostor,0.6959
C,impostor,0.9207
C,impostor,1.0262
C,impostor,1.2022
C,impostor,1.0812
C,impostor,1.0514
C,impostor,1.0352
C,impostor,0.9498
C,impostor,0.8413
C,impostor,1.0967
C,impostor,0.8427
C,impostor,1.0127
C,impostor,1.2154
C,impostor,1.2507
C,impostor,0.9522
C,impostor,1.0190
C,impostor,0.7773
C,impostor,0.7174
C,impostor,1.0542
C,impostor,1.0533
C,impostor,0.7759
C,impostor,0.9644
C,impostor,1.0030
C,impostor,0.7574
C,impostor,0.7070
C,impostor,1.4300
C,impostor,1.2816
C,impostor,0.9552
C,impostor,1.1035
C,impostor,0.8771
C,impostor,1.0866
C,impostor,1.0769
C,impostor,1.2292
C,impostor,0.9778
C,impostor,1.2098
C,impostor,0.9513
C,impostor,0.9231
C,impostor,0.8620
C,impostor,1.3358
C,impostor,0.9910
C,impostor,0.7135
C,impostor,1.1327
C,impostor,1.1083
C,impostor,1.1788
C,impostor,0.8374
C,impostor,0.9988
C,impostor,1.3054
C,impostor,1.0580
C,impostor,0.9141
C,impostor,0.7230
C,impostor,1.1307
C,impostor,0.9740
C,impostor,0.9973
C,impostor,0.7726
C,impostor,1.3637
C,impostor,1.1039
C,impostor,0.8352
C,impostor,0.8114
C,impostor,0.9772
C,impostor,1.1171
C,impostor,1.1510
C,impostor,1.2347
C,impostor,0.8515
C,impostor,1.0820
C,impostor,1.3414
C,impostor,1.0254
C,impostor,0.8732
C,impostor,1.1015
C,impostor,1.1249
C,impostor,0.9024
C,impostor,0.8174
C,impostor,0.9671
C,impostor,0.8820
C,impostor,0.9570
C,impostor,0.9008
C,impostor,1.1076
C,impostor,1.1595
C,impostor,1.2352
C,impostor,1.0146
C,impostor,1.0826
C,impostor,0.9727
C,impostor,0.9890
C,impostor,1.1856
C,impostor,1.2269
C,impostor,0.9841
C,impostor,1.0806
C,impostor,1.3510
C,impostor,0.7743
C,impostor,0.7310
C,impostor,0.9258
C,impostor,1.0290
C,impostor,1.0088
C,impostor,0.9472
C,impostor,0.8737
C,impostor,0.9515
C,impostor,0.9557
C,impostor,0.8821
C,impostor,1.0282
C,impostor,0.9261
C,impostor,1.0030
C,impostor,0.9595
C,impostor,1.1758
C,impostor,1.1822
C,impostor,0.8308
C,impostor,1.0375
C,impostor,1.1101
C,impostor,1.1926
C,impostor,0.9420
C,impostor,0.9444
C,impostor,1.0615
C,impostor,1.1966
C,impostor,0.9881
C,impostor,1.0237
C,impostor,0.7600
C,impostor,1.0246
C,impostor,1.1472
C,impostor,0.8732
C,impostor,0.7631
C,impostor,1.0132
C,impostor,0.8741
C,impostor,1.0077
C,impostor,0.7688
C,impostor,0.9358
C,impostor,1.0494
C,impostor,1.0334
C,impostor,0.9393
C,impostor,1.1051
C,impostor,0.8423
C,impostor,1.0392
C,impostor,1.0677
C,impostor,1.1056
C,impostor,0.9877
C,impostor,0.9178
C,impostor,1.0295
C,impostor,0.9390
C,impostor,0.8227
C,impostor,0.9901
C,impostor,0.9648
C,impostor,0.9297
C,impostor,0.9742
C,impostor,1.0460
C,impostor,0.8024
C,impostor,1.3059
C,impostor,1.0356
C,impostor,1.0218
C,impostor,1.3175
C,impostor,1.1510
C,impostor,0.9249
C,impostor,1.2321
C,impostor,1.0526
C,impostor,1.0654
C,impostor,0.6505
C,impostor,1.0975
C,impostor,0.5900
C,impostor,0.8499
C,impostor,1.0078
C,impostor,1.0446
C,impostor,0.7396
C,impostor,1.1513
C,impostor,1.2217
C,impostor,0.9450
C,impostor,0.8198
C,impostor,0.8411
C,impostor,1.0436
C,impostor,1.0618
C,impostor,1.0759
C,impostor,0.9922
C,impostor,0.9101
C,impostor,0.9263
C,impostor,1.0911
C,impostor,1.3397
C,impostor,0.9363
C,impostor,0.9082
C,impostor,1.0443
C,impostor,1.0464
C,impostor,1.2333
C,impostor,1.1049
C,impostor,0.9481
C,impostor,1.0640
C,impostor,0.8459
C,impostor,0.9755
C,impostor,1.0642
C,impostor,1.0624
C,impostor,1.2554
C,impostor,1.1359
C,impostor,1.1361
C,impostor,0.9781
C,impostor,1.2623
C,impostor,0.8214
C,impostor,1.0330
C,impostor,1.2203
C,impostor,1.1097
C,impostor,1.0745
C,impostor,0.9388
C,impostor,0.9809
C,impostor,1.1257
C,impostor,1.1295
C,impostor,0.8566
C,impostor,1.0701
C,impostor,0.7169
C,impostor,0.9716
C,impostor,1.2105
C,impostor,0.8738
C,impostor,0.8656
C,impostor,1.2361
C,impostor,0.9305
C,impostor,1.1417
C,impostor,0.9608
C,impostor,0.9503
C,impostor,1.2175
C,impostor,1.3171
C,impostor,1.1089
C,impostor,1.1709
C,impostor,1.0287
C,impostor,0.8580
C,impostor,0.9878
C,impostor,0.9550
C,impostor,1.1733
C,impostor,1.0060
C,impostor,1.0652
C,impostor,1.1541
C,impostor,1.2724
C,impostor,1.1295
C,impostor,0.9012
C,impostor,1.1528
C,impostor,1.1376
C,impostor,0.9400
C,impostor,0.9894
C,impostor,0.5938
C,impostor,0.9957
C,impostor,1.0086
C,impostor,0.9145
C,impostor,1.0546
C,impostor,0.9021
C,impostor,0.8969
C,impostor,1.2261
C,impostor,0.9269
C,impostor,0.9261
C,impostor,0.9201
C,impostor,1.0617
C,impostor,1.0316
C,impostor,1.1508
C,impostor,1.0727
C,impostor,0.9333
C,impostor,1.0492
C,impostor,1.1289
C,impostor,1.2146
C,impostor,0.8783
C,impostor,1.1237
C,impostor,0.9492
C,impostor,0.8087
C,impostor,0.6928
C,impostor,1.3320
C,impostor,1.0031
C,impostor,0.9145
C,impostor,1.1338
C,impostor,0.9576
C,impostor,1.1319
C,impostor,1.0632
C,impostor,0.8662
C,impostor,0.9613
C,impostor,0.7521
C,impostor,1.0226
C,impostor,1.0249
C,impostor,0.9192
C,impostor,1.0196
C,impostor,1.1204
C,impostor,0.9443
C,impostor,1.0076
C,impostor,0.8903
C,impostor,1.0674
C,impostor,0.6640
C,impostor,0.9934
C,impostor,0.9036
C,impostor,0.6398
C,impostor,0.8854
C,impostor,1.0708
C,impostor,1.1613
C,impostor,0.9559
C,impostor,1.0718
C,impostor,1.1028
C,impostor,0.6852
C,impostor,1.0281
C,impostor,1.1250
C,impostor,1.0343
C,impostor,1.0379
C,impostor,0.9324
C,impostor,1.1127
C,impostor,0.9699
C,impostor,0.9933
C,impostor,0.9384
C,impostor,1.1287
C,impostor,0.9531
C,impostor,1.1916
C,impostor,0.9359
C,impostor,1.0909
C,impostor,1.0000
C,impostor,0.7223
C,impostor,0.7429
C,impostor,0.9517
C,impostor,0.7969
C,impostor,1.0560
C,impostor,1.1009
C,impostor,0.7565
C,impostor,1.1355
C,impostor,0.9029
C,impostor,1.1780
C,impostor,1.0689
C,impostor,0.6335
C,impostor,0.8829
C,impostor,0.9404
C,impostor,0.9313
C,impostor,0.8514
C,impostor,1.1091
C,impostor,1.0363
C,impostor,1.4430
C,impostor,0.9033
C,impostor,1.1666
C,impostor,0.9900
C,impostor,0.8793
C,impostor,0.9508
C,impostor,1.0611
C,impostor,1.0078
C,impostor,1.0876
C,impostor,1.0811
C,impostor,0.8190
C,impostor,1.0227
C,impostor,1.0925
C,impostor,0.9950
C,impostor,0.9343
C,impostor,1.3508
C,impostor,0.9625
C,impostor,1.2118
C,impostor,1.0100
C,impostor,1.0377
C,impostor,0.9476
C,impostor,1.0348
C,impostor,0.8207
C,impostor,1.1322
C,impostor,0.9292
C,impostor,1.2240
C,impostor,0.9789
C,impostor,0.8907
C,impostor,1.2291
C,impostor,1.2346
C,impostor,0.8546
C,impostor,1.2796
C,impostor,0.9482
C,impostor,1.2394
C,impostor,1.1966
C,impostor,1.2126
C,impostor,1.0614
C,impostor,1.0281
C,impostor,1.2770
C,impostor,1.0224
C,impostor,1.2083
C,impostor,0.8264
C,impostor,0.9312
C,impostor,1.3021
C,impostor,1.1391
C,impostor,1.0163
C,impostor,1.0469
C,impostor,0.9666
C,impostor,1.0038
C,impostor,1.0430
C,impostor,1.1060
C,impostor,0.8567
C,impostor,1.1493
C,impostor,1.0010
C,impostor,1.0514
C,impostor,0.9471
C,impostor,0.9263
C,impostor,1.1080
C,impostor,0.7501
C,impostor,1.2844
C,impostor,0.9426
C,impostor,1.1459
C,impostor,1.1522
C,impostor,0.9733
C,impostor,0.7703
C,impostor,0.8267
C,impostor,1.1025
C,impostor,0.9908
C,impostor,0.9840
C,impostor,0.6665
C,impostor,1.0239
C,impostor,0.9545
C,impostor,0.8030
C,impostor,0.9460
C,impostor,0.8094
C,impostor,1.3368
C,impostor,0.9432
C,impostor,1.1570
C,impostor,1.1153
C,impostor,1.3531
C,impostor,0.9521
C,impostor,1.1460
C,impostor,1.0388
C,impostor,0.9369
C,impostor,0.7461
C,impostor,0.7724
C,impostor,0.8165
C,impostor,1.1374
C,impostor,0.7448
C,impostor,1.2281
C,impostor,1.2427
C,impostor,1.2064
C,impostor,1.1680
C,impostor,1.1378
C,impostor,1.1643
C,impostor,1.0456
C,impostor,0.9712
C,impostor,0.9138
C,impostor,0.8727
C,impostor,0.9681
C,impostor,1.0540
C,impostor,1.0390
C,impostor,1.0138
C,impostor,0.9819
C,impostor,0.9037
C,impostor,0.8000
C,impostor,0.9281
C,impostor,1.2124
C,impostor,1.1449
C,impostor,1.2152
C,impostor,0.8449
C,impostor,1.0823
C,impostor,0.9643
C,impostor,0.9875
C,impostor,0.9564
C,impostor,1.1781
C,impostor,0.9234
C,impostor,0.8624
C,impostor,0.7681
C,impostor,0.7914
C,impostor,0.8600
C,impostor,1.0309
C,impostor,1.0360
C,impostor,0.9585
C,impostor,1.1603
C,impostor,0.8010
C,impostor,1.0773
C,impostor,1.2314
C,impostor,0.9621
C,impostor,0.8585
C,impostor,1.1931
C,impostor,1.0763
C,impostor,0.9350
C,impostor,0.7333
C,impostor,1.2042
C,impostor,0.8832
C,impostor,0.7361
C,impostor,0.8695
C,impostor,0.7728
C,impostor,0.9779
C,impostor,0.8564
C,impostor,1.0182
C,impostor,1.0060
C,impostor,1.1582
C,impostor,0.9271
C,impostor,1.0158
C,impostor,1.5862
C,impostor,1.1531
C,impostor,1.0787
C,impostor,1.0220
C,impostor,1.2141
C,impostor,0.9282
C,impostor,0.9707
C,impostor,1.0434
C,impostor,0.9884
C,impostor,0.7733
C,impostor,0.7153
C,impostor,0.9348
C,impostor,1.0821
C,impostor,0.8618
C,impostor,0.9805
C,impostor,1.0091
C,impostor,1.0066
C,impostor,0.9090
C,impostor,1.0790
C,impostor,1.1256
C,impostor,1.1031
C,impostor,0.8550
C,impostor,1.0182
C,impostor,0.5475
C,impostor,1.0491
C,impostor,1.0693
C,impostor,1.0744
C,impostor,1.0244
C,impostor,0.8967
C,impostor,1.1636
C,impostor,1.2151
C,impostor,0.9056
C,impostor,0.8774
C,impostor,1.0345
C,impostor,0.8490
C,impostor,0.7333
C,impostor,0.8931
C,impostor,1.0577
C,impostor,0.7801
C,impostor,1.1126
C,impostor,0.9189
C,impostor,0.8763
C,impostor,0.8868
C,impostor,0.9590
C,impostor,1.2609
C,impostor,0.8577
C,impostor,0.9905
C,impostor,0.9186
C,impostor,1.1358
C,impostor,1.0766
C,impostor,1.1993
C,impostor,0.7883
C,impostor,0.8266
C,impostor,0.8610
C,impostor,1.1192
C,impostor,0.8052
C,impostor,1.0091
C,impostor,0.9852
C,impostor,0.8796
C,impostor,1.3604
C,impostor,0.8348
C,impostor,1.0046
C,impostor,0.8867
C,impostor,0.8706
C,impostor,1.0398
C,impostor,1.1954
C,impostor,0.7755
C,impostor,0.9669
C,impostor,0.8623
C,impostor,1.0855
C,impostor,1.4249
C,impostor,1.0380
C,impostor,0.8529
C,impostor,0.8299
C,impostor,1.0734
C,impostor,1.1318
C,impostor,0.8903
C,impostor,0.7607
C,impostor,1.2416
C,impostor,0.8090
C,impostor,1.0111
C,impostor,1.0573
C,impostor,0.7342
C,impostor,1.0770
C,impostor,1.1990
C,impostor,1.0742
C,impostor,1.0144
C,impostor,1.0183
C,impostor,1.1194
C,impostor,0.8759
C,impostor,0.9769
C,impostor,0.7886
C,impostor,1.0536
C,impostor,1.0699
C,impostor,1.1390
C,impostor,1.0096
C,impostor,0.9474
C,impostor,1.5418
C,impostor,1.0424
C,impostor,1.2700
C,impostor,0.8576
C,impostor,1.0580
C,impostor,0.9867
C,impostor,1.0145
C,impostor,0.8091
C,impostor,1.1435
C,impostor,1.1506
C,impostor,0.8152
C,impostor,1.0722
C,impostor,0.8820
C,impostor,1.2158
C,impostor,0.9889
C,impostor,1.0197
C,impostor,1.0445
C,impostor,0.9067
C,impostor,1.1841
C,impostor,0.9068
C,impostor,1.1019
C,impostor,1.0128
C,impostor,0.9965
C,impostor,1.0331
C,impostor,0.9843
C,impostor,0.9030
C,impostor,0.9940
C,impostor,1.1341
C,impostor,1.2608
C,impostor,0.8738
C,impostor,0.8058
C,impostor,1.2119
C,impostor,1.1060
C,impostor,1.2358
C,impostor,0.9214
C,impostor,0.7891
C,impostor,1.0677
C,impostor,1.1216
C,impostor,0.8599
C,impostor,0.8949
C,impostor,1.0154
C,impostor,0.8333
C,impostor,1.0186
C,impostor,1.0088
C,impostor,1.0070
C,impostor,1.1177
C,impostor,0.9925
C,impostor,1.0683
C,impostor,0.9720
C,impostor,1.0415
C,impostor,1.0172
C,impostor,1.0739
C,impostor,0.8178
C,impostor,0.7559
C,impostor,1.3406
C,impostor,1.1814
C,impostor,1.1203
C,impostor,1.1486
C,impostor,0.7920
C,impostor,1.0560
C,impostor,1.0148
C,impostor,0.7662
C,impostor,0.7797
C,impostor,0.8637
C,impostor,1.0943
C,impostor,0.9072
C,impostor,1.2566
C,impostor,1.1801
C,impostor,0.8446
C,impostor,1.0860
C,impostor,0.8592
C,impostor,0.7388
C,impostor,1.1342
C,impostor,1.0028
C,impostor,0.9572
C,impostor,0.9035
C,impostor,1.0803
C,impostor,0.9421
C,impostor,0.9757
C,impostor,0.9900
C,impostor,1.1342
C,impostor,1.2060
C,impostor,1.3103
C,impostor,0.9196
C,impostor,1.0151
C,impostor,0.9588
C,impostor,0.9483
C,impostor,0.8415
C,impostor,0.9015
C,impostor,0.8481
C,impostor,1.0152
C,impostor,1.3249
C,impostor,0.8532
C,impostor,0.9837
C,impostor,1.0763
C,impostor,0.7757
C,impostor,1.0684
C,impostor,0.8677
C,impostor,0.8426
C,impostor,0.7415
C,impostor,0.9639
C,impostor,0.8004
C,impostor,1.1677
C,impostor,1.1345
C,impostor,0.9014
C,impostor,1.0729
C,impostor,1.0052
C,impostor,0.8866
C,impostor,0.8678
C,impostor,1.1153
C,impostor,0.8372
C,impostor,1.0465
C,impostor,0.9254
C,impostor,0.9589
C,impostor,1.1609
C,impostor,1.0560
C,impostor,1.0490
C,impostor,1.0887
C,impostor,1.1377
C,impostor,1.1468
C,impostor,1.2164
C,impostor,0.8897
C,impostor,0.8844
C,impostor,1.1003
C,impostor,0.9250
C,impostor,0.9630
C,impostor,0.7195
C,impostor,1.3415
C,impostor,0.8436
C,impostor,0.9858
C,impostor,0.8990
C,impostor,1.1403
C,impostor,1.0920
C,impostor,0.9174
C,impostor,1.0868
C,impostor,0.8731
C,impostor,1.2218
C,impostor,0.7812
C,impostor,0.9023
C,impostor,0.6487
C,impostor,1.0153
C,impostor,1.1675
C,impostor,1.0619
C,impostor,1.2316
C,impostor,1.0368
C,impostor,0.7047
C,impostor,0.9482
C,impostor,1.0372
C,impostor,0.8049
C,impostor,0.6763
C,impostor,1.0222
C,impostor,0.9000
C,impostor,1.0222
C,impostor,0.9426
C,impostor,0.9784
C,impostor,0.6502
C,impostor,1.1338
C,impostor,0.8238
C,impostor,0.7580
C,impostor,0.9482
C,impostor,0.8524
C,impostor,0.7793
C,impostor,1.0891
C,impostor,1.0827
C,impostor,0.9004
C,impostor,1.0851
C,impostor,0.8618
C,impostor,0.9945
C,impostor,1.2213
C,impostor,1.0547
C,impostor,1.0590
C,impostor,1.0603
C,impostor,0.7946
C,impostor,1.0957
C,impostor,0.9479
C,impostor,0.8831
C,impostor,0.9075
C,impostor,0.9432
C,impostor,1.0491
C,impostor,1.0533
C,impostor,0.9885
C,impostor,1.1342
C,impostor,1.0924
C,impostor,1.1914
C,impostor,0.7988
C,impostor,1.0207
C,impostor,0.9113
C,impostor,0.8781
C,impostor,1.1722
C,impostor,1.2675
C,impostor,1.1122
C,impostor,0.9368
C,impostor,0.9197
C,impostor,0.7813
C,impostor,1.2472
C,impostor,1.0019
C,impostor,1.2206
C,impostor,1.1607
C,impostor,0.6837
C,impostor,0.9324
C,impostor,1.0572
C,impostor,1.1041
C,impostor,1.1197
C,impostor,0.6836
C,impostor,1.0830
C,impostor,1.0321
C,impostor,1.1555
C,impostor,0.9787
C,impostor,0.9560
C,impostor,1.0730
C,impostor,1.0863
C,impostor,0.7774
C,impostor,0.8743
C,impostor,1.1129
C,impostor,1.0530
C,impostor,1.0270
C,impostor,1.2721
C,impostor,1.1315
C,impostor,1.0604
C,impostor,0.9440
C,impostor,0.9735
C,impostor,0.7911
C,impostor,1.2687
C,impostor,1.0372
C,impostor,0.7083
C,impostor,0.8371
C,impostor,0.8437
C,impostor,0.9362
C,impostor,0.8125
C,impostor,0.9707
C,impostor,1.0649
C,impostor,1.0644
C,impostor,0.9306
C,impostor,1.0941
C,impostor,1.0558
C,impostor,0.7961
C,impostor,0.9545
C,impostor,0.9871
C,impostor,1.1429
C,impostor,1.1044
C,impostor,1.1304
C,impostor,0.8584
C,impostor,1.0394
C,impostor,1.1191
C,impostor,0.9362
C,impostor,0.9264
C,impostor,0.8392
C,impostor,0.9501
C,impostor,0.9133
C,impostor,1.0543
C,impostor,0.8947
C,impostor,1.1759
C,impostor,1.4432
C,impostor,0.8439
C,impostor,0.7736
C,impostor,1.0629
C,impostor,1.3080
C,impostor,1.1360
C,impostor,1.0410
C,impostor,1.1062
C,impostor,1.0575
C,impostor,0.8888
C,impostor,1.0370
C,impostor,1.1688
C,impostor,0.8901
C,impostor,1.2182
C,impostor,1.1349
C,impostor,1.0969
C,impostor,0.8592
C,impostor,0.7463
C,impostor,1.0085
C,impostor,1.0349
C,impostor,1.0646
C,impostor,1.1383
C,impostor,0.8075
C,impostor,1.0324
C,impostor,0.9713
C,impostor,1.0856
C,impostor,0.9378
C,impostor,1.0110
C,impostor,0.9156
C,impostor,0.9080
C,impostor,0.9371
C,impostor,1.1801
C,impostor,0.7870
C,impostor,0.8934
C,impostor,0.8658
C,impostor,0.8495
C,impostor,0.7866
C,impostor,0.7904
C,impostor,0.9909
C,impostor,1.2234
C,impostor,0.7981
C,impostor,0.9067
C,impostor,0.8668
C,impostor,0.8881
C,impostor,0.8780
C,impostor,1.0017
C,impostor,1.3110
C,impostor,1.0384
C,impostor,1.1075
C,impostor,0.8412
C,impostor,0.9834
C,impostor,1.0588
C,impostor,0.9687
C,impostor,1.0436
C,impostor,1.0245
C,impostor,0.9500
C,impostor,1.1636
C,impostor,1.1565
C,impostor,0.9330
C,impostor,0.9328
C,impostor,1.0972
C,impostor,0.9503
C,impostor,1.1153
C,impostor,0.9226
C,impostor,1.1631
C,impostor,0.8859
C,impostor,1.1714
C,impostor,0.9981
C,impostor,0.9337
C,impostor,0.8655
C,impostor,1.3833
C,impostor,1.2623
C,impostor,1.0699
C,impostor,1.2251
C,impostor,0.8062
C,impostor,0.8807
C,impostor,1.0572
C,impostor,1.1442
C,impostor,0.8418
C,impostor,0.7665
C,impostor,1.0732
C,impostor,0.8618
C,impostor,1.3080
C,impostor,0.8545
C,impostor,1.2665
C,impostor,1.0366
C,impostor,1.0243
C,impostor,1.1096
C,impostor,0.8955
C,impostor,1.0291
C,impostor,1.0597
C,impostor,1.0235
C,impostor,1.1768
C,impostor,1.0555
C,impostor,1.2212
C,impostor,0.7295
C,impostor,1.0669
C,impostor,0.9047
C,impostor,1.1005
C,impostor,1.0803
C,impostor,0.8944
C,impostor,0.9932
C,impostor,1.2874
C,impostor,0.9725
C,impostor,0.7858
C,impostor,1.0094
C,impostor,1.0500
C,impostor,1.0804
C,impostor,0.9834
C,impostor,0.9772
C,impostor,1.0401
C,impostor,0.9969
C,impostor,1.0039
C,impostor,0.9524
C,impostor,1.2358
C,impostor,1.2494
C,impostor,0.9004
C,impostor,1.3406
C,impostor,1.2157
C,impostor,1.0911
C,impostor,1.1728
C,impostor,1.0394
C,impostor,0.9894
C,impostor,0.9589
C,impostor,0.9097
C,impostor,1.0860
C,impostor,1.2416
C,impostor,1.0810
C,impostor,1.0907
C,impostor,1.0569
C,impostor,0.8194
C,impostor,1.0887
C,impostor,0.9882
C,impostor,1.3416
C,impostor,1.2434
C,impostor,1.1118
C,impostor,0.9021
C,impostor,0.9163
C,impostor,0.8021
C,impostor,1.1300
C,impostor,1.0005
C,impostor,0.8528
C,impostor,0.6701
C,impostor,1.0621
C,impostor,0.8475
C,impostor,1.0665
C,impostor,1.0546
C,impostor,1.0499
C,impostor,1.1517
C,impostor,1.1241
C,impostor,0.9477
C,impostor,1.1084
C,impostor,0.9563
C,impostor,1.1837
C,impostor,0.9834
C,impostor,0.9940
C,impostor,0.9772
C,impostor,1.3394
C,impostor,1.0846
C,impostor,0.9140
C,impostor,1.0505
C,impostor,1.0782
C,impostor,0.9792
C,impostor,0.9755
C,impostor,0.9601
C,impostor,1.2212
C,impostor,0.9401
C,impostor,1.1534
C,impostor,0.9307
C,impostor,1.1226
C,impostor,1.2636
C,impostor,1.0046
C,impostor,0.9330
C,impostor,1.0699
C,impostor,1.2473
C,impostor,0.9857
C,impostor,1.4264
C,impostor,1.0507
C,impostor,0.9402
C,impostor,1.1167
C,impostor,1.1941
C,impostor,0.7509
C,impostor,0.7148
C,impostor,0.8827
C,impostor,0.9873
C,impostor,0.8920
C,impostor,0.8561
C,impostor,0.9433
C,impostor,1.1468
C,impostor,0.9969
C,impostor,1.0084
C,impostor,1.2192
C,impostor,1.0197
C,impostor,0.9820
C,impostor,0.8769
C,impostor,0.9612
C,impostor,1.1118
C,impostor,1.0423
C,impostor,0.9502
C,impostor,1.2048
C,impostor,0.7917
C,impostor,1.0977
C,impostor,1.2467
C,impostor,0.9983
C,impostor,0.7938
C,impostor,1.0372
C,impostor,1.0719
C,impostor,1.0418
C,impostor,0.9911
C,impostor,0.8910
C,impostor,0.7456
C,impostor,1.1149
C,impostor,1.0296
C,impostor,1.2118
C,impostor,1.1246
C,impostor,0.9242
C,impostor,1.1408
C,impostor,0.7465
C,impostor,0.9732
C,impostor,1.0817
C,impostor,0.7228
C,impostor,0.9270
C,impostor,0.9264
C,impostor,0.9553
C,impostor,1.0711
C,impostor,0.9326
C,impostor,1.0460
C,impostor,1.0085
C,impostor,0.9104
C,impostor,1.2205
C,impostor,0.7842
C,impostor,1.2126
C,impostor,0.9419
C,impostor,0.7762
C,impostor,1.1386
C,impostor,0.9516
C,impostor,0.9954
C,impostor,0.7194
C,impostor,1.0343
C,impostor,0.7861
C,impostor,1.0552
C,impostor,1.2793
C,impostor,1.0786
C,impostor,1.2581
C,impostor,0.9470
C,impostor,0.8948
C,impostor,1.0289
C,impostor,0.8145
C,impostor,1.0408
C,impostor,0.8489
C,impostor,0.9170
C,impostor,0.7035
C,impostor,0.9372
C,impostor,1.1814
C,impostor,0.8068
C,impostor,0.9556
C,impostor,0.6977
C,impostor,1.0743
C,impostor,1.0377
C,impostor,1.1164
C,impostor,0.7981
C,impostor,1.2397
C,impostor,0.9199
C,impostor,0.9521
C,impostor,1.1968
C,impostor,0.9611
C,impostor,0.8516
C,impostor,1.1003
C,impostor,1.0634
C,impostor,0.9610
C,impostor,1.1117
C,impostor,1.0326
C,impostor,0.8529
C,impostor,1.0186
C,impostor,1.1181
C,impostor,1.0727
C,impostor,0.9081
C,impostor,0.9579
C,impostor,0.7549
C,impostor,1.3229
C,impostor,0.9504
C,impostor,1.0149
C,impostor,0.9850
C,impostor,1.0919
C,impostor,0.9220
C,impostor,1.0224
C,impostor,0.9948
C,impostor,0.9962
C,impostor,0.9808
C,impostor,0.8425
C,impostor,1.2286
C,impostor,0.9879
C,impostor,0.9577
C,impostor,0.9987
C,impostor,0.9885
C,impostor,0.8262
C,impostor,1.1801
C,impostor,0.8838
C,impostor,1.0414
C,impostor,1.1114
C,impostor,1.2493
C,impostor,1.1220
C,impostor,1.0792
C,impostor,1.1202
C,impostor,1.2229
C,impostor,0.6977
C,impostor,1.0166
C,impostor,1.0960
C,impostor,0.9663
C,impostor,0.8924
C,impostor,1.1260
C,impostor,1.0839
C,impostor,0.9907
C,impostor,1.2226
C,impostor,0.9890
C,impostor,0.9952
C,impostor,1.1758
C,impostor,1.0336
C,impostor,1.1234
C,impostor,0.7926
C,impostor,0.8439
C,impostor,1.0531
C,impostor,1.1548
C,impostor,1.0027
C,impostor,1.2656
C,impostor,1.1637
C,impostor,0.9724
C,impostor,1.3470
C,impostor,1.3217
C,impostor,1.0875
C,impostor,0.8051
C,impostor,0.8449
C,impostor,1.1396
C,impostor,1.1344
C,impostor,0.8016
C,impostor,0.9003
C,impostor,0.8947
C,impostor,0.9123
C,impostor,1.1486
C,impostor,0.8683
C,impostor,1.0283
C,impostor,1.0671
C,impostor,1.1372
C,impostor,1.0917
C,impostor,1.1079
C,impostor,0.9628
C,impostor,0.9206
C,impostor,0.8280
C,impostor,1.0123
C,impostor,1.0711
C,impostor,0.7987
C,impostor,1.1521
C,impostor,0.8706
C,impostor,0.9008
C,impostor,0.8198
C,impostor,0.9240
C,impostor,1.4730
C,impostor,1.0291
C,impostor,0.9437
C,impostor,1.2180
C,impostor,1.0304
C,impostor,1.1160
C,impostor,1.0060
C,impostor,1.0899
C,impostor,0.7520
C,impostor,1.0761
C,impostor,0.9076
C,impostor,1.1272
C,impostor,1.0316
C,impostor,1.0479
C,impostor,0.9196
C,impostor,0.8920
C,impostor,0.8394
C,impostor,0.7643
C,impostor,1.2837
C,impostor,1.2107
C,impostor,1.0706
C,impostor,1.2027
C,impostor,0.9103
C,impostor,0.9094
C,impostor,0.9664
C,impostor,0.6881
C,impostor,0.9321
C,impostor,1.1727
C,impostor,1.0550
C,impostor,0.7830
C,impostor,0.9077
C,impostor,0.8690
C,impostor,0.8662
C,impostor,1.2609
C,impostor,1.2416
C,impostor,1.0071
C,impostor,1.0356
C,impostor,1.0503
C,impostor,0.9695
C,impostor,1.1370
C,impostor,0.8762
C,impostor,0.7756
C,impostor,0.7715
C,impostor,1.1666
C,impostor,1.0456
C,impostor,1.0434
C,impostor,0.8928
C,impostor,0.8226
C,impostor,1.1008
C,impostor,0.8043
C,impostor,0.8569
C,impostor,1.1632
C,impostor,0.8425
C,impostor,0.9795
C,impostor,1.1030
C,impostor,1.1700
C,impostor,0.8942
C,impostor,0.8307
C,impostor,0.9519
C,impostor,1.0453
C,impostor,1.0547
C,impostor,1.1052
C,impostor,0.7985
C,impostor,0.9688
C,impostor,0.9626
C,impostor,1.0638
C,impostor,0.9893
C,impostor,1.1837
C,impostor,0.8472
C,impostor,1.1409
C,impostor,0.9317
C,impostor,1.0414
C,impostor,1.1857
C,impostor,0.9067
C,impostor,1.0302
C,impostor,1.0809
C,impostor,0.9146
C,impostor,1.0203
C,impostor,1.0530
C,impostor,1.0369
C,impostor,1.0179
C,impostor,1.0116
C,impostor,1.2362
C,impostor,0.8758
C,impostor,0.7058
C,impostor,0.7881
C,impostor,0.8434
C,impostor,1.3482
C,impostor,1.1701
C,impostor,1.0747
C,impostor,1.0111
C,impostor,0.7986
C,impostor,0.7938
C,impostor,0.8768
C,impostor,0.9620
C,impostor,0.9180
C,impostor,0.9860
C,impostor,1.0440
C,impostor,1.1244
C,impostor,1.0541
C,impostor,0.9749
C,impostor,0.8106
C,impostor,1.1860
C,impostor,0.9879
C,impostor,0.9106
C,impostor,0.9571
C,impostor,0.7865
C,impostor,1.2782
C,impostor,1.2424
C,impostor,0.9592
C,impostor,0.9701
C,impostor,1.0705
C,impostor,1.1082
C,impostor,1.1656
C,impostor,1.1328
C,impostor,1.1677
C,impostor,0.9834
C,impostor,1.1892
C,impostor,0.9890
C,impostor,1.1895
C,impostor,0.8270
C,impostor,1.3001
C,impostor,0.6629
C,impostor,1.0473
C,impostor,1.1232
C,impostor,1.1754
C,impostor,0.9422
C,impostor,1.1392
C,impostor,1.0164
C,impostor,1.2449
C,impostor,0.8806
C,impostor,0.8005
C,impostor,1.0463
C,impostor,1.1219
C,impostor,1.0822
C,impostor,1.0411
C,impostor,1.1044
C,impostor,1.0953
C,impostor,1.0037
C,impostor,1.2966
C,impostor,1.1770
C,impostor,0.9755
C,impostor,0.9183
C,impostor,0.9441
C,impostor,0.9065
C,impostor,1.2426
C,impostor,1.0901
C,impostor,0.9184
C,impostor,0.9894
C,impostor,1.0908
C,impostor,0.6443
C,impostor,0.9936
C,impostor,1.1090
C,impostor,0.6154
C,impostor,1.1337
C,impostor,0.8862
C,impostor,0.9584
C,impostor,1.1051
C,impostor,0.9736
C,impostor,0.8372
C,impostor,1.1224
C,impostor,0.7280
C,impostor,1.0499
C,impostor,1.0229
C,impostor,0.8589
C,impostor,1.0155
C,impostor,1.0996
C,impostor,1.1135
C,impostor,1.2438
C,impostor,0.8024
C,impostor,0.9735
C,impostor,0.6187
C,impostor,1.2467
C,impostor,0.9679
C,impostor,0.9770
C,impostor,0.6349
C,impostor,1.0984
C,impostor,1.0102
C,impostor,1.0258
C,impostor,0.8427
C,impostor,1.1156
C,impostor,0.9918
C,impostor,0.9427
C,impostor,1.0943
C,impostor,1.1033
C,impostor,0.9653
C,impostor,0.9413
C,impostor,1.1905
C,impostor,0.7719
C,impostor,0.9455
C,impostor,1.1039
C,impostor,0.6809
C,impostor,1.0379
C,impostor,1.0909
C,impostor,1.3495
C,impostor,1.1817
C,impostor,1.0655
C,impostor,0.9445
C,impostor,0.8265
C,impostor,0.7923
C,impostor,0.8734
C,impostor,1.0282
C,impostor,1.1346
C,impostor,0.8207
C,impostor,1.2185
C,impostor,0.9994
C,impostor,0.8404
C,impostor,0.9637
C,impostor,0.7129
C,impostor,0.7026
C,impostor,1.1119
C,impostor,0.7903
C,impostor,0.7024
C,impostor,1.1248
C,impostor,1.0570
C,impostor,1.2964
C,impostor,0.9370
C,impostor,0.6071
C,impostor,1.1961
C,impostor,1.1715
C,impostor,0.9483
C,impostor,1.0850
C,impostor,1.1412
C,impostor,0.9290
C,impostor,0.8854
C,impostor,1.1827
C,impostor,0.9909
C,impostor,1.2009
C,impostor,0.8432
C,impostor,0.9788
C,impostor,1.1221
C,impostor,1.1588
C,impostor,0.9454
C,impostor,1.1092
C,impostor,1.1362
C,impostor,0.9920
C,impostor,1.3039
C,impostor,0.9757
C,impostor,1.3500
C,impostor,0.7951
C,impostor,1.1254
C,impostor,1.0610
C,impostor,1.0349
C,impostor,1.2459
C,impostor,0.8932
C,impostor,1.1227
C,impostor,0.9076
C,impostor,0.7673
C,impostor,0.9043
C,impostor,1.2309
C,impostor,0.6999
C,impostor,0.9811
C,impostor,1.1146
C,impostor,1.2225
C,impostor,0.8797
C,impostor,0.9681
C,impostor,1.0207
C,impostor,1.2137
C,impostor,0.8794
C,impostor,1.2068
C,impostor,0.8525
C,impostor,1.2171
C,impostor,0.9802
C,impostor,1.0151
C,impostor,1.0105
C,impostor,1.3257
C,impostor,0.8172
C,impostor,0.8966
C,impostor,1.0801
C,impostor,0.9836
C,impostor,1.0164
C,impostor,1.3314
C,impostor,1.0301
C,impostor,1.1033
C,impostor,1.0656
C,impostor,1.1393
C,impostor,1.0666
C,impostor,1.1184
C,impostor,0.8878
C,impostor,1.1418
C,impostor,1.1675
C,impostor,0.7710
C,impostor,1.0238
C,impostor,0.7814
C,impostor,1.0004
C,impostor,0.8617
C,impostor,1.0722
C,impostor,1.0421
C,impostor,0.6910
C,impostor,1.1112
C,impostor,0.8900
C,impostor,1.1900
C,impostor,0.8755
C,impostor,0.9801
C,impostor,1.0449
C,impostor,1.1048
C,impostor,0.8853
C,impostor,1.1561
C,impostor,0.9145
C,impostor,1.1910
C,impostor,1.2487
C,impostor,1.1029
C,impostor,0.9871
C,impostor,1.0202
C,impostor,1.1367
C,impostor,0.8642
C,impostor,0.9572
C,impostor,1.0472
C,impostor,0.9844
C,impostor,1.1696
C,impostor,1.0584
C,impostor,0.8060
C,impostor,1.0310
C,impostor,1.0793
C,impostor,1.0270
C,impostor,1.0670
C,impostor,0.9772
C,impostor,0.6692
C,impostor,1.0725
C,impostor,1.0871
C,impostor,1.1003
C,impostor,1.1605
C,impostor,0.9453
C,impostor,0.7353
C,impostor,1.1424
C,impostor,1.0179
C,impostor,1.2480
C,impostor,1.1016
C,impostor,0.8790
C,impostor,0.9268
C,impostor,0.8734
C,impostor,1.3692
C,impostor,0.6586
C,impostor,0.9845
C,impostor,1.0388
C,impostor,0.9807
C,impostor,0.9822
C,impostor,1.0244
C,impostor,1.0331
C,impostor,0.7773
C,impostor,0.9125
C,impostor,0.9139
C,impostor,0.9637
C,impostor,0.7243
C,impostor,0.8839
C,impostor,0.7721
C,impostor,0.8278
C,impostor,1.0025
C,impostor,1.2013
C,impostor,0.8383
C,impostor,0.9646
C,impostor,0.7642
C,impostor,0.9142
C,impostor,0.8688
C,impostor,1.1324
C,impostor,1.1857
C,impostor,0.8569
C,impostor,0.8558
C,impostor,1.0021
C,impostor,0.9341
C,impostor,0.9514
C,impostor,0.9940
C,impostor,1.0870
C,impostor,0.8711
C,impostor,0.9343
C,impostor,1.1651
C,impostor,0.9690
C,impostor,0.9917
C,impostor,0.9800
C,impostor,1.2783
C,impostor,1.1901
C,impostor,0.7777
C,impostor,1.2749
C,impostor,1.1178
C,impostor,0.8786
C,impostor,0.8641
C,impostor,1.2079
C,impostor,0.9409
C,impostor,0.9183
C,impostor,1.0991
C,impostor,0.9854
C,impostor,1.2393
C,impostor,0.8367
C,impostor,1.0089
C,impostor,1.0983
C,impostor,1.0006
C,impostor,1.1503
C,impostor,0.9149
C,impostor,0.7085
C,impostor,0.9110
C,impostor,1.1912
C,impostor,0.9778
C,impostor,0.6428
C,impostor,1.1819
C,impostor,0.9068
C,impostor,1.1234
C,impostor,1.0764
C,impostor,1.1264
C,impostor,1.2669
C,impostor,1.0481
C,impostor,0.9996
C,impostor,1.0324
C,impostor,0.8637
C,impostor,0.8104
C,impostor,1.0442
C,impostor,1.1111
C,impostor,1.0803
C,impostor,1.0104
C,impostor,0.8238
C,impostor,0.9689
C,impostor,1.1675
C,impostor,1.0162
C,impostor,0.8665
C,impostor,1.0326
C,impostor,0.9316
C,impostor,0.8945
C,impostor,0.9138
C,impostor,0.8796
C,impostor,0.9240
C,impostor,0.5331
C,impostor,1.0748
C,impostor,0.9611
C,impostor,0.9009
C,impostor,1.2242
C,impostor,1.0115
C,impostor,0.9627
C,impostor,0.6768
C,impostor,1.2638
C,impostor,0.7549
C,impostor,1.0570
C,impostor,0.8843
C,impostor,1.1104
C,impostor,0.9437
C,impostor,1.1344
C,impostor,0.9370
C,impostor,0.7431
C,impostor,1.0584
C,impostor,0.9314
C,impostor,1.0297
C,impostor,0.7940
C,impostor,0.9286
C,impostor,0.8650
C,impostor,0.9846
C,impostor,0.8215
C,impostor,0.9439
C,impostor,0.9916
C,impostor,0.9348
C,impostor,1.2679
C,impostor,0.9369
C,impostor,1.0827
C,impostor,1.0852
C,impostor,0.9395
C,impostor,0.9353
C,impostor,0.9123
C,impostor,0.8843
C,impostor,0.8674
C,impostor,1.0745
C,impostor,1.2004
C,impostor,1.2140
C,impostor,0.8780
C,impostor,1.2750
C,impostor,1.0032
C,impostor,1.0296
C,impostor,1.1175
C,impostor,0.8058
C,impostor,0.7539
C,impostor,0.9517
C,impostor,0.8821
C,impostor,0.7293
C,impostor,0.8777
C,impostor,0.8419
C,impostor,0.9815
C,impostor,1.0195
C,impostor,1.1737
C,impostor,0.9357
C,impostor,1.1000
C,impostor,1.2406
C,impostor,1.0019
C,impostor,0.8536
C,impostor,1.0754
C,impostor,0.8874
C,impostor,1.3576
C,impostor,0.8825
C,impostor,1.2399
C,impostor,0.9070
C,impostor,1.0869
C,impostor,1.2403
C,impostor,1.0060
C,impostor,1.0653
C,impostor,0.9925
C,impostor,0.9816
C,impostor,0.7260
C,impostor,0.8148
C,impostor,0.9600
C,impostor,0.9141
C,impostor,0.9956
C,impostor,0.9393
C,impostor,0.9480
C,impostor,1.1480
C,impostor,1.1247
C,impostor,0.8229
C,impostor,0.9338
C,impostor,0.9014
C,impostor,0.8327
C,impostor,0.9973
C,impostor,0.8212
C,impostor,1.1886
C,impostor,0.5881
C,impostor,1.0774
C,impostor,1.0027
C,impostor,0.8698
C,impostor,0.9373
C,impostor,1.2820
C,impostor,1.3564
C,impostor,0.9868
C,impostor,0.8688
C,impostor,0.9705
C,impostor,0.7429
C,impostor,0.9760
C,impostor,1.1475
C,impostor,0.9841
C,impostor,0.7094
C,impostor,0.9642
C,impostor,1.0829
C,impostor,1.0673
C,impostor,0.9100
C,impostor,1.1736
C,impostor,1.3012
C,impostor,1.2914
C,impostor,1.0362
C,impostor,0.8702
C,impostor,0.9522
C,impostor,0.6800
C,impostor,1.0757
C,impostor,1.0202
C,impostor,1.0688
C,impostor,0.7695
C,impostor,0.7981
C,impostor,0.9420
C,impostor,1.2703
C,impostor,1.3491
C,impostor,1.2847
C,impostor,0.7659
C,impostor,0.7454
C,impostor,1.0685
C,impostor,0.8868
C,impostor,1.0625
C,impostor,0.9359
C,impostor,0.8586
C,impostor,0.9280
C,impostor,1.2851
C,impostor,1.1067
C,impostor,0.9397
C,impostor,0.8774
C,impostor,1.1948
C,impostor,1.0914
C,impostor,0.9853
C,impostor,0.9794
C,impostor,1.2430
C,impostor,1.2156
C,impostor,1.2212
C,impostor,1.0470
C,impostor,0.8003
C,impostor,1.1275
C,impostor,1.0766
C,impostor,0.9321
C,impostor,0.7126
C,impostor,1.0116
C,impostor,1.2512
C,impostor,0.9006
C,impostor,0.9274
C,impostor,1.1433
C,impostor,1.2052
C,impostor,1.2936
C,impostor,0.9579
C,impostor,1.1581
C,impostor,1.2044
C,impostor,0.9796
C,impostor,1.2445
C,impostor,1.1081
C,impostor,0.7549
C,impostor,1.0270
C,impostor,1.0954
C,impostor,1.1393
C,impostor,0.8712
C,impostor,0.8621
C,impostor,1.2012
C,impostor,0.7003
C,impostor,1.0457
C,impostor,1.0901
C,impostor,1.0404
C,impostor,1.0075
C,impostor,0.9444
C,impostor,1.1893
C,impostor,1.0604
C,impostor,1.2688
C,impostor,0.9603
C,impostor,1.0184
C,impostor,1.0536
C,impostor,0.9045
C,impostor,1.0781
C,impostor,1.0129
C,impostor,0.6380
C,impostor,1.0731
C,impostor,0.9977
C,impostor,0.9565
C,impostor,1.0529
C,impostor,1.0748
C,impostor,0.9251
C,impostor,1.0723
C,impostor,1.1346
C,impostor,0.9889
C,impostor,0.9682
C,impostor,1.1142
C,impostor,0.9054
C,impostor,0.7481
C,impostor,1.0251
C,impostor,0.8407
C,impostor,0.9727
C,impostor,0.8751
C,impostor,0.9454
C,impostor,0.7510
C,impostor,0.8774
C,impostor,0.8860
C,impostor,1.3335
C,impostor,1.3003
C,impostor,0.9444
C,impostor,1.0396
C,impostor,0.9463
C,impostor,1.0254
C,impostor,1.3695
C,impostor,1.1839
C,impostor,0.9844
C,impostor,1.1803
C,impostor,0.9463
C,impostor,1.1430
C,impostor,0.8882
C,impostor,0.9746
C,impostor,0.9507
C,impostor,1.1298
C,impostor,0.9993
C,impostor,0.7202
C,impostor,1.1240
C,impostor,0.7923
C,impostor,1.0781
C,impostor,1.0042
C,impostor,1.1675
C,impostor,1.2134
C,impostor,0.7753
C,impostor,1.1654
C,impostor,0.9022
C,impostor,0.8579
C,impostor,0.8672
C,impostor,1.0200
C,impostor,1.1152
C,impostor,1.1892
C,impostor,0.7874
C,impostor,0.7365
C,impostor,1.0507
C,impostor,1.0587
C,impostor,1.2329
C,impostor,1.0781
C,impostor,1.0344
C,impostor,0.9089
C,impostor,1.0240
C,impostor,0.9586
C,impostor,1.1051
C,impostor,1.2609
C,impostor,0.7270
C,impostor,0.7443
C,impostor,0.9993
C,impostor,1.1078
C,impostor,1.1091
C,impostor,1.1083
C,impostor,1.2442
C,impostor,1.0914
C,impostor,1.0561
C,impostor,0.9415
C,impostor,0.8014
C,impostor,1.1595
C,impostor,0.8959
C,impostor,1.0971
C,impostor,1.0544
C,impostor,1.3240
C,impostor,0.8213
C,impostor,1.1969
C,impostor,1.2150
C,impostor,0.9570
C,impostor,0.8995
C,impostor,1.2385
C,impostor,1.2654
C,impostor,0.9782
C,impostor,1.1267
C,impostor,0.8384
C,impostor,0.6249
C,impostor,1.1123
C,impostor,0.6812
C,impostor,0.8292
C,impostor,1.3134
C,impostor,0.7735
C,impostor,0.9803
C,impostor,0.7870
C,impostor,0.9822
C,impostor,0.6566
C,impostor,1.0900
C,impostor,1.0636
C,impostor,1.1847
C,impostor,0.9972
C,impostor,0.7480
C,impostor,0.8963
C,impostor,1.2163
C,impostor,0.9487
C,impostor,0.9204
C,impostor,0.9525
C,impostor,0.8415
C,impostor,0.8362
C,impostor,0.8221
C,impostor,1.3535
C,impostor,1.1427
C,impostor,1.1894
C,impostor,1.2406
C,impostor,1.2480
C,impostor,1.4246
C,impostor,0.8603
C,impostor,0.9544
C,impostor,1.1020
C,impostor,1.0643
C,impostor,0.8871
C,impostor,1.1815
C,impostor,1.0834
C,impostor,1.0375
C,impostor,0.9293
C,impostor,1.0139
C,impostor,1.0489
C,impostor,0.9286
C,impostor,1.0438
C,impostor,0.7509
C,impostor,1.1920
C,impostor,0.9580
C,impostor,1.1427
C,impostor,1.1691
C,impostor,1.0716
C,impostor,0.9072
C,impostor,1.1571
C,impostor,0.8633
C,impostor,1.0337
C,impostor,0.9994
C,impostor,0.9589
C,impostor,0.8142
C,impostor,1.1024
C,impostor,0.9526
C,impostor,1.0868
C,impostor,0.9579
C,impostor,0.9242
C,impostor,0.9598
C,impostor,1.0169
C,impostor,1.0541
C,impostor,0.8807
C,impostor,0.7382
C,impostor,0.9466
C,impostor,1.2219
C,impostor,1.2307
C,impostor,0.9371
C,impostor,1.0429
C,impostor,1.1295
C,impostor,0.6300
C,impostor,1.0031
C,impostor,0.8819
C,impostor,0.8868
C,impostor,1.0181
C,impostor,1.0971
C,impostor,1.1974
C,impostor,1.1735
C,impostor,1.0992
C,impostor,0.8580
C,impostor,0.8922
C,impostor,1.0819
C,impostor,0.8379
C,impostor,0.8337
C,impostor,1.2058
C,impostor,0.8358
C,impostor,0.8345
C,impostor,0.9818
C,impostor,1.0012
C,impostor,1.1586
C,impostor,0.6330
C,impostor,0.9426
C,impostor,0.9968
C,impostor,1.0938
C,impostor,0.8859
C,impostor,1.0787
C,impostor,0.9968
C,impostor,1.1432
C,impostor,1.0234
C,impostor,0.8618
C,impostor,1.2134
C,impostor,0.9607
C,impostor,1.0378
C,impostor,1.1507
C,impostor,1.1066
C,impostor,0.8408
C,impostor,1.0704
C,impostor,1.0507
C,impostor,0.8230
C,impostor,1.0058
C,impostor,0.9225
C,impostor,1.2594
C,impostor,0.8996
C,impostor,1.1405
C,impostor,1.0717
C,impostor,1.1562
C,impostor,1.1863
C,impostor,1.1599
C,impostor,0.9970
C,impostor,1.3735
C,impostor,0.9612
C,impostor,1.1511
C,impostor,0.7174
C,impostor,0.8141
C,impostor,0.8042
C,impostor,1.1478
C,impostor,1.2964
C,impostor,0.8689
C,impostor,0.7434
C,impostor,0.9206
C,impostor,0.9813
C,impostor,1.2694
C,impostor,1.0197
C,impostor,1.1823
C,impostor,0.9696
C,impostor,0.7104
C,impostor,1.0041
C,impostor,1.1614
C,impostor,1.1968
C,impostor,1.1558
C,impostor,1.0559
C,impostor,0.8195
C,impostor,1.0222
C,impostor,0.8259
C,impostor,0.9397
C,impostor,0.9205
C,impostor,0.8271
C,impostor,1.0858
C,impostor,1.0365
C,impostor,1.0108
C,impostor,0.7610
C,impostor,1.0882
C,impostor,1.1971
C,impostor,0.8792
C,impostor,0.9150
C,impostor,0.9807
C,impostor,1.2182
C,impostor,1.0239
C,impostor,0.9750
C,impostor,1.1445
C,impostor,1.2423
C,impostor,1.1105
C,impostor,1.0876
C,impostor,1.0646
C,impostor,0.9907
C,impostor,1.0716
C,impostor,1.0333
C,impostor,1.1523
C,impostor,0.9916
C,impostor,0.8152
C,impostor,1.1310
C,impostor,1.2201
C,impostor,1.1198
C,impostor,0.9495
C,impostor,1.1573
C,impostor,1.0399
C,impostor,0.9645
C,impostor,0.9164
C,impostor,0.8689
C,impostor,1.0263
C,impostor,1.0707
C,impostor,0.9359
C,impostor,1.0068
C,impostor,1.2038
C,impostor,0.9065
C,impostor,0.8115
C,impostor,1.0201
C,impostor,1.1709
C,impostor,0.9703
C,impostor,0.9746
C,impostor,0.9450
C,impostor,1.0866
C,impostor,1.0020
C,impostor,0.8509
C,impostor,0.9730
C,impostor,1.0756
C,impostor,0.9688
C,impostor,0.9335
C,impostor,1.2049
C,impostor,0.9806
C,impostor,0.9946
C,impostor,1.0426
C,impostor,0.9336
C,impostor,0.9298
C,impostor,1.1095
C,impostor,0.8645
C,impostor,1.3413
C,impostor,1.0804
C,impostor,1.0056
C,impostor,0.9577
C,impostor,1.1937
C,impostor,0.8298
C,impostor,1.1085
C,impostor,0.9897
C,impostor,0.9423
C,impostor,0.7912
C,impostor,0.9203
C,impostor,0.9303
C,impostor,0.9103
C,impostor,1.0332
C,impostor,0.8837
C,impostor,0.9824
C,impostor,0.8508
C,impostor,0.9791
C,impostor,1.0293
C,impostor,0.7775
C,impostor,0.7384
C,impostor,1.0546
C,impostor,0.9087
C,impostor,0.7706
C,impostor,1.0748
C,impostor,0.9697
C,impostor,1.1255
C,impostor,1.0169
C,impostor,0.7686
C,impostor,0.8929
C,impostor,1.1861
C,impostor,0.8086
C,impostor,0.8687
C,impostor,1.2318
C,impostor,0.7229
C,impostor,1.0341
C,impostor,1.1191
C,impostor,1.0228
C,impostor,1.0535
C,impostor,1.0520
C,impostor,0.7102
C,impostor,0.8074
C,impostor,1.0545
C,impostor,1.0382
C,impostor,1.1073
C,impostor,0.8899
C,impostor,1.0401
C,impostor,1.0741
C,impostor,0.9853
C,impostor,1.0249
C,impostor,0.8359
C,impostor,1.1293
C,impostor,1.0564
C,impostor,0.9637
C,impostor,0.8902
C,impostor,1.0292
C,impostor,0.8269
C,impostor,0.9327
C,impostor,0.7826
C,impostor,1.0952
C,impostor,1.0455
C,impostor,0.9033
C,impostor,0.8724
C,impostor,0.9568
C,impostor,0.9333
C,impostor,0.7568
C,impostor,0.7724
C,impostor,0.9270
C,impostor,0.8155
C,impostor,0.7416
C,impostor,0.9160
C,impostor,0.9937
C,impostor,0.9444
C,impostor,1.1820
C,impostor,0.9857
C,impostor,0.9744
C,impostor,0.9829
C,impostor,1.1060
C,impostor,0.8839
C,impostor,1.0727
C,impostor,0.8977
C,impostor,0.8144
C,impostor,1.2419
C,impostor,0.9875
C,impostor,0.7232
C,impostor,0.8039
C,impostor,0.9482
C,impostor,1.1087
C,impostor,1.1339
C,impostor,1.0992
C,impostor,1.0604
C,impostor,0.9153
C,impostor,1.0248
C,impostor,0.9335
C,impostor,1.0966
C,impostor,1.0665
C,impostor,0.8603
C,impostor,0.8450
C,impostor,1.0804
C,impostor,0.8336
C,impostor,0.9065
C,impostor,0.8884
C,impostor,1.0953
C,impostor,0.8511
C,impostor,0.9925
C,impostor,0.9429
C,impostor,1.0870
C,impostor,1.2109
C,impostor,1.0611
C,impostor,1.0702
C,impostor,0.9988
C,impostor,0.9215
C,impostor,1.1353
C,impostor,0.9435
C,impostor,1.0885
C,impostor,0.9592
C,impostor,1.0571
C,impostor,1.0899
C,impostor,1.2953
C,impostor,0.9489
C,impostor,0.9510
C,impostor,0.9141
C,impostor,0.9614
C,impostor,1.0089
C,impostor,0.9307
C,impostor,0.9161
C,impostor,1.2022
C,impostor,1.0504
C,impostor,0.9337
C,impostor,1.2180
C,impostor,1.1377
C,impostor,0.9497
C,impostor,0.9914
C,impostor,1.0538
C,impostor,0.8658
C,impostor,1.0193
C,impostor,1.0991
C,impostor,1.1679
C,impostor,0.7589
C,impostor,1.0293
C,impostor,1.0744
C,impostor,0.8877
C,impostor,1.1395
C,impostor,1.3817
C,impostor,1.1712
C,impostor,0.9773
C,impostor,1.0903
C,impostor,0.9223
C,impostor,1.1455
C,impostor,1.0026
C,impostor,0.9336
C,impostor,1.0810
C,impostor,0.9566
C,impostor,1.0082
C,impostor,0.9599
C,impostor,0.7476
C,impostor,0.8570
C,impostor,0.9794
C,impostor,1.0650
C,impostor,1.0359
C,impostor,1.1460
C,impostor,0.9012
C,impostor,1.1693
C,impostor,0.9509
C,impostor,0.9206
C,impostor,1.0586
C,impostor,0.9882
C,impostor,1.1213
C,impostor,0.9625
C,impostor,0.8962
C,impostor,1.1333
C,impostor,0.8481
C,impostor,1.1964
C,impostor,1.1214
C,impostor,0.8456
C,impostor,1.1805
C,impostor,0.9652
C,impostor,1.1464
C,impostor,0.8966
C,impostor,1.0438
C,impostor,0.8647
C,impostor,0.8888
C,impostor,0.8633
C,impostor,1.0401
C,impostor,0.8705
C,impostor,0.9764
C,impostor,1.0966
C,impostor,0.8943
C,impostor,0.9280
C,impostor,0.8853
C,impostor,1.1156
C,impostor,1.0958
C,impostor,1.0117
C,impostor,0.8519
C,impostor,1.1882
C,impostor,1.1693
C,impostor,1.0199
C,impostor,1.1294
C,impostor,0.9228
C,impostor,0.8223
C,impostor,1.0279
C,impostor,1.3082
C,impostor,0.8542
C,impostor,0.8171
C,impostor,1.0106
C,impostor,0.9023
C,impostor,0.9622
C,impostor,0.9918
C,impostor,1.3318
C,impostor,0.9975
C,impostor,0.9138
C,impostor,1.2064
C,impostor,0.6966
C,impostor,0.7765
C,impostor,1.1526
C,impostor,1.2207
C,impostor,0.8435
C,impostor,0.9826
C,impostor,0.9381
C,impostor,1.1543
C,impostor,1.0426
C,impostor,1.1325
C,impostor,1.0734
C,impostor,0.9928
C,impostor,1.0217
C,impostor,0.8425
C,impostor,0.9416
C,impostor,1.1295
C,impostor,1.1876
C,impostor,1.2682
C,impostor,0.8616
C,impostor,0.8256
C,impostor,0.8952
C,impostor,0.8216
C,impostor,1.3519
C,impostor,1.0985
C,impostor,0.9900
C,impostor,1.2454
C,impostor,0.8080
C,impostor,0.8791
C,impostor,1.0437
C,impostor,0.9923
C,impostor,1.0075
C,impostor,1.1043
C,impostor,0.9251
C,impostor,0.8464
C,impostor,1.2150
C,impostor,1.2446
C,impostor,1.0032
C,impostor,1.0879
C,impostor,0.8127
C,impostor,1.2325
C,impostor,1.1266
C,impostor,0.9579
C,impostor,0.8574
C,impostor,1.0688
C,impostor,0.9542
C,impostor,1.2040
C,impostor,0.9236
C,impostor,0.8694
C,impostor,0.9919
C,impostor,0.7290
C,impostor,0.9723
C,impostor,1.0053
C,impostor,0.9533
C,impostor,0.7176
C,impostor,1.0094
C,impostor,1.0145
C,impostor,0.4977
C,impostor,1.1263
C,impostor,1.0668
C,impostor,0.8421
C,impostor,0.9545
C,impostor,1.1284
C,impostor,1.1328
C,impostor,0.9420
C,impostor,0.9156
C,impostor,1.1080
C,impostor,0.8187
C,impostor,0.9206
C,impostor,1.2638
C,impostor,1.1646
C,impostor,0.8775
C,impostor,0.8634
C,impostor,0.9127
C,impostor,0.9192
C,impostor,1.0879
C,impostor,1.1085
C,impostor,0.8964
C,impostor,1.0169
C,impostor,1.1413
C,impostor,0.8633
C,impostor,1.0780
C,impostor,0.7744
C,impostor,1.1713
C,impostor,0.8301
C,impostor,0.8546
C,impostor,0.9250
C,impostor,0.8922
C,impostor,0.9424
C,impostor,0.9331
C,impostor,1.1174
C,impostor,0.9974
C,impostor,0.8113
C,impostor,1.0296
C,impostor,1.1082
C,impostor,0.9681
C,impostor,0.9340
C,impostor,0.8490
C,impostor,1.1664
C,impostor,0.9110
C,impostor,1.0120
C,impostor,0.7425
C,impostor,1.0422
C,impostor,0.9434
C,impostor,1.0361
C,impostor,1.0054
C,impostor,0.9227
C,impostor,1.0098
C,impostor,0.7194
C,impostor,1.0597
C,impostor,1.0238
C,impostor,1.1918
C,impostor,0.9237
C,impostor,0.7860
C,impostor,0.9702
C,impostor,1.0051
C,impostor,1.0516
C,impostor,1.1487
C,impostor,1.0759
C,impostor,1.0817
C,impostor,0.8453
C,impostor,1.1752
C,impostor,0.6869
C,impostor,1.0041
C,impostor,1.1874
C,impostor,1.0556
C,impostor,1.0140
C,impostor,0.8161
C,impostor,0.8943
C,impostor,1.3639
C,impostor,1.0049
C,impostor,0.9964
C,impostor,1.0644
C,impostor,0.8316
C,impostor,1.1637
C,impostor,1.0699
C,impostor,0.9675
C,impostor,0.9990
C,impostor,0.8972
C,impostor,0.9561
C,impostor,1.2674
C,impostor,0.8049
C,impostor,1.2850
C,impostor,1.0522
C,impostor,0.9958
C,impostor,0.9419
C,impostor,0.8661
C,impostor,0.9172
C,impostor,1.2997
C,impostor,1.1989
C,impostor,1.1600
C,impostor,0.9194
C,impostor,1.1204
C,impostor,0.8445
C,impostor,1.1751
C,impostor,1.0308
C,impostor,0.9183
C,impostor,0.9472
C,impostor,1.2715
C,impostor,0.9706
C,impostor,0.9079
C,impostor,1.1952
C,impostor,0.8519
C,impostor,1.1691
C,impostor,0.8823
C,impostor,0.8759
C,impostor,1.1009
C,impostor,1.4192
C,impostor,1.2752
C,impostor,1.0269
C,impostor,1.0002
C,impostor,0.9292
C,impostor,0.8885
C,impostor,0.8419
C,impostor,0.9457
C,impostor,0.9885
C,impostor,0.9834
C,impostor,1.2665
C,impostor,1.0236
C,impostor,1.0412
C,impostor,1.2970
C,impostor,1.0124
C,impostor,0.8183
C,impostor,1.0362
C,impostor,0.9138
C,impostor,0.9175
C,impostor,1.0529
C,impostor,0.9602
C,impostor,1.0543
C,impostor,1.3164
C,impostor,1.1413
C,impostor,1.1766
C,impostor,0.9176
C,impostor,1.0261
C,impostor,1.0310
C,impostor,1.0637
C,impostor,1.2287
C,impostor,1.0139
C,impostor,1.1093
C,impostor,1.2468
C,impostor,0.9845
C,impostor,1.3608
C,impostor,1.0750
C,impostor,0.8979
C,impostor,0.8634
C,impostor,1.1527
C,impostor,0.9918
C,impostor,0.8928
C,impostor,1.0930
C,impostor,0.9520
C,impostor,1.2045
C,impostor,0.9624
C,impostor,1.2194
C,impostor,0.7810
C,impostor,0.8339
C,impostor,0.8456
C,impostor,1.0525
C,impostor,1.0504
C,impostor,0.9933
C,impostor,0.8356
C,impostor,1.1554
C,impostor,1.1890
C,impostor,1.1212
C,impostor,1.2209
C,impostor,1.0316
C,impostor,0.9853
C,impostor,1.0838
C,impostor,0.9667
C,impostor,1.2826
C,impostor,1.1986
C,impostor,1.0314
C,impostor,0.9654
C,impostor,0.7090
C,impostor,0.9686
C,impostor,1.1432
C,impostor,0.9611
C,impostor,1.0200
C,impostor,1.0031
C,impostor,1.0593
C,impostor,0.8496
C,impostor,1.2521
C,impostor,0.9268
C,impostor,1.1245
C,impostor,0.9861
C,impostor,0.8857
C,impostor,0.7933
C,impostor,0.9295
C,impostor,0.9929
C,impostor,0.9063
C,impostor,1.0968
C,impostor,1.1475
C,impostor,1.0207
C,impostor,1.0704
C,impostor,1.2324
C,impostor,0.9234
C,impostor,1.0146
C,impostor,0.9881
C,impostor,0.7954
C,impostor,0.6558
C,impostor,0.8577
C,impostor,0.9824
C,impostor,0.9374
C,impostor,0.9410
C,impostor,1.2365
C,impostor,1.1646
C,impostor,0.8907
C,impostor,1.1249
C,impostor,1.0702
C,impostor,1.1302
C,impostor,0.8539
C,impostor,0.8649
C,impostor,0.6892
C,impostor,1.1084
C,impostor,1.0973
C,impostor,0.9191
C,impostor,0.6438
C,impostor,1.0720
C,impostor,0.9377
C,impostor,0.8879
C,impostor,1.0707
C,impostor,1.0566
C,impostor,1.2126
C,impostor,1.0122
C,impostor,1.3572
C,impostor,0.9857
C,impostor,1.2332
C,impostor,0.8368
C,impostor,0.7566
C,impostor,0.9312
C,impostor,0.9340
C,impostor,0.9262
C,impostor,0.8945
C,impostor,1.0483
C,impostor,0.8231
C,impostor,0.8817
C,impostor,1.1481
C,impostor,1.1114
C,impostor,1.2258
C,impostor,0.7785
C,impostor,1.0504
C,impostor,0.9144
C,impostor,0.9255
C,impostor,0.9617
C,impostor,1.1579
C,impostor,1.1768
C,impostor,0.8446
C,impostor,0.8677
C,impostor,0.9256
C,impostor,0.7598
C,impostor,1.0465
C,impostor,1.0384
C,impostor,0.9838
C,impostor,0.8295
C,impostor,0.8511
C,impostor,1.0195
C,impostor,0.8644
C,impostor,0.9222
C,impostor,1.0708
C,impostor,1.0564
C,impostor,0.7874
C,impostor,0.8906
C,impostor,1.1986
C,impostor,0.9760
C,impostor,1.0460
C,impostor,0.7072
C,impostor,1.0135
C,impostor,0.7504
C,impostor,1.2090
C,impostor,1.0024
C,impostor,1.0650
C,impostor,0.9624
C,impostor,0.9055
C,impostor,0.7957
C,impostor,0.9980
C,impostor,1.0326
C,impostor,0.8979
C,impostor,0.9673
C,impostor,0.8853
C,impostor,1.1031
C,impostor,0.7574
C,impostor,0.6550
C,impostor,0.7935
C,impostor,1.0191
C,impostor,1.0104
C,impostor,1.0268
C,impostor,1.0756
C,impostor,0.7820
C,impostor,1.0357
C,impostor,0.7959
C,impostor,0.8499
C,impostor,0.9962
C,impostor,0.8927
C,impostor,1.2011
C,impostor,1.0024
C,impostor,0.8900
C,impostor,1.1532
C,impostor,0.9727
C,impostor,0.8155
C,impostor,1.0767
C,impostor,1.0280
C,impostor,1.0710
C,impostor,1.1357
C,impostor,0.7196
C,impostor,0.9038
C,impostor,1.0388
C,impostor,0.9548
C,impostor,1.1141
C,impostor,1.0671
C,impostor,1.0642
C,impostor,0.9809
C,impostor,1.1142
C,impostor,1.0190
C,impostor,1.1005
C,impostor,0.9957
C,impostor,1.3227
C,impostor,1.0186
C,impostor,0.8159
C,impostor,0.8665
C,impostor,1.0410
C,impostor,0.9092
C,impostor,1.3581
C,impostor,1.0204
C,impostor,0.9255
C,impostor,0.9962
C,impostor,1.0542
C,impostor,0.9047
C,impostor,0.7418
C,impostor,1.1260
C,impostor,0.8965
C,impostor,0.9969
C,impostor,0.6835
C,impostor,1.1843
C,impostor,1.0929
C,impostor,0.7653
C,impostor,1.0024
C,impostor,1.2666
C,impostor,1.0370
C,impostor,0.9053
C,impostor,0.9440
C,impostor,0.7970
C,impostor,1.0035
C,impostor,1.1671
C,impostor,0.8190
C,impostor,0.9393
C,impostor,1.0544
C,impostor,0.8874
C,impostor,0.9142
C,impostor,0.7059
C,impostor,1.0991
C,impostor,1.1588
C,impostor,1.0522
C,impostor,0.9230
C,impostor,0.8055
C,impostor,1.0380
C,impostor,0.9638
C,impostor,1.1030
C,impostor,1.0991
C,impostor,0.9772
C,impostor,1.0167
C,impostor,1.0527
C,impostor,0.8186
C,impostor,0.8588
C,impostor,0.7112
C,impostor,0.8802
C,impostor,0.9442
C,impostor,0.8966
C,impostor,0.9574
C,impostor,0.7766
C,impostor,1.0993
C,impostor,0.9077
C,impostor,0.8957
C,impostor,0.9604
C,impostor,1.0683
C,impostor,1.0390
C,impostor,1.0851
C,impostor,0.8886
C,impostor,0.8326
C,impostor,1.2854
C,impostor,1.0348
C,impostor,0.9985
C,impostor,1.2694
C,impostor,1.2536
C,impostor,1.1439
C,impostor,0.9933
C,impostor,0.9016
C,impostor,1.1342
C,impostor,0.7880
C,impostor,1.0444
C,impostor,0.8222
C,impostor,0.8596
C,impostor,0.9516
C,impostor,1.1844
C,impostor,1.1800
C,impostor,1.0761
C,impostor,0.8838
C,impostor,1.0139
C,impostor,0.9146
C,impostor,1.0053
C,impostor,0.9710
C,impostor,1.1410
C,impostor,0.9771
C,impostor,0.8191
C,impostor,1.2045
C,impostor,1.2096
C,impostor,1.0476
C,impostor,0.8468
C,impostor,0.8172
C,impostor,1.1898
C,impostor,1.2669
C,impostor,1.1603
C,impostor,0.7434
C,impostor,1.1016
C,impostor,1.1965
C,impostor,1.1088
C,impostor,0.8542
C,impostor,1.0584
C,impostor,1.0073
C,impostor,0.9525
C,impostor,0.6781
C,impostor,0.8620
C,impostor,0.9509
C,impostor,0.9705
C,impostor,0.9672
C,impostor,1.0727
C,impostor,0.9994
C,impostor,1.2294
C,impostor,0.9648
C,impostor,1.0051
C,impostor,1.0958
C,impostor,0.6551
C,impostor,0.9822
C,impostor,0.8784
C,impostor,0.8209
C,impostor,0.7708
C,impostor,0.9488
C,impostor,0.9126
C,impostor,1.1880
C,impostor,1.2220
C,impostor,0.9865
C,impostor,0.9480
C,impostor,0.8822
C,impostor,1.1291
C,impostor,0.8986
C,impostor,1.0061
C,impostor,1.0664
C,impostor,0.9119
C,impostor,1.1902
C,impostor,0.7980
C,impostor,0.9971
C,impostor,1.2246
C,impostor,0.9943
C,impostor,1.1148
C,impostor,0.8510
C,impostor,1.1093
C,impostor,0.9464
C,impostor,1.1218
C,impostor,1.1713
C,impostor,1.2598
C,impostor,1.0119
C,impostor,0.9433
C,impostor,0.7512
C,impostor,0.7227
C,impostor,1.3424
C,impostor,0.9839
C,impostor,0.8321
C,impostor,1.1272
C,impostor,1.2745
C,impostor,1.1693
C,impostor,1.1107
C,impostor,0.8332
C,impostor,0.9139
C,impostor,0.9500
C,impostor,1.2894
C,impostor,0.9789
C,impostor,0.9372
C,impostor,1.0719
C,impostor,1.1251
C,impostor,1.0184
C,impostor,1.2098
C,impostor,1.1868
C,impostor,1.0035
C,impostor,1.1756
C,impostor,0.8318
C,impostor,1.1031
C,impostor,0.9137
C,impostor,1.1189
C,impostor,0.9058
C,impostor,1.0313
C,impostor,0.7264
C,impostor,0.7312
C,impostor,0.7509
C,impostor,1.4181
C,impostor,1.0361
C,impostor,1.2516
C,impostor,1.0828
C,impostor,1.0093
C,impostor,1.1351
C,impostor,0.9126
C,impostor,1.1820
C,impostor,1.0251
C,impostor,0.9876
C,impostor,1.1556
C,impostor,0.7554
C,impostor,1.2502
C,impostor,1.0268
C,impostor,1.0578
C,impostor,0.8831
C,impostor,0.9091
C,impostor,0.8192
C,impostor,0.9010
C,impostor,1.3318
C,impostor,1.0504
C,impostor,1.1066
C,impostor,0.9193
C,impostor,0.7508
C,impostor,1.2323
C,impostor,1.1577
C,impostor,0.8549
C,impostor,0.9414
C,impostor,0.9553
C,impostor,0.7092
C,impostor,0.9980
C,impostor,0.8828
C,impostor,0.8423
C,impostor,1.0108
C,impostor,0.9787
C,impostor,0.8758
C,impostor,0.8580
C,impostor,0.9711
C,impostor,1.0089
C,impostor,0.8222
C,impostor,1.0585
C,impostor,0.7716
C,impostor,1.0485
C,impostor,0.9645
C,impostor,1.0743
C,impostor,1.0325
C,impostor,1.2243
C,impostor,0.8612
C,impostor,1.1812
C,impostor,0.9496
C,impostor,0.7793
C,impostor,0.9629
C,impostor,0.7042
C,impostor,1.0508
C,impostor,1.0277
C,impostor,1.0519
C,impostor,1.2745
C,impostor,1.1701
C,impostor,0.8907
C,impostor,1.1601
C,impostor,1.1559
C,impostor,0.8408
C,impostor,0.7765
C,impostor,1.1390
C,impostor,1.0019
C,impostor,0.8634
C,impostor,1.0935
C,impostor,0.8809
C,impostor,1.1149
C,impostor,1.0139
C,impostor,0.7915
C,impostor,1.0294
C,impostor,0.7631
C,impostor,0.7895
C,impostor,1.2081
C,impostor,1.2968
C,impostor,0.8983
C,impostor,0.7693
C,impostor,1.2318
C,impostor,0.8382
C,impostor,1.0633
C,impostor,0.9211
C,impostor,1.1157
C,impostor,1.0481
C,impostor,1.0691
C,impostor,1.0867
C,impostor,1.1329
C,impostor,1.1561
C,impostor,1.3111
C,impostor,1.2335
C,impostor,0.8124
C,impostor,1.0864
C,impostor,0.9043
C,impostor,0.9541
C,impostor,1.0534
C,impostor,1.0765
C,impostor,0.9975
C,impostor,1.3290
C,impostor,1.0867
C,impostor,1.0338
C,impostor,0.7031
C,impostor,1.0057
C,impostor,0.8505
C,impostor,0.9581
C,impostor,0.9501
C,impostor,1.2214
C,impostor,1.0965
C,impostor,0.9958
C,impostor,1.0780
C,impostor,0.8389
C,impostor,0.9950
C,impostor,1.1524
C,impostor,1.0970
C,impostor,0.9315
C,impostor,1.0907
C,impostor,1.1967
C,impostor,1.2195
C,impostor,0.9094
C,impostor,1.0204
C,impostor,0.9994
C,impostor,1.0633
C,impostor,1.2835
C,impostor,0.9116
C,impostor,1.0988
C,impostor,0.7472
C,impostor,1.1116
C,impostor,0.9060
C,impostor,1.1726
C,impostor,0.7019
C,impostor,1.1295
C,impostor,0.8218
C,impostor,0.9697
C,impostor,1.0464
C,impostor,1.0348
C,impostor,1.0306
C,impostor,1.0014
C,impostor,0.9518
C,impostor,1.1980
C,impostor,0.8491
C,impostor,1.0879
C,impostor,1.1911
C,impostor,1.0861
C,impostor,0.8411
C,impostor,1.2861
C,impostor,0.9139
C,impostor,0.6792
C,impostor,0.5594
C,impostor,1.0459
C,impostor,0.9567
C,impostor,0.9104
C,impostor,0.9376
C,impostor,0.9649
C,impostor,1.2027
C,impostor,0.8620
C,impostor,0.9541
C,impostor,1.1836
C,impostor,1.2750
C,impostor,0.9010
C,impostor,0.6424
C,impostor,0.9191
C,impostor,0.9623
C,impostor,1.0553
C,impostor,0.9512
C,impostor,0.9475
C,impostor,1.0949
C,impostor,1.3040
C,impostor,0.5680
C,impostor,0.8350
C,impostor,1.0523
C,impostor,1.2087
C,impostor,1.0060
C,impostor,1.2464
C,impostor,0.8442
C,impostor,1.2880
C,impostor,1.0737
C,impostor,0.9682
C,impostor,1.2457
C,impostor,0.9300
C,impostor,0.8248
C,impostor,0.8026
C,impostor,0.8867
C,impostor,1.0392
C,impostor,0.9693
C,impostor,0.9144
C,impostor,1.1699
C,impostor,0.9563
C,impostor,0.9764
C,impostor,1.2927
C,impostor,0.9262
C,impostor,0.8306
C,impostor,1.1521
C,impostor,0.9490
C,impostor,0.9471
C,impostor,1.1357
C,impostor,0.9795
C,impostor,1.0215
C,impostor,0.9656
C,impostor,0.8960
C,impostor,1.1444
C,impostor,0.8429
C,impostor,1.0737
C,impostor,0.9799
C,impostor,1.1329
C,impostor,0.8864
C,impostor,1.1413
C,impostor,0.7859
C,impostor,1.0279
C,impostor,0.7020
C,impostor,1.1689
C,impostor,1.1881
C,impostor,0.9986
C,impostor,1.0685
C,impostor,1.1063
C,impostor,1.1493
C,impostor,1.0983
C,impostor,1.2321
C,impostor,0.9484
C,impostor,0.9557
C,impostor,0.7687
C,impostor,1.2103
C,impostor,0.9577
C,impostor,0.9703
C,impostor,1.0154
C,impostor,1.2360
C,impostor,1.2697
C,impostor,0.9407
C,impostor,1.0282
C,impostor,0.7592
C,impostor,1.3339
C,impostor,0.9409
C,impostor,0.9418
C,impostor,0.8017
C,impostor,1.1094
C,impostor,1.1852
C,impostor,0.9493
C,impostor,1.0387
C,impostor,0.9931
C,impostor,0.8672
C,impostor,1.0735
C,impostor,0.5873
C,impostor,1.0583
C,impostor,0.8542
C,impostor,0.9987
C,impostor,1.0398
C,impostor,1.1711
C,impostor,0.9737
C,impostor,0.9850
C,impostor,1.0661
C,impostor,1.1170
C,impostor,0.8003
C,impostor,0.7768
C,impostor,1.1352
C,impostor,0.7588
C,impostor,1.1764
C,impostor,1.2353
C,impostor,1.1891
C,impostor,1.1113
C,impostor,1.1584
C,impostor,0.9677
C,impostor,1.1021
C,impostor,0.9661
C,impostor,1.0490
C,impostor,1.1870
C,impostor,1.1477
C,impostor,0.9747
C,impostor,1.1503
C,impostor,1.0555
C,impostor,0.8883
C,impostor,0.8973
C,impostor,1.0876
C,impostor,0.8870
C,impostor,0.8240
C,impostor,0.9027
C,impostor,1.0512
C,impostor,1.0367
C,impostor,0.8360
C,impostor,1.0209
C,impostor,0.8581
C,impostor,1.0278
C,impostor,1.0581
C,impostor,1.0781
C,impostor,0.8398
C,impostor,0.7668
C,impostor,1.4366
C,impostor,1.0800
C,impostor,0.6207
C,impostor,0.7777
C,impostor,1.1139
C,impostor,1.2413
C,impostor,1.1167
C,impostor,1.0256
C,impostor,1.0591
C,impostor,0.8520
C,impostor,0.9920
C,impostor,1.0095
C,impostor,0.9650
C,impostor,1.3654
C,impostor,0.9125
C,impostor,1.1807
C,impostor,0.9812
C,impostor,1.1788
C,impostor,0.9139
C,impostor,0.8948
C,impostor,0.9396
C,impostor,0.8539
C,impostor,0.8019
C,impostor,1.0510
C,impostor,1.0714
C,impostor,0.9301
C,impostor,0.9888
C,impostor,1.2304
C,impostor,0.9672
C,impostor,1.0620
C,impostor,0.9609
C,impostor,1.1520
C,impostor,0.6846
C,impostor,0.8260
C,impostor,0.9775
C,impostor,1.0309
C,impostor,1.1338
C,impostor,1.0949
C,impostor,0.9754
C,impostor,1.0144
C,impostor,1.1558
C,impostor,1.2239
C,impostor,1.1217
C,impostor,0.8735
C,impostor,1.0469
C,impostor,0.8056
C,impostor,0.8090
C,impostor,1.1831
C,impostor,1.0551
C,impostor,0.9587
C,impostor,1.1489
C,impostor,1.0871
C,impostor,1.0573
C,impostor,0.8737
C,impostor,0.8854
C,impostor,0.8032
C,impostor,1.0327
C,impostor,1.1897
C,impostor,0.9895
C,impostor,1.0516
C,impostor,1.0377
C,impostor,0.8986
C,impostor,1.0820
C,impostor,0.9556
C,impostor,1.0599
C,impostor,1.0310
C,impostor,1.2851
C,impostor,0.9485
C,impostor,0.8031
C,impostor,1.1607
C,impostor,1.1224
C,impostor,0.8614
C,impostor,0.7505
C,impostor,1.1787
C,impostor,0.7597
C,impostor,1.3650
C,impostor,0.8211
C,impostor,0.9914
C,impostor,1.1136
C,impostor,0.9288
C,impostor,1.0027
C,impostor,1.0088
C,impostor,0.9088
C,impostor,1.0390
C,impostor,1.1292
C,impostor,1.0701
C,impostor,0.8394
C,impostor,0.9674
C,impostor,1.1635
C,impostor,0.8755
C,impostor,0.9512
C,impostor,1.0181
C,impostor,1.1838
C,impostor,0.9824
C,impostor,0.8926
C,impostor,0.7850
C,impostor,1.1611
C,impostor,1.0996
C,impostor,1.0229
C,impostor,0.9669
C,impostor,0.8468
C,impostor,1.1266
C,impostor,0.9965
C,impostor,0.7877
C,impostor,1.0655
C,impostor,0.9556
C,impostor,0.8694
C,impostor,0.9311
C,impostor,1.2440
C,impostor,0.9491
C,impostor,1.1040
C,impostor,0.7260
C,impostor,1.1394
C,impostor,0.9685
C,impostor,1.1397
C,impostor,0.6225
C,impostor,1.2529
C,impostor,1.0848
C,impostor,0.9526
C,impostor,0.9188
C,impostor,0.7925
C,impostor,0.8370
C,impostor,0.7214
C,impostor,1.1730
C,impostor,0.7360
C,impostor,0.9796
C,impostor,1.0570
C,impostor,1.0153
C,impostor,1.0370
C,impostor,1.0683
C,impostor,1.0446
C,impostor,0.9503
C,impostor,1.0138
C,impostor,1.1689
C,impostor,0.9925
C,impostor,0.9533
C,impostor,0.9999
C,impostor,1.0280
C,impostor,0.9187
C,impostor,1.2803
C,impostor,1.0401
C,impostor,1.0850
C,impostor,1.2033
C,impostor,0.9211
C,impostor,0.8458
C,impostor,1.1705
C,impostor,0.8474
C,impostor,0.8726
C,impostor,0.8142
C,impostor,1.1734
C,impostor,0.9737
C,impostor,1.1090
C,impostor,1.1343
C,impostor,1.1441
C,impostor,0.9847
C,impostor,1.1019
C,impostor,1.1061
C,impostor,0.8637
C,impostor,1.1610
C,impostor,0.8873
C,impostor,0.8775
C,impostor,1.2843
C,impostor,0.9429
C,impostor,1.0780
C,impostor,1.1196
C,impostor,1.1697
C,impostor,0.7136
C,impostor,1.2224
C,impostor,0.9849
C,impostor,1.1543
C,impostor,0.9545
C,impostor,1.2913
C,impostor,1.0528
C,impostor,1.0549
C,impostor,0.8309
C,impostor,0.8431
C,impostor,1.0392
C,impostor,1.0714
C,impostor,0.8267
C,impostor,0.9160
C,impostor,0.8058
C,impostor,1.1417
C,impostor,1.0189
C,impostor,1.0397
C,impostor,0.8415
C,impostor,1.2489
C,impostor,0.9132
C,impostor,1.0173
C,impostor,0.9401
C,impostor,1.0013
C,impostor,0.8480
C,impostor,0.9676
C,impostor,0.9103
C,impostor,1.0521
C,impostor,0.9766
C,impostor,1.0230
C,impostor,1.0489
C,impostor,0.9720
C,impostor,1.0057
C,impostor,0.9985
C,impostor,0.8823
C,impostor,1.1005
C,impostor,1.2483
C,impostor,1.2553
C,impostor,0.7195
C,impostor,0.7233
C,impostor,0.8470
C,impostor,0.8970
C,impostor,0.8471
C,impostor,1.1736
C,impostor,1.0587
C,impostor,0.7744
C,impostor,0.8589
C,impostor,0.7007
C,impostor,0.7942
C,impostor,1.0796
C,impostor,1.0921
C,impostor,1.1750
C,impostor,1.0504
C,impostor,1.1683
C,impostor,1.0556
C,impostor,1.0114
C,impostor,0.8043
C,impostor,0.7880
C,impostor,0.9563
C,impostor,1.1483
C,impostor,0.8188
C,impostor,0.9621
C,impostor,0.7083
C,impostor,1.0644
C,impostor,0.8791
C,impostor,1.1529
C,impostor,0.9566
C,impostor,1.0105
C,impostor,0.6585
C,impostor,0.6919
C,impostor,0.9148
C,impostor,1.0217
C,impostor,0.9703
C,impostor,1.1202
C,impostor,0.9740
C,impostor,1.0690
C,impostor,0.9945
C,impostor,1.2430
C,impostor,1.0103
C,impostor,1.1561
C,impostor,0.8884
C,impostor,0.8969
C,impostor,1.0147
C,impostor,1.0542
C,impostor,1.0747
C,impostor,1.2642
C,impostor,1.0790
C,impostor,1.0753
C,impostor,0.9829
C,impostor,1.2005
C,impostor,0.6599
C,impostor,1.0244
C,impostor,0.8224
C,impostor,1.0630
C,impostor,1.2026
C,impostor,0.9536
C,impostor,0.9115
C,impostor,0.8067
C,impostor,0.9636
C,impostor,1.0307
C,impostor,1.1340
C,impostor,0.9264
C,impostor,1.0360
C,impostor,1.3432
C,impostor,1.0326
C,impostor,0.7754
C,impostor,0.9813
C,impostor,1.2372
C,impostor,1.2018
C,impostor,0.6753
C,impostor,0.8639
C,impostor,1.0517
C,impostor,1.0562
C,impostor,0.8180
C,impostor,1.1264
C,impostor,1.1358
C,impostor,1.0199
C,impostor,1.1278
C,impostor,0.8879
C,impostor,1.1544
C,impostor,0.9890
C,impostor,1.1783
C,impostor,0.9564
C,impostor,1.2252
C,impostor,1.0015
C,impostor,0.9506
C,impostor,0.9625
C,impostor,0.9595
C,impostor,0.7522
C,impostor,1.0658
C,impostor,1.2791
C,impostor,0.9376
C,impostor,1.0336
C,impostor,1.3585
C,impostor,1.0422
C,impostor,1.0195
C,impostor,1.0343
C,impostor,0.9593
C,impostor,1.0756
C,impostor,1.1817
C,impostor,0.9080
C,impostor,0.8445
C,impostor,0.9441
C,impostor,1.1583
C,impostor,1.1428
C,impostor,1.0098
C,impostor,1.0249
C,impostor,1.1151
C,impostor,0.9819
C,impostor,1.0051
C,impostor,1.1703
C,impostor,1.1183
C,impostor,1.1417
C,impostor,1.2237
C,impostor,1.0339
C,impostor,0.9811
C,impostor,0.8070
C,impostor,0.9782
C,impostor,0.7812
C,impostor,1.0118
C,impostor,1.2423
C,impostor,0.8155
C,impostor,1.1186
C,impostor,1.0389
C,impostor,1.1459
C,impostor,0.9118
C,impostor,1.2059
C,impostor,0.9468
C,impostor,0.8741
C,impostor,0.8919
C,impostor,1.0752
C,impostor,1.1663
C,impostor,0.6900
C,impostor,0.8543
C,impostor,1.0977
C,impostor,0.8940
C,impostor,1.0420
C,impostor,0.7681
C,impostor,0.9397
C,impostor,1.0320
C,impostor,1.0117
C,impostor,1.0376
C,impostor,0.9335
C,impostor,1.1649
C,impostor,0.7426
C,impostor,0.9190
C,impostor,0.8812
C,impostor,0.7929
C,impostor,0.9368
C,impostor,0.9726
C,impostor,0.7912
C,impostor,1.1981
C,impostor,0.9690
C,impostor,1.1270
C,impostor,1.4174
C,impostor,1.2554
C,impostor,1.2259
C,impostor,0.9252
C,impostor,0.9956
C,impostor,1.2346
C,impostor,0.9274
C,impostor,1.0650
C,impostor,0.6743
C,impostor,0.7916
C,impostor,0.7060
C,impostor,0.8317
C,impostor,1.1113
C,impostor,0.9664
C,impostor,0.8802
C,impostor,0.9646
C,impostor,0.9213
C,impostor,1.1559
C,impostor,0.9197
C,impostor,1.0323
C,impostor,0.9112
C,impostor,0.9151
C,impostor,0.9609
C,impostor,1.1978
C,impostor,0.7391
C,impostor,1.0443
C,impostor,1.0654
C,impostor,0.8768
C,impostor,1.0774
C,impostor,1.1806
C,impostor,1.1129
C,impostor,1.0285
C,impostor,1.1524
C,impostor,1.2016
C,impostor,0.9142
C,impostor,0.9318
C,impostor,1.0390
C,impostor,1.1776
C,impostor,1.2588
C,impostor,1.0477
C,impostor,1.0194
C,impostor,1.0271
C,impostor,0.8488
C,impostor,1.1577
C,impostor,0.8393
C,impostor,0.9838
C,impostor,1.2273
C,impostor,1.0159
C,impostor,0.8884
C,impostor,1.0131
C,impostor,1.0216
C,impostor,0.9153
C,impostor,0.7526
C,impostor,0.9231
C,impostor,0.9102
C,impostor,1.1012
C,impostor,0.9917
C,impostor,1.1484
C,impostor,0.9526
C,impostor,0.8557
C,impostor,0.9894
C,impostor,0.9867
C,impostor,1.1095
C,impostor,1.2128
C,impostor,0.9388
C,impostor,1.0097
C,impostor,1.1189
C,impostor,1.0860
C,impostor,1.2053
C,impostor,1.1131
C,impostor,0.7798
C,impostor,0.9905
C,impostor,0.9540
C,impostor,0.9091
C,impostor,0.8409
C,impostor,1.2411
C,impostor,1.0088
C,impostor,1.1174
C,impostor,0.9400
C,impostor,1.0375
C,impostor,1.0300
C,impostor,1.1776
C,impostor,0.9493
C,impostor,0.9547
C,impostor,0.8057
C,impostor,0.8947
C,impostor,0.9476
C,impostor,1.1370
C,impostor,1.0750
C,impostor,1.2416
C,impostor,1.0778
C,impostor,1.2853
C,impostor,0.9136
C,impostor,0.9297
C,impostor,0.9463
C,impostor,0.9950
C,impostor,0.6895
C,impostor,1.0049
C,impostor,1.1545
C,impostor,1.0014
C,impostor,0.9330
C,impostor,1.0486
C,impostor,0.9810
C,impostor,1.0751
C,impostor,0.9309
C,impostor,0.9866
C,impostor,1.2865
C,impostor,0.9995
C,impostor,1.1229
C,impostor,1.0640
C,impostor,1.0251
C,impostor,1.2362
C,impostor,1.0654
C,impostor,1.1907
C,impostor,1.1511
C,impostor,1.1195
C,impostor,0.9404
C,impostor,0.7020
C,impostor,0.9888
C,impostor,1.0875
C,impostor,1.1213
C,impostor,0.7420
C,impostor,0.8873
C,impostor,1.1545
C,impostor,1.0131
C,impostor,1.1209
C,impostor,0.8468
C,impostor,1.0998
C,impostor,0.8379
C,impostor,1.0547
C,impostor,1.1002
C,impostor,0.9239
C,impostor,1.0123
C,impostor,0.8386
C,impostor,0.9886
C,impostor,0.9411
C,impostor,1.0508
C,impostor,1.0920
C,impostor,0.9397
C,impostor,0.6175
C,impostor,1.2249
C,impostor,1.1273
C,impostor,1.0981
C,impostor,0.8705
C,impostor,1.0853
C,impostor,0.9857
C,impostor,1.2443
C,impostor,0.9142
C,impostor,1.2526
C,impostor,1.0034
C,impostor,0.8300
C,impostor,1.0877
C,impostor,1.2082
C,impostor,1.2685
C,impostor,1.1677
C,impostor,0.8900
C,impostor,0.8026
C,impostor,0.8004
C,impostor,1.1581
C,impostor,0.6970
C,impostor,1.0284
C,impostor,1.0359
C,impostor,0.9096
C,impostor,0.8278
C,impostor,1.0915
C,impostor,0.7469
C,impostor,0.8765
C,impostor,0.9979
C,impostor,0.6585
C,impostor,1.1165
C,impostor,1.0347
C,impostor,1.1250
C,impostor,1.0058
C,impostor,1.2145
C,impostor,1.0278
C,impostor,1.0991
C,impostor,0.9690
C,impostor,0.9234
C,impostor,1.0378
C,impostor,1.1316
C,impostor,1.1166
C,impostor,0.9193
C,impostor,1.0128
C,impostor,0.8833
C,impostor,1.1445
C,impostor,1.4948
C,impostor,1.0822
C,impostor,0.8683
C,impostor,0.9741
C,impostor,1.1381
C,impostor,0.9263
C,impostor,0.9650
C,impostor,0.8100
C,impostor,1.0800
C,impostor,1.0068
C,impostor,1.2086
C,impostor,0.8986
C,impostor,1.0992
C,impostor,1.0491
C,impostor,0.8776
C,impostor,1.0648
C,impostor,1.0254
C,impostor,1.1818
C,impostor,0.9027
C,impostor,1.0466
C,impostor,0.9968
C,impostor,0.8829
C,impostor,1.1938
C,impostor,0.8964
C,impostor,1.1693
C,impostor,0.6950
C,impostor,0.7567
C,impostor,0.9920
C,impostor,1.0517
C,impostor,0.9716
C,impostor,1.2199
C,impostor,0.9847
C,impostor,1.0219
C,impostor,1.0386
C,impostor,0.9374
C,impostor,0.8241
C,impostor,1.0484
C,impostor,1.0414
C,impostor,0.9168
C,impostor,1.0181
C,impostor,0.9013
C,impostor,0.9203
C,impostor,1.2015
C,impostor,0.7899
C,impostor,0.6473
C,impostor,0.8762
C,impostor,0.9929
C,impostor,1.0403
C,impostor,1.1269
C,impostor,0.7678
C,impostor,0.8159
C,impostor,0.9404
C,impostor,0.8281
C,impostor,0.9753
C,impostor,1.1768
C,impostor,1.1420
C,impostor,1.0593
C,impostor,1.2289
C,impostor,0.9536
C,impostor,0.8304
C,impostor,1.1436
C,impostor,1.1487
C,impostor,1.0238
C,impostor,1.0105
C,impostor,1.2471
C,impostor,1.2266
C,impostor,0.7783
C,impostor,1.0668
C,impostor,0.9599
C,impostor,1.1033
C,impostor,0.8055
C,impostor,1.3039
C,impostor,0.9014
C,impostor,1.1319
C,impostor,1.2195
C,impostor,0.9875
C,impostor,0.9804
C,impostor,0.9803
C,impostor,1.0542
C,impostor,0.9096
C,impostor,1.2682
C,impostor,1.2015
C,impostor,1.1371
C,impostor,1.1050
C,impostor,0.9737
C,impostor,0.7579
C,impostor,0.7948
C,impostor,0.9851
C,impostor,1.1079
C,impostor,1.0436
C,impostor,1.1396
C,impostor,0.8198
C,impostor,1.1189
C,impostor,1.0022
C,impostor,1.0822
C,impostor,0.9151
C,impostor,0.8926
C,impostor,1.0142
C,impostor,1.1145
C,impostor,0.8905
C,impostor,1.1376
C,impostor,0.8352
C,impostor,1.0582
C,impostor,0.9271
C,impostor,0.8542
C,impostor,1.2099
C,impostor,1.0869
C,impostor,1.1016
C,impostor,1.0128
C,impostor,1.2176
C,impostor,1.0278
C,impostor,0.8677
C,impostor,0.7546
C,impostor,0.9333
C,impostor,1.1196
C,impostor,1.0376
C,impostor,0.7437
C,impostor,0.8631
C,impostor,0.8304
C,impostor,1.0105
C,impostor,1.1819
C,impostor,0.8923
C,impostor,1.2285
C,impostor,0.9347
C,impostor,0.9851
C,impostor,1.0955
C,impostor,1.1151
C,impostor,0.8347
C,impostor,1.1065
C,impostor,0.8899
C,impostor,0.9507
C,impostor,0.6557
C,impostor,0.9612
C,impostor,1.0671
C,impostor,0.7270
C,impostor,1.1568
C,impostor,1.0908
C,impostor,1.0649
C,impostor,0.9837
C,impostor,0.8161
C,impostor,1.0997
C,impostor,0.7621
C,impostor,0.8181
C,impostor,0.9098
C,impostor,0.9171
C,impostor,0.6107
C,impostor,1.1157
C,impostor,1.0858
C,impostor,1.1275
C,impostor,0.9762
C,impostor,0.8853
C,impostor,0.8933
C,impostor,0.9795
C,impostor,1.1376
C,impostor,1.1251
C,impostor,1.2838
C,impostor,1.1735
C,impostor,0.7622
C,impostor,1.1043
C,impostor,1.0610
C,impostor,0.9889
C,impostor,1.0751
C,impostor,0.7676
C,impostor,1.0810
C,impostor,1.2999
C,impostor,1.0743
C,impostor,0.8459
C,impostor,0.8554
C,impostor,0.8799
C,impostor,0.8880
C,impostor,1.0480
C,impostor,1.1773
C,impostor,0.9611
C,impostor,1.2191
C,impostor,1.0845
C,impostor,1.2672
C,impostor,1.0268
C,impostor,1.1394
C,impostor,0.8109
C,impostor,0.9295
C,impostor,0.7900
C,impostor,1.0206
C,impostor,1.1182
C,impostor,0.9221
C,impostor,1.0479
C,impostor,1.1100
C,impostor,0.9900
C,impostor,0.9916
C,impostor,0.8594
C,impostor,0.9510
C,impostor,1.1237
C,impostor,0.9560
C,impostor,0.8007
C,impostor,1.0646
C,impostor,0.8764
C,impostor,0.9654
C,impostor,1.2406
C,impostor,1.0353
C,impostor,1.0637
C,impostor,0.7589
C,impostor,0.8350
C,impostor,1.2497
C,impostor,1.1884
C,impostor,1.0830
C,impostor,1.0460
C,impostor,1.1332
C,impostor,0.8197
C,impostor,0.9988
C,impostor,1.1132
C,impostor,0.8733
C,impostor,0.8629
C,impostor,0.7962
C,impostor,1.1554
C,impostor,1.1600
C,impostor,1.3580
C,impostor,0.8971
C,impostor,1.1180
C,impostor,0.7988
C,impostor,1.0433
C,impostor,0.9850
C,impostor,0.9240
C,impostor,0.9656
C,impostor,1.0519
C,impostor,1.1840
C,impostor,1.0036
C,impostor,1.0649
C,impostor,0.9708
C,impostor,0.9669
C,impostor,0.9885
C,impostor,1.1805
C,impostor,0.9589
C,impostor,0.9588
C,impostor,1.1993
C,impostor,1.3674
C,impostor,1.0810
C,impostor,1.2554
C,impostor,1.3511
C,impostor,1.0776
C,impostor,1.0681
C,impostor,0.8993
C,impostor,0.8630
C,impostor,0.8337
C,impostor,1.0265
C,impostor,1.0879
C,impostor,1.1201
C,impostor,1.2455
C,impostor,0.8383
C,impostor,0.9344
C,impostor,0.9607
C,impostor,0.8781
C,impostor,1.1646
C,impostor,0.8708
C,impostor,1.1088
C,impostor,0.7592
C,impostor,0.9652
C,impostor,0.9879
C,impostor,1.0713
C,impostor,1.0247
C,impostor,0.8061
C,impostor,0.9407
C,impostor,1.0111
C,impostor,0.8650
C,impostor,1.1020
C,impostor,1.1051
C,impostor,0.9974
C,impostor,0.9912
C,impostor,0.8779
C,impostor,1.1509
C,impostor,1.2010
C,impostor,0.8478
C,impostor,1.0854
C,impostor,0.9702
C,impostor,1.0927
C,impostor,0.7991
C,impostor,0.9908
C,impostor,1.0351
C,impostor,0.8306
C,impostor,0.7717
C,impostor,1.0264
C,impostor,1.1538
C,impostor,1.1108
C,impostor,0.8339
C,impostor,0.8954
C,impostor,1.2435
C,impostor,0.8950
C,impostor,1.1308
C,impostor,1.1323
C,impostor,1.2067
C,impostor,0.8126
C,impostor,0.9376
C,impostor,1.0468
C,impostor,1.1710
C,impostor,1.0179
C,impostor,1.0336
C,impostor,1.2440
C,impostor,0.7718
C,impostor,1.1913
C,impostor,0.8684
C,impostor,0.8396
C,impostor,1.2000
C,impostor,1.1162
C,impostor,1.0401
C,impostor,0.9233
C,impostor,0.9062
C,impostor,0.9619
C,impostor,0.8432
C,impostor,1.0442
C,impostor,1.2665
C,impostor,1.0183
C,impostor,0.8949
C,impostor,1.1822
C,impostor,1.0375
C,impostor,0.8578
C,impostor,1.1207
C,impostor,0.8520
C,impostor,0.9548
C,impostor,0.9937
C,impostor,1.1915
C,impostor,1.1589
C,impostor,1.1463
C,impostor,1.1690
C,impostor,0.8506
C,impostor,0.9321
C,impostor,0.7582
C,impostor,1.2449
C,impostor,1.0404
C,impostor,0.9530
C,impostor,0.7043
C,impostor,1.0115
C,impostor,1.2739
C,impostor,1.1249
C,impostor,1.1621
C,impostor,1.1827
C,impostor,1.2012
C,impostor,1.0868
C,impostor,1.1531
C,impostor,1.0903
C,impostor,1.2074
C,impostor,0.8972
C,impostor,0.7416
C,impostor,0.9797
C,impostor,1.1637
C,impostor,0.9286
C,impostor,0.9845
C,impostor,1.1741
C,impostor,1.1146
C,impostor,1.0950
C,impostor,0.8928
C,impostor,0.8676
C,impostor,1.0285
C,impostor,1.0006
C,impostor,0.8538
C,impostor,0.9403
C,impostor,1.0879
C,impostor,0.9100
C,impostor,1.2104
C,impostor,1.2995
C,impostor,1.1040
C,impostor,1.1127
C,impostor,1.3344
C,impostor,1.0346
C,impostor,0.9050
C,impostor,1.1220
C,impostor,0.8916
C,impostor,1.0370
C,impostor,0.7824
C,impostor,0.9076
C,impostor,0.9117
C,impostor,0.9978
C,impostor,1.1183
C,impostor,1.1003
C,impostor,1.0377
C,impostor,0.8890
C,impostor,1.0038
C,impostor,1.1358
C,impostor,0.9521
C,impostor,1.0819
C,impostor,0.9242
C,impostor,0.9783
C,impostor,0.9155
C,impostor,0.9563
C,impostor,0.8680
C,impostor,0.7796
C,impostor,1.0695
C,impostor,1.0706
C,impostor,0.8856
C,impostor,0.9379
C,impostor,1.2317
C,impostor,0.9790
C,impostor,0.9592
C,impostor,0.9852
C,impostor,0.9057
C,impostor,1.1116
C,impostor,0.9388
C,impostor,0.6667
C,impostor,1.0943
C,impostor,0.9532
C,impostor,1.2309
C,impostor,1.0299
C,impostor,0.8175
C,impostor,0.9315
C,impostor,1.1609
C,impostor,1.0319
C,impostor,1.2278
C,impostor,0.8443
C,impostor,1.0018
C,impostor,0.9453
C,impostor,0.7274
C,impostor,0.9822
C,impostor,0.9805
C,impostor,1.0391
C,impostor,1.1870
C,impostor,1.2580
C,impostor,0.8206
C,impostor,0.8697
C,impostor,0.6479
C,impostor,0.6445
C,impostor,0.9228
C,impostor,1.3939
C,impostor,0.8202
C,impostor,1.0805
C,impostor,0.8434
C,impostor,0.9495
C,impostor,0.8742
C,impostor,0.8605
C,impostor,0.9464
C,impostor,1.3054
C,impostor,1.1363
C,impostor,0.6835
C,impostor,1.0605
C,impostor,0.9044
C,impostor,0.8326
C,impostor,1.0728
C,impostor,0.9689
C,impostor,1.0325
C,impostor,1.1866
C,impostor,0.9450
C,impostor,0.7708
C,impostor,0.9503
C,impostor,1.2896
C,impostor,1.1160
C,impostor,0.9230
C,impostor,1.0398
C,impostor,1.0345
C,impostor,0.8815
C,impostor,0.8946
C,impostor,0.9650
C,impostor,1.1745
C,impostor,1.0892
C,impostor,1.1605
C,impostor,0.9102
C,impostor,0.8704
C,impostor,1.1136
C,impostor,0.9971
C,impostor,1.0599
C,impostor,1.0208
C,impostor,1.0812
C,impostor,1.1209
C,impostor,0.7606
C,impostor,1.0235
C,impostor,1.0667
C,impostor,0.8456
C,impostor,1.0229
C,impostor,0.9578
C,impostor,0.9776
C,impostor,0.9472
C,impostor,1.1812
C,impostor,0.8539
C,impostor,1.0917
C,impostor,0.8357
C,impostor,0.7800
C,impostor,0.9174
C,impostor,0.7774
C,impostor,1.1331
C,impostor,1.1841
C,impostor,0.7277
C,impostor,0.9025
C,impostor,0.9513
C,impostor,0.9481
C,impostor,0.9639
C,impostor,1.0164
C,impostor,0.8391
C,impostor,1.0072
C,impostor,0.9697
C,impostor,1.2286
C,impostor,0.9233
C,impostor,0.9007
C,impostor,1.1057
C,impostor,0.9714
C,impostor,0.7007
C,impostor,0.9446
C,impostor,1.0560
C,impostor,1.2124
C,impostor,0.9925
C,impostor,1.1196
C,impostor,0.8841
C,impostor,1.2484
C,impostor,1.1739
C,impostor,0.9965
C,impostor,1.0407
C,impostor,1.1392
C,impostor,1.0161
C,impostor,0.9972
C,impostor,0.9478
C,impostor,0.9432
C,impostor,0.7955
C,impostor,1.1641
C,impostor,1.1395
C,impostor,0.8482
C,impostor,0.9473
C,impostor,1.2509
C,impostor,1.0508
C,impostor,0.9210
C,impostor,1.0566
C,impostor,1.2397
C,impostor,0.8470
C,impostor,1.1811
C,impostor,0.8249
C,impostor,1.2827
C,impostor,0.9655
C,impostor,1.0397
C,impostor,0.9681
C,impostor,0.9620
C,impostor,1.0354
C,impostor,1.0172
C,impostor,0.8206
C,impostor,1.0773
C,impostor,0.9337
C,impostor,1.0535
C,impostor,0.8989
C,impostor,1.1375
C,impostor,1.2330
C,impostor,1.0555
C,impostor,0.6347
C,impostor,0.9122
C,impostor,1.0301
C,impostor,1.1091
C,impostor,1.2181
C,impostor,1.3788
C,impostor,0.9756
C,impostor,0.7858
C,impostor,0.8648
C,impostor,0.9831
C,impostor,1.1509
C,impostor,1.1261
C,impostor,1.1191
C,impostor,0.8242
C,impostor,0.8613
C,impostor,1.0256
C,impostor,0.8992
C,impostor,0.8550
C,impostor,1.0941
C,impostor,0.9698
C,impostor,1.0466
C,impostor,0.9757
C,impostor,1.2236
C,impostor,0.7611
C,impostor,0.8883
C,impostor,0.7718
C,impostor,0.9410
C,impostor,1.1997
C,impostor,1.0266
C,impostor,0.7400
C,impostor,1.0552
C,impostor,1.1051
C,impostor,1.2745
C,impostor,0.6828
C,impostor,1.2028
C,impostor,1.0981
C,impostor,0.9757
C,impostor,0.9486
C,impostor,0.9722
C,impostor,1.0760
C,impostor,0.9708
C,impostor,0.9220
C,impostor,0.9152
C,impostor,0.7715
C,impostor,1.3620
C,impostor,0.9969
C,impostor,0.7353
C,impostor,1.0920
C,impostor,1.2388
C,impostor,1.0322
C,impostor,1.0768
C,impostor,1.0592
C,impostor,1.0197
C,impostor,0.8375
C,impostor,1.1302
C,impostor,0.9254
C,impostor,1.2783
C,impostor,0.8927
C,impostor,0.9693
C,impostor,1.1298
C,impostor,0.9084
C,impostor,1.0594
C,impostor,0.9391
C,impostor,1.0570
C,impostor,0.8039
C,impostor,1.1257
C,impostor,0.9933
C,impostor,1.1002
C,impostor,1.0429
C,impostor,0.9530
C,impostor,1.2505
C,impostor,1.1912
C,impostor,0.7844
C,impostor,0.9744
C,impostor,1.1617
C,impostor,1.2067
C,impostor,1.0636
C,impostor,1.1610
C,impostor,1.0505
C,impostor,1.0298
C,impostor,1.0429
C,impostor,1.0440
C,impostor,1.0971
C,impostor,1.0776
C,impostor,0.8957
C,impostor,0.7406
C,impostor,0.9695
C,impostor,1.2267
C,impostor,1.0478
C,impostor,1.0586
C,impostor,1.1692
C,impostor,0.9785
C,impostor,1.0779
C,impostor,0.9569
C,impostor,1.1250
C,impostor,1.1812
C,impostor,1.0229
C,impostor,1.2616
C,impostor,0.9889
C,impostor,0.9914
C,impostor,1.1432
C,impostor,0.7882
C,impostor,0.8931
C,impostor,0.9529
C,impostor,0.7810
C,impostor,1.0721
C,impostor,0.7562
C,impostor,0.9576
C,impostor,1.1996
C,impostor,0.7971
C,impostor,1.0955
C,impostor,1.0507
C,impostor,0.7882
C,impostor,1.0514
C,impostor,1.0320
C,impostor,1.1734
C,impostor,0.9230
C,impostor,0.8594
C,impostor,0.6706
C,impostor,0.9803
C,impostor,0.7792
C,impostor,0.8470
C,impostor,0.8945
C,impostor,1.1227
C,impostor,1.1558
C,impostor,0.9548
C,impostor,0.8568
C,impostor,1.0255
C,impostor,1.1353
C,impostor,1.1135
C,impostor,0.8599
C,impostor,1.0968
C,impostor,1.0492
C,impostor,0.9611
C,impostor,1.1617
C,impostor,0.9867
C,impostor,1.0858
C,impostor,0.9312
C,impostor,1.1349
C,impostor,1.2104
C,impostor,1.1064
C,impostor,1.0077
C,impostor,0.7259
C,impostor,0.9714
C,impostor,0.9421
C,impostor,0.9589
C,impostor,1.2019
C,impostor,1.0081
C,impostor,0.8208
C,impostor,1.0516
C,impostor,0.8800
C,impostor,0.9020
C,impostor,1.1731
C,impostor,1.0055
C,impostor,0.9127
C,impostor,1.0213
C,impostor,1.0020
C,impostor,1.3812
C,impostor,1.2753
C,impostor,1.1597
C,impostor,0.9414
C,impostor,0.9587
C,impostor,1.1486
C,impostor,0.9887
C,impostor,0.8735
C,impostor,0.7814
C,impostor,1.0684
C,impostor,0.8480
C,impostor,0.9003
C,impostor,1.0787
C,impostor,1.1675
C,impostor,1.2580
C,impostor,1.1321
C,impostor,1.0282
C,impostor,1.0460
C,impostor,0.9203
C,impostor,1.1858
C,impostor,0.9143
C,impostor,0.8159
C,impostor,1.1325
C,impostor,0.8659
C,impostor,0.8346
C,impostor,0.8954
C,impostor,0.9955
C,impostor,1.0083
C,impostor,1.1320
C,impostor,1.0213
C,impostor,1.0851
C,impostor,1.1062
C,impostor,1.1412
C,impostor,1.0748
C,impostor,0.9717
C,impostor,1.0072
C,impostor,1.1621
C,impostor,1.2130
C,impostor,0.9973
C,impostor,1.0617
C,impostor,1.0118
C,impostor,0.8143
C,impostor,0.8534
C,impostor,0.9508
C,impostor,0.8727
C,impostor,0.8816
C,impostor,0.9901
C,impostor,0.9784
C,impostor,0.8873
C,impostor,1.0278
C,impostor,1.0002
C,impostor,0.9098
C,impostor,0.7521
C,impostor,1.2981
C,impostor,1.1206
C,impostor,0.8715
C,impostor,0.7652
C,impostor,1.0300
C,impostor,0.9667
C,impostor,1.0316
C,impostor,1.0875
C,impostor,0.9177
C,impostor,0.8403
C,impostor,1.2028
C,impostor,0.9939
C,impostor,1.0886
C,impostor,0.8648
C,impostor,0.9061
C,impostor,1.0728
C,impostor,1.0902
C,impostor,1.2154
C,impostor,0.7994
C,impostor,0.8493
C,impostor,1.0867
C,impostor,1.1986
C,impostor,1.0634
C,impostor,1.1250
C,impostor,0.9696
C,impostor,1.0481
C,impostor,0.9264
C,impostor,0.9910
C,impostor,0.9462
C,impostor,0.7868
C,impostor,0.8712
C,impostor,1.1495
C,impostor,1.1289
C,impostor,1.0630
C,impostor,0.7210
C,impostor,1.2790
C,impostor,0.7645
C,impostor,0.8623
C,impostor,1.0718
C,impostor,1.1890
C,impostor,1.0209
C,impostor,1.1084
C,impostor,0.5983
C,impostor,0.8844
C,impostor,0.9504
C,impostor,1.0302
C,impostor,0.9884
C,impostor,1.2496
C,impostor,0.9888
C,impostor,0.7932
C,impostor,0.8394
C,impostor,1.2045
C,impostor,1.0526
C,impostor,0.9955
C,impostor,1.0662
C,impostor,0.9570
C,impostor,1.0646
C,impostor,1.1569
C,impostor,1.0056
C,impostor,0.9887
C,impostor,0.9874
C,impostor,1.1134
C,impostor,0.8092
C,impostor,1.1596
C,impostor,0.9517
C,impostor,0.8728
C,impostor,0.9999
C,impostor,0.9782
C,impostor,1.0548
C,impostor,0.6881
C,impostor,0.9656
C,impostor,0.9308
C,impostor,0.9447
C,impostor,1.1418
C,impostor,1.0502
C,impostor,0.9800
C,impostor,0.9455
C,impostor,0.9353
C,impostor,0.9406
C,impostor,1.1120
C,impostor,0.9080
C,impostor,0.9295
C,impostor,0.9172
C,impostor,0.9864
C,impostor,0.8347
C,impostor,0.9774
C,impostor,1.0373
C,impostor,1.1701
